Source,Destination,Start,End,Md5,Source Size,Bytes Transferred,Result,Description
gs://jugnu-canary/profiles/strict-v2-fa1afb7/12190.json,gs://jugnu-canary/profiles/strat1000-ff7b377/12190.json,2026-08-02T23:20:56.410240Z,2026-08-02T23:20:56.410434Z,97ps2qlJjsBoKX/5HvkhGw==,3737,3737,OK,
gs://jugnu-canary/profiles/strict-v2-fa1afb7/12350.json,gs://jugnu-canary/profiles/strat1000-ff7b377/12350.json,2026-08-02T23:20:56.416692Z,2026-08-02T23:20:56.416803Z,3K0v9EbgMs2aEYtsmF42Jw==,4043,4043,OK,
gs://jugnu-canary/profiles/strict-v2-fa1afb7/11130.json,gs://jugnu-canary/profiles/strat1000-ff7b377/11130.json,2026-08-02T23:20:56.417416Z,2026-08-02T23:20:56.417611Z,dk7Rk3c3h/FLpV7UxAjmTA==,2975,2975,OK,
gs://jugnu-canary/profiles/strict-v2-fa1afb7/1310.json,gs://jugnu-canary/profiles/strat1000-ff7b377/1310.json,2026-08-02T23:20:56.418506Z,2026-08-02T23:20:56.418540Z,g2ooB1IELIcGfCNlP2R2pQ==,3247,3247,OK,
gs://jugnu-canary/profiles/strict-v2-fa1afb7/11805.json,gs://jugnu-canary/profiles/strat1000-ff7b377/11805.json,2026-08-02T23:20:56.419638Z,2026-08-02T23:20:56.419731Z,dAtMFRG2YuGMhKI2m7E0XA==,3006,3006,OK,
gs://jugnu-canary/profiles/strict-v2-fa1afb7/12557.json,gs://jugnu-canary/profiles/strat1000-ff7b377/12557.json,2026-08-02T23:20:56.419417Z,2026-08-02T23:20:56.419623Z,B9dvSFsnd9aH8iWBzGCJjQ==,4051,4051,OK,
gs://jugnu-canary/profiles/strict-v2-fa1afb7/12260.json,gs://jugnu-canary/profiles/strat1000-ff7b377/12260.json,2026-08-02T23:20:56.420152Z,2026-08-02T23:20:56.420241Z,WRIvYbvn16YhpAgmCAgvHw==,3009,3009,OK,
gs://jugnu-canary/profiles/strict-v2-fa1afb7/1060.json,gs://jugnu-canary/profiles/strat1000-ff7b377/1060.json,2026-08-02T23:20:56.423852Z,2026-08-02T23:20:56.423914Z,JNdhTXzT05mCm6ioJN2UPQ==,3026,3026,OK,
gs://jugnu-canary/profiles/strict-v2-fa1afb7/10343.json,gs://jugnu-canary/profiles/strat1000-ff7b377/10343.json,2026-08-02T23:20:56.424509Z,2026-08-02T23:20:56.424572Z,uwjn4ahQ7wXuqxqAs3G/KA==,4042,4042,OK,
gs://jugnu-canary/profiles/strict-v2-fa1afb7/10629.json,gs://jugnu-canary/profiles/strat1000-ff7b377/10629.json,2026-08-02T23:20:56.424866Z,2026-08-02T23:20:56.425032Z,yg6eCwwFleYF/salGSKgAg==,3678,3678,OK,
gs://jugnu-canary/profiles/strict-v2-fa1afb7/12525.json,gs://jugnu-canary/profiles/strat1000-ff7b377/12525.json,2026-08-02T23:20:56.431857Z,2026-08-02T23:20:56.431949Z,F4JK667RSu8/jOCtJhfCXA==,3988,3988,OK,
gs://jugnu-canary/profiles/strict-v2-fa1afb7/1165.json,gs://jugnu-canary/profiles/strat1000-ff7b377/1165.json,2026-08-02T23:20:56.431941Z,2026-08-02T23:20:56.431995Z,yyjSHBI2gP4JWgXq2YPj/A==,3300,3300,OK,
gs://jugnu-canary/profiles/strict-v2-fa1afb7/12727.json,gs://jugnu-canary/profiles/strat1000-ff7b377/12727.json,2026-08-02T23:20:56.432258Z,2026-08-02T23:20:56.432335Z,lAZh3nHvupYxUJRig016Qg==,2985,2985,OK,
gs://jugnu-canary/profiles/strict-v2-fa1afb7/1312.json,gs://jugnu-canary/profiles/strat1000-ff7b377/1312.json,2026-08-02T23:20:56.433724Z,2026-08-02T23:20:56.433804Z,InD2RIY01EwGsvYkG8zoiQ==,3036,3036,OK,
gs://jugnu-canary/profiles/strict-v2-fa1afb7/12380.json,gs://jugnu-canary/profiles/strat1000-ff7b377/12380.json,2026-08-02T23:20:56.440862Z,2026-08-02T23:20:56.440909Z,WupDM12AMwX+LRGMpdd0NA==,3959,3959,OK,
gs://jugnu-canary/profiles/strict-v2-fa1afb7/12377.json,gs://jugnu-canary/profiles/strat1000-ff7b377/12377.json,2026-08-02T23:20:56.452316Z,2026-08-02T23:20:56.452383Z,CCO+R3NtG+7ZLMLL+SKftA==,3309,3309,OK,
gs://jugnu-canary/profiles/strict-v2-fa1afb7/13305.json,gs://jugnu-canary/profiles/strat1000-ff7b377/13305.json,2026-08-02T23:20:56.537851Z,2026-08-02T23:20:56.538026Z,PoED2AhuXc2QWcFtvAH5Qg==,3007,3007,OK,
gs://jugnu-canary/profiles/strict-v2-fa1afb7/1340.json,gs://jugnu-canary/profiles/strat1000-ff7b377/1340.json,2026-08-02T23:20:56.539488Z,2026-08-02T23:20:56.539522Z,GVb2b/Jqs2P4YJ/l0KX/fw==,3021,3021,OK,
gs://jugnu-canary/profiles/strict-v2-fa1afb7/13736.json,gs://jugnu-canary/profiles/strat1000-ff7b377/13736.json,2026-08-02T23:20:56.616814Z,2026-08-02T23:20:56.616965Z,W8A0ueVIE/ixXMundis37w==,3075,3075,OK,
gs://jugnu-canary/profiles/strict-v2-fa1afb7/13756.json,gs://jugnu-canary/profiles/strat1000-ff7b377/13756.json,2026-08-02T23:20:56.684237Z,2026-08-02T23:20:56.684330Z,8UcZFUAdHsZVOwCO5ozHbA==,3002,3002,OK,
gs://jugnu-canary/profiles/strict-v2-fa1afb7/14155.json,gs://jugnu-canary/profiles/strat1000-ff7b377/14155.json,2026-08-02T23:20:56.797199Z,2026-08-02T23:20:56.797461Z,kcckVn+mbG0ym2kjAJ0opQ==,3098,3098,OK,
gs://jugnu-canary/profiles/strict-v2-fa1afb7/14062.json,gs://jugnu-canary/profiles/strat1000-ff7b377/14062.json,2026-08-02T23:20:56.814053Z,2026-08-02T23:20:56.814155Z,69eUpko3Zs96xJI1/BxxpA==,3073,3073,OK,
gs://jugnu-canary/profiles/strict-v2-fa1afb7/14314.json,gs://jugnu-canary/profiles/strat1000-ff7b377/14314.json,2026-08-02T23:20:56.878914Z,2026-08-02T23:20:56.879000Z,heai2eOPcRUg1sf1qYeBjg==,4119,4119,OK,
gs://jugnu-canary/profiles/strict-v2-fa1afb7/14332.json,gs://jugnu-canary/profiles/strat1000-ff7b377/14332.json,2026-08-02T23:20:56.981208Z,2026-08-02T23:20:56.981386Z,1whwTlN073UL2vUEUi7nQQ==,3701,3701,OK,
gs://jugnu-canary/profiles/strict-v2-fa1afb7/14336.json,gs://jugnu-canary/profiles/strat1000-ff7b377/14336.json,2026-08-02T23:20:57.007804Z,2026-08-02T23:20:57.007974Z,U661Wk1RMa8VrPZCNThs/w==,3018,3018,OK,
gs://jugnu-canary/profiles/strict-v2-fa1afb7/14338.json,gs://jugnu-canary/profiles/strat1000-ff7b377/14338.json,2026-08-02T23:20:57.083341Z,2026-08-02T23:20:57.083443Z,RWVz9ivFt6ZPYGdRiQ5o+g==,3050,3050,OK,
gs://jugnu-canary/profiles/strict-v2-fa1afb7/14524.json,gs://jugnu-canary/profiles/strat1000-ff7b377/14524.json,2026-08-02T23:20:57.169343Z,2026-08-02T23:20:57.169459Z,ocFy6bo8NMbuXqPzGEuegg==,3024,3024,OK,
gs://jugnu-canary/profiles/strict-v2-fa1afb7/14538.json,gs://jugnu-canary/profiles/strat1000-ff7b377/14538.json,2026-08-02T23:20:57.266811Z,2026-08-02T23:20:57.267025Z,XGcZXxKomBoGUiHpWsWotA==,3081,3081,OK,
gs://jugnu-canary/profiles/strict-v2-fa1afb7/14581.json,gs://jugnu-canary/profiles/strat1000-ff7b377/14581.json,2026-08-02T23:20:57.305676Z,2026-08-02T23:20:57.305768Z,vvs488nk+go/d2C3ecqGhg==,2983,2983,OK,
gs://jugnu-canary/profiles/strict-v2-fa1afb7/14596.json,gs://jugnu-canary/profiles/strat1000-ff7b377/14596.json,2026-08-02T23:20:57.380813Z,2026-08-02T23:20:57.380904Z,D0ZcbnT6gq8vGzuR1+EqFw==,3017,3017,OK,
gs://jugnu-canary/profiles/strict-v2-fa1afb7/147.json,gs://jugnu-canary/profiles/strat1000-ff7b377/147.json,2026-08-02T23:20:57.459090Z,2026-08-02T23:20:57.459226Z,MCaHFrrhL54ZS7PZ593gTw==,3052,3052,OK,
gs://jugnu-canary/profiles/strict-v2-fa1afb7/14907.json,gs://jugnu-canary/profiles/strat1000-ff7b377/14907.json,2026-08-02T23:20:57.505663Z,2026-08-02T23:20:57.505751Z,f9iiTVeantwVnfQNszFv3g==,3009,3009,OK,
gs://jugnu-canary/profiles/strict-v2-fa1afb7/14934.json,gs://jugnu-canary/profiles/strat1000-ff7b377/14934.json,2026-08-02T23:20:57.615764Z,2026-08-02T23:20:57.615946Z,o0zKiG7EOvKzEjRhvLxYKA==,3061,3061,OK,
gs://jugnu-canary/profiles/strict-v2-fa1afb7/14945.json,gs://jugnu-canary/profiles/strat1000-ff7b377/14945.json,2026-08-02T23:20:57.642546Z,2026-08-02T23:20:57.642667Z,SN8EtXCQsqgmSyHQdoNXyA==,3028,3028,OK,
gs://jugnu-canary/profiles/strict-v2-fa1afb7/15064.json,gs://jugnu-canary/profiles/strat1000-ff7b377/15064.json,2026-08-02T23:20:57.710867Z,2026-08-02T23:20:57.710958Z,KTIbOsiGtfhR2L0VbXkqGw==,3094,3094,OK,
gs://jugnu-canary/profiles/strict-v2-fa1afb7/15332.json,gs://jugnu-canary/profiles/strat1000-ff7b377/15332.json,2026-08-02T23:20:57.799114Z,2026-08-02T23:20:57.799272Z,zrmOnUJmwNaDb9M/nj+ltg==,3286,3286,OK,
gs://jugnu-canary/profiles/strict-v2-fa1afb7/15541.json,gs://jugnu-canary/profiles/strat1000-ff7b377/15541.json,2026-08-02T23:20:57.816324Z,2026-08-02T23:20:57.816421Z,DoGEzSMIfK8EZTAohR1llg==,3763,3763,OK,
gs://jugnu-canary/profiles/strict-v2-fa1afb7/16078.json,gs://jugnu-canary/profiles/strat1000-ff7b377/16078.json,2026-08-02T23:20:57.916538Z,2026-08-02T23:20:57.916641Z,oR+lLOCMtlAV4MuMoENJrQ==,3090,3090,OK,
gs://jugnu-canary/profiles/strict-v2-fa1afb7/16198.json,gs://jugnu-canary/profiles/strat1000-ff7b377/16198.json,2026-08-02T23:20:57.926590Z,2026-08-02T23:20:57.926672Z,AkdKwBmRIX2yqK0m4yLlHA==,3009,3009,OK,
gs://jugnu-canary/profiles/strict-v2-fa1afb7/16953.json,gs://jugnu-canary/profiles/strat1000-ff7b377/16953.json,2026-08-02T23:20:58.012830Z,2026-08-02T23:20:58.012922Z,UGT4NOODBeKtofphgMuAwA==,3021,3021,OK,
gs://jugnu-canary/profiles/strict-v2-fa1afb7/16961.json,gs://jugnu-canary/profiles/strat1000-ff7b377/16961.json,2026-08-02T23:20:58.126644Z,2026-08-02T23:20:58.126841Z,TZK6tejjt4NNnbrmls+Sxw==,3008,3008,OK,
gs://jugnu-canary/profiles/strict-v2-fa1afb7/17329.json,gs://jugnu-canary/profiles/strat1000-ff7b377/17329.json,2026-08-02T23:20:58.198393Z,2026-08-02T23:20:58.198990Z,Hrj5Ca3/S2UDMhSnmfjDkA==,3028,3028,OK,
gs://jugnu-canary/profiles/strict-v2-fa1afb7/17362.json,gs://jugnu-canary/profiles/strat1000-ff7b377/17362.json,2026-08-02T23:20:58.205475Z,2026-08-02T23:20:58.205566Z,34z9Yi3rWL5JOrlgQ37YKQ==,3056,3056,OK,
gs://jugnu-canary/profiles/strict-v2-fa1afb7/1740.json,gs://jugnu-canary/profiles/strat1000-ff7b377/1740.json,2026-08-02T23:20:58.269977Z,2026-08-02T23:20:58.270126Z,zvRr3WcZUYhgkqRcPSXC2A==,3272,3272,OK,
gs://jugnu-canary/profiles/strict-v2-fa1afb7/1783.json,gs://jugnu-canary/profiles/strat1000-ff7b377/1783.json,2026-08-02T23:20:58.346881Z,2026-08-02T23:20:58.346974Z,G/ObO3BrD3qNLWfJ9OIUVQ==,4029,4029,OK,
gs://jugnu-canary/profiles/strict-v2-fa1afb7/19357.json,gs://jugnu-canary/profiles/strat1000-ff7b377/19357.json,2026-08-02T23:20:58.437403Z,2026-08-02T23:20:58.437491Z,p3fgXyNG7Lk0k5z7wWXhNQ==,3211,3211,OK,
gs://jugnu-canary/profiles/strict-v2-fa1afb7/19396.json,gs://jugnu-canary/profiles/strat1000-ff7b377/19396.json,2026-08-02T23:20:58.509607Z,2026-08-02T23:20:58.509711Z,iqwNYrjhGLREjYWH+rx8YQ==,3091,3091,OK,
gs://jugnu-canary/profiles/strict-v2-fa1afb7/19535.json,gs://jugnu-canary/profiles/strat1000-ff7b377/19535.json,2026-08-02T23:20:58.559899Z,2026-08-02T23:20:58.559998Z,l7LlPdIj7yRkFWsIw7wS3Q==,3005,3005,OK,
gs://jugnu-canary/profiles/strict-v2-fa1afb7/1973.json,gs://jugnu-canary/profiles/strat1000-ff7b377/1973.json,2026-08-02T23:20:58.667520Z,2026-08-02T23:20:58.667796Z,az3ibkK7tdhpcaF/nH7vnw==,3058,3058,OK,
gs://jugnu-canary/profiles/strict-v2-fa1afb7/19924.json,gs://jugnu-canary/profiles/strat1000-ff7b377/19924.json,2026-08-02T23:20:58.733726Z,2026-08-02T23:20:58.733831Z,onkC+ggykmWy9D6NCi29nQ==,3060,3060,OK,
gs://jugnu-canary/profiles/strict-v2-fa1afb7/19940.json,gs://jugnu-canary/profiles/strat1000-ff7b377/19940.json,2026-08-02T23:20:58.837340Z,2026-08-02T23:20:58.837431Z,JaXujixb6Kx0jim5S/TVQQ==,3008,3008,OK,
gs://jugnu-canary/profiles/strict-v2-fa1afb7/20349.json,gs://jugnu-canary/profiles/strat1000-ff7b377/20349.json,2026-08-02T23:20:58.853085Z,2026-08-02T23:20:58.853152Z,SulkDF2N8L153lOpCp2cEw==,3035,3035,OK,
gs://jugnu-canary/profiles/strict-v2-fa1afb7/20977.json,gs://jugnu-canary/profiles/strat1000-ff7b377/20977.json,2026-08-02T23:20:58.924119Z,2026-08-02T23:20:58.924292Z,ExKxOudhHCJDX8tYkwOURw==,3305,3305,OK,
gs://jugnu-canary/profiles/strict-v2-fa1afb7/21199.json,gs://jugnu-canary/profiles/strat1000-ff7b377/21199.json,2026-08-02T23:20:58.986730Z,2026-08-02T23:20:58.986835Z,mdWssA6x5jv9HGNLGVZ/PQ==,3742,3742,OK,
gs://jugnu-canary/profiles/strict-v2-fa1afb7/217511.json,gs://jugnu-canary/profiles/strat1000-ff7b377/217511.json,2026-08-02T23:20:59.076400Z,2026-08-02T23:20:59.076514Z,jQQidi7AndU0zKy3+Nu3Fg==,4038,4038,OK,
gs://jugnu-canary/profiles/strict-v2-fa1afb7/217956.json,gs://jugnu-canary/profiles/strat1000-ff7b377/217956.json,2026-08-02T23:20:59.137075Z,2026-08-02T23:20:59.137168Z,rD0Ybha/ifzTjHJ14JY8OA==,3026,3026,OK,
gs://jugnu-canary/profiles/strict-v2-fa1afb7/218296.json,gs://jugnu-canary/profiles/strat1000-ff7b377/218296.json,2026-08-02T23:20:59.198709Z,2026-08-02T23:20:59.198874Z,B4lXG7LF965MtCcd/FM8sA==,4035,4035,OK,
gs://jugnu-canary/profiles/strict-v2-fa1afb7/218359.json,gs://jugnu-canary/profiles/strat1000-ff7b377/218359.json,2026-08-02T23:20:59.231073Z,2026-08-02T23:20:59.231140Z,SpsSKViMaEeMe3t/BJXjTA==,3867,3867,OK,
gs://jugnu-canary/profiles/strict-v2-fa1afb7/218580.json,gs://jugnu-canary/profiles/strat1000-ff7b377/218580.json,2026-08-02T23:20:59.277688Z,2026-08-02T23:20:59.277869Z,Yl0DQCnx7eMKB6GV6beGRw==,3224,3224,OK,
gs://jugnu-canary/profiles/strict-v2-fa1afb7/218589.json,gs://jugnu-canary/profiles/strat1000-ff7b377/218589.json,2026-08-02T23:20:59.349591Z,2026-08-02T23:20:59.349693Z,wRUQ3742a7mJcDWLpm2O9w==,3048,3048,OK,
gs://jugnu-canary/profiles/strict-v2-fa1afb7/218985.json,gs://jugnu-canary/profiles/strat1000-ff7b377/218985.json,2026-08-02T23:20:59.449637Z,2026-08-02T23:20:59.449832Z,Ez2EhhNnIqG1zk+PG9NJ3Q==,3076,3076,OK,
gs://jugnu-canary/profiles/strict-v2-fa1afb7/221319.json,gs://jugnu-canary/profiles/strat1000-ff7b377/221319.json,2026-08-02T23:20:59.510323Z,2026-08-02T23:20:59.510420Z,7HoX6VOOmw/ePmo/wiOrvQ==,4068,4068,OK,
gs://jugnu-canary/profiles/strict-v2-fa1afb7/221389.json,gs://jugnu-canary/profiles/strat1000-ff7b377/221389.json,2026-08-02T23:20:59.545884Z,2026-08-02T23:20:59.545957Z,bhfTjnhVFMhk/5Ug/MhOsw==,2974,2974,OK,
gs://jugnu-canary/profiles/strict-v2-fa1afb7/221973.json,gs://jugnu-canary/profiles/strat1000-ff7b377/221973.json,2026-08-02T23:20:59.622008Z,2026-08-02T23:20:59.622104Z,H/i9f9+NPJr+m1E897p26Q==,3227,3227,OK,
gs://jugnu-canary/profiles/strict-v2-fa1afb7/222197.json,gs://jugnu-canary/profiles/strat1000-ff7b377/222197.json,2026-08-02T23:20:59.628830Z,2026-08-02T23:20:59.628912Z,WXB1MHSSpxjMQPoKjZkhxw==,4046,4046,OK,
gs://jugnu-canary/profiles/strict-v2-fa1afb7/222988.json,gs://jugnu-canary/profiles/strat1000-ff7b377/222988.json,2026-08-02T23:20:59.681845Z,2026-08-02T23:20:59.681921Z,ziXGeW4Oa6bV9fYzVpo9bQ==,2993,2993,OK,
gs://jugnu-canary/profiles/strict-v2-fa1afb7/223517.json,gs://jugnu-canary/profiles/strat1000-ff7b377/223517.json,2026-08-02T23:20:59.761772Z,2026-08-02T23:20:59.761871Z,+G7PeM1jlqZsxogyYTYa3w==,3091,3091,OK,
gs://jugnu-canary/profiles/strict-v2-fa1afb7/224139.json,gs://jugnu-canary/profiles/strat1000-ff7b377/224139.json,2026-08-02T23:20:59.823282Z,2026-08-02T23:20:59.823366Z,O2Pn3WiKnlm2C3Z+7p2IOw==,4014,4014,OK,
gs://jugnu-canary/profiles/strict-v2-fa1afb7/224746.json,gs://jugnu-canary/profiles/strat1000-ff7b377/224746.json,2026-08-02T23:20:59.883188Z,2026-08-02T23:20:59.883282Z,BEMCTu9mBHQaDPAvgBXNiA==,3048,3048,OK,
gs://jugnu-canary/profiles/strict-v2-fa1afb7/224788.json,gs://jugnu-canary/profiles/strat1000-ff7b377/224788.json,2026-08-02T23:20:59.947393Z,2026-08-02T23:20:59.947438Z,wSRUUFAfKHH9+Un3Jjj91A==,3039,3039,OK,
gs://jugnu-canary/profiles/strict-v2-fa1afb7/224962.json,gs://jugnu-canary/profiles/strat1000-ff7b377/224962.json,2026-08-02T23:21:00.040018Z,2026-08-02T23:21:00.040125Z,XWyBVjRx9oBlvDUDc0vXaA==,3010,3010,OK,
gs://jugnu-canary/profiles/strict-v2-fa1afb7/225321.json,gs://jugnu-canary/profiles/strat1000-ff7b377/225321.json,2026-08-02T23:21:00.097203Z,2026-08-02T23:21:00.097306Z,1QHOogq1dZOhknaqOUgHFA==,3800,3800,OK,
gs://jugnu-canary/profiles/strict-v2-fa1afb7/225610.json,gs://jugnu-canary/profiles/strat1000-ff7b377/225610.json,2026-08-02T23:21:00.164461Z,2026-08-02T23:21:00.164552Z,/03f/wjrazUrUjIqGL779A==,2985,2985,OK,
gs://jugnu-canary/profiles/strict-v2-fa1afb7/225934.json,gs://jugnu-canary/profiles/strat1000-ff7b377/225934.json,2026-08-02T23:21:00.246717Z,2026-08-02T23:21:00.246817Z,Dd4eINE9S/NMQpisu/8Gbg==,3017,3017,OK,
gs://jugnu-canary/profiles/strict-v2-fa1afb7/227790.json,gs://jugnu-canary/profiles/strat1000-ff7b377/227790.json,2026-08-02T23:21:00.305406Z,2026-08-02T23:21:00.305513Z,TvF3/6ZhPXwGh2UDoZRH0g==,3050,3050,OK,
gs://jugnu-canary/profiles/strict-v2-fa1afb7/227981.json,gs://jugnu-canary/profiles/strat1000-ff7b377/227981.json,2026-08-02T23:21:00.363456Z,2026-08-02T23:21:00.363501Z,IvcpD6cnxyaSS5smEolD+Q==,4045,4045,OK,
gs://jugnu-canary/profiles/strict-v2-fa1afb7/227989.json,gs://jugnu-canary/profiles/strat1000-ff7b377/227989.json,2026-08-02T23:21:00.438999Z,2026-08-02T23:21:00.439086Z,DjhwHlFmXuJdb4AMtL4m3w==,3089,3089,OK,
gs://jugnu-canary/profiles/strict-v2-fa1afb7/228359.json,gs://jugnu-canary/profiles/strat1000-ff7b377/228359.json,2026-08-02T23:21:00.517258Z,2026-08-02T23:21:00.517374Z,pb14bpyNSM1jSx+nHeL48A==,3085,3085,OK,
gs://jugnu-canary/profiles/strict-v2-fa1afb7/229189.json,gs://jugnu-canary/profiles/strat1000-ff7b377/229189.json,2026-08-02T23:21:00.574154Z,2026-08-02T23:21:00.574258Z,MXWJCMZYbwpqalPMZqWEEg==,3065,3065,OK,
gs://jugnu-canary/profiles/strict-v2-fa1afb7/229295.json,gs://jugnu-canary/profiles/strat1000-ff7b377/229295.json,2026-08-02T23:21:00.642608Z,2026-08-02T23:21:00.642702Z,kD70P3QuyxxTbcKp74rklA==,3095,3095,OK,
gs://jugnu-canary/profiles/strict-v2-fa1afb7/229594.json,gs://jugnu-canary/profiles/strat1000-ff7b377/229594.json,2026-08-02T23:21:00.727265Z,2026-08-02T23:21:00.727373Z,aklIZTnI6yUA3Lqsk6YxbA==,3054,3054,OK,
gs://jugnu-canary/profiles/strict-v2-fa1afb7/229986.json,gs://jugnu-canary/profiles/strat1000-ff7b377/229986.json,2026-08-02T23:21:00.780235Z,2026-08-02T23:21:00.780324Z,gTHueE7kh0dfq5YjM0oRwg==,3114,3114,OK,
gs://jugnu-canary/profiles/strict-v2-fa1afb7/2305.json,gs://jugnu-canary/profiles/strat1000-ff7b377/2305.json,2026-08-02T23:21:00.842917Z,2026-08-02T23:21:00.843001Z,Aq1RLBeIQjHhjOpa6rCFYA==,4036,4036,OK,
gs://jugnu-canary/profiles/strict-v2-fa1afb7/231524.json,gs://jugnu-canary/profiles/strat1000-ff7b377/231524.json,2026-08-02T23:21:00.910400Z,2026-08-02T23:21:00.910479Z,n67oE6trzulqJet5xy+XjA==,4041,4041,OK,
gs://jugnu-canary/profiles/strict-v2-fa1afb7/23161.json,gs://jugnu-canary/profiles/strat1000-ff7b377/23161.json,2026-08-02T23:21:01.003637Z,2026-08-02T23:21:01.003736Z,UNvs9Eg3fXgJOkYluf3yMg==,4042,4042,OK,
gs://jugnu-canary/profiles/strict-v2-fa1afb7/232538.json,gs://jugnu-canary/profiles/strat1000-ff7b377/232538.json,2026-08-02T23:21:01.060785Z,2026-08-02T23:21:01.060871Z,js0lpFiubEeygt8E9QVo6Q==,3049,3049,OK,
gs://jugnu-canary/profiles/strict-v2-fa1afb7/232876.json,gs://jugnu-canary/profiles/strat1000-ff7b377/232876.json,2026-08-02T23:21:01.126853Z,2026-08-02T23:21:01.126964Z,RmmlOzkyJ+f+oE+HfpVWuA==,4017,4017,OK,
gs://jugnu-canary/profiles/strict-v2-fa1afb7/23367.json,gs://jugnu-canary/profiles/strat1000-ff7b377/23367.json,2026-08-02T23:21:01.210223Z,2026-08-02T23:21:01.210324Z,lnnsUo7/3i87uPGuOmhy2w==,3052,3052,OK,
gs://jugnu-canary/profiles/strict-v2-fa1afb7/233692.json,gs://jugnu-canary/profiles/strat1000-ff7b377/233692.json,2026-08-02T23:21:01.261380Z,2026-08-02T23:21:01.261468Z,z3gB0rF0HJFqwFfbxy1UXQ==,3247,3247,OK,
gs://jugnu-canary/profiles/strict-v2-fa1afb7/234584.json,gs://jugnu-canary/profiles/strat1000-ff7b377/234584.json,2026-08-02T23:21:01.328577Z,2026-08-02T23:21:01.328682Z,FI4KxPzx1f+wTv56gsBjtQ==,3847,3847,OK,
gs://jugnu-canary/profiles/strict-v2-fa1afb7/234761.json,gs://jugnu-canary/profiles/strat1000-ff7b377/234761.json,2026-08-02T23:21:01.400274Z,2026-08-02T23:21:01.400372Z,jXPyN66Eb9NsUhw6fIWERg==,3004,3004,OK,
gs://jugnu-canary/profiles/strict-v2-fa1afb7/234916.json,gs://jugnu-canary/profiles/strat1000-ff7b377/234916.json,2026-08-02T23:21:01.448248Z,2026-08-02T23:21:01.448350Z,rLfsNhCPPkiSnD7pF6H7hA==,3282,3282,OK,
gs://jugnu-canary/profiles/strict-v2-fa1afb7/235187.json,gs://jugnu-canary/profiles/strat1000-ff7b377/235187.json,2026-08-02T23:21:01.526793Z,2026-08-02T23:21:01.526897Z,4QJ1QG4VlN+HR9PWpjMnhw==,3028,3028,OK,
gs://jugnu-canary/profiles/strict-v2-fa1afb7/235407.json,gs://jugnu-canary/profiles/strat1000-ff7b377/235407.json,2026-08-02T23:21:01.588558Z,2026-08-02T23:21:01.588659Z,m2DcZWW7ppHB7nME8azKFA==,4042,4042,OK,
gs://jugnu-canary/profiles/strict-v2-fa1afb7/235693.json,gs://jugnu-canary/profiles/strat1000-ff7b377/235693.json,2026-08-02T23:21:01.717161Z,2026-08-02T23:21:01.717258Z,eAtQVlDNu8Lndv4YBlJLSA==,3042,3042,OK,
gs://jugnu-canary/profiles/strict-v2-fa1afb7/23549.json,gs://jugnu-canary/profiles/strat1000-ff7b377/23549.json,2026-08-02T23:21:01.761487Z,2026-08-02T23:21:01.761573Z,9vJ9iwOzZHnwmVh3N+lPtw==,3023,3023,OK,
gs://jugnu-canary/profiles/strict-v2-fa1afb7/235996.json,gs://jugnu-canary/profiles/strat1000-ff7b377/235996.json,2026-08-02T23:21:01.800151Z,2026-08-02T23:21:01.800252Z,G+Vv2hBEKravmaiJ5AulGg==,2989,2989,OK,
gs://jugnu-canary/profiles/strict-v2-fa1afb7/236598.json,gs://jugnu-canary/profiles/strat1000-ff7b377/236598.json,2026-08-02T23:21:01.845596Z,2026-08-02T23:21:01.845693Z,OVfS3CxYOpIhOwF6l0tcGQ==,4037,4037,OK,
gs://jugnu-canary/profiles/strict-v2-fa1afb7/237769.json,gs://jugnu-canary/profiles/strat1000-ff7b377/237769.json,2026-08-02T23:21:01.921452Z,2026-08-02T23:21:01.921563Z,qPLaHraW/JdlAugvw1lDgg==,3199,3199,OK,
gs://jugnu-canary/profiles/strict-v2-fa1afb7/23788.json,gs://jugnu-canary/profiles/strat1000-ff7b377/23788.json,2026-08-02T23:21:01.973897Z,2026-08-02T23:21:01.974001Z,r0wCaCXkCqZfmfq34udlDg==,3009,3009,OK,
gs://jugnu-canary/profiles/strict-v2-fa1afb7/23798.json,gs://jugnu-canary/profiles/strat1000-ff7b377/23798.json,2026-08-02T23:21:02.041067Z,2026-08-02T23:21:02.041184Z,0iLjLymmxl+XTBhHSOaBdQ==,3053,3053,OK,
gs://jugnu-canary/profiles/strict-v2-fa1afb7/238082.json,gs://jugnu-canary/profiles/strat1000-ff7b377/238082.json,2026-08-02T23:21:02.115509Z,2026-08-02T23:21:02.115588Z,UNHx55xIuPOqIalopxoS1w==,3035,3035,OK,
gs://jugnu-canary/profiles/strict-v2-fa1afb7/238171.json,gs://jugnu-canary/profiles/strat1000-ff7b377/238171.json,2026-08-02T23:21:02.203595Z,2026-08-02T23:21:02.203772Z,SdtAobnB0nSKMUgy1VPYfw==,3022,3022,OK,
gs://jugnu-canary/profiles/strict-v2-fa1afb7/238380.json,gs://jugnu-canary/profiles/strat1000-ff7b377/238380.json,2026-08-02T23:21:02.273140Z,2026-08-02T23:21:02.273249Z,rsBVXc6LeOjrMRN/ZVgq1w==,3841,3841,OK,
gs://jugnu-canary/profiles/strict-v2-fa1afb7/238540.json,gs://jugnu-canary/profiles/strat1000-ff7b377/238540.json,2026-08-02T23:21:02.343186Z,2026-08-02T23:21:02.343282Z,d7CzFcmVMxWiegwgE81H8Q==,3026,3026,OK,
gs://jugnu-canary/profiles/strict-v2-fa1afb7/238662.json,gs://jugnu-canary/profiles/strat1000-ff7b377/238662.json,2026-08-02T23:21:02.402248Z,2026-08-02T23:21:02.402359Z,I6LvcDZPp0JgN9Hxu0LGUQ==,3031,3031,OK,
gs://jugnu-canary/profiles/strict-v2-fa1afb7/239318.json,gs://jugnu-canary/profiles/strat1000-ff7b377/239318.json,2026-08-02T23:21:02.494792Z,2026-08-02T23:21:02.494884Z,e8/DPBvmCx9hrwsDlhCDZQ==,3054,3054,OK,
gs://jugnu-canary/profiles/strict-v2-fa1afb7/239369.json,gs://jugnu-canary/profiles/strat1000-ff7b377/239369.json,2026-08-02T23:21:02.532407Z,2026-08-02T23:21:02.532500Z,GkLzbyxrqL1hrMxPV+4/Rg==,3036,3036,OK,
gs://jugnu-canary/profiles/strict-v2-fa1afb7/240168.json,gs://jugnu-canary/profiles/strat1000-ff7b377/240168.json,2026-08-02T23:21:02.614149Z,2026-08-02T23:21:02.614247Z,cvMU+dINDrLzr/o8EJHZxA==,3054,3054,OK,
gs://jugnu-canary/profiles/strict-v2-fa1afb7/24049.json,gs://jugnu-canary/profiles/strat1000-ff7b377/24049.json,2026-08-02T23:21:02.653881Z,2026-08-02T23:21:02.653973Z,c7Eftmg9IxmRMVFZBZcBrA==,3110,3110,OK,
gs://jugnu-canary/profiles/strict-v2-fa1afb7/240525.json,gs://jugnu-canary/profiles/strat1000-ff7b377/240525.json,2026-08-02T23:21:02.735870Z,2026-08-02T23:21:02.735975Z,WXOr1XGNQ0r3QRlsPkmQ0w==,3359,3359,OK,
gs://jugnu-canary/profiles/strict-v2-fa1afb7/241798.json,gs://jugnu-canary/profiles/strat1000-ff7b377/241798.json,2026-08-02T23:21:02.793042Z,2026-08-02T23:21:02.793134Z,70qux/XnBKPuX3qqiD3zsQ==,3003,3003,OK,
gs://jugnu-canary/profiles/strict-v2-fa1afb7/241986.json,gs://jugnu-canary/profiles/strat1000-ff7b377/241986.json,2026-08-02T23:21:02.874870Z,2026-08-02T23:21:02.874963Z,nhQNioMg1GvddFaMj8X5KQ==,3068,3068,OK,
gs://jugnu-canary/profiles/strict-v2-fa1afb7/242344.json,gs://jugnu-canary/profiles/strat1000-ff7b377/242344.json,2026-08-02T23:21:02.962172Z,2026-08-02T23:21:02.962275Z,LG4VR8+E6KL754h5QP9Mpg==,3012,3012,OK,
gs://jugnu-canary/profiles/strict-v2-fa1afb7/242360.json,gs://jugnu-canary/profiles/strat1000-ff7b377/242360.json,2026-08-02T23:21:03.018935Z,2026-08-02T23:21:03.019035Z,MlEPHyMPX55snhyY02qRWA==,3340,3340,OK,
gs://jugnu-canary/profiles/strict-v2-fa1afb7/243523.json,gs://jugnu-canary/profiles/strat1000-ff7b377/243523.json,2026-08-02T23:21:03.073828Z,2026-08-02T23:21:03.073917Z,NgvAoC+jnYA4Legs4bWjFg==,4041,4041,OK,
gs://jugnu-canary/profiles/strict-v2-fa1afb7/243936.json,gs://jugnu-canary/profiles/strat1000-ff7b377/243936.json,2026-08-02T23:21:03.133589Z,2026-08-02T23:21:03.133689Z,3YYRuW9mBMBe/pgPypoK9Q==,2988,2988,OK,
gs://jugnu-canary/profiles/strict-v2-fa1afb7/244546.json,gs://jugnu-canary/profiles/strat1000-ff7b377/244546.json,2026-08-02T23:21:03.194021Z,2026-08-02T23:21:03.194111Z,2ECEAm4yt2o79LGEmWoulw==,3000,3000,OK,
gs://jugnu-canary/profiles/strict-v2-fa1afb7/24542.json,gs://jugnu-canary/profiles/strat1000-ff7b377/24542.json,2026-08-02T23:21:03.283591Z,2026-08-02T23:21:03.283676Z,4mRQyZXgasv0eCu63MLNKw==,3236,3236,OK,
gs://jugnu-canary/profiles/strict-v2-fa1afb7/24544.json,gs://jugnu-canary/profiles/strat1000-ff7b377/24544.json,2026-08-02T23:21:03.362734Z,2026-08-02T23:21:03.362839Z,F+9ciIBTMj0BLDvE/jTk7w==,3051,3051,OK,
gs://jugnu-canary/profiles/strict-v2-fa1afb7/245501.json,gs://jugnu-canary/profiles/strat1000-ff7b377/245501.json,2026-08-02T23:21:03.400701Z,2026-08-02T23:21:03.400740Z,K3z1NZ95Oti24ed3O+IcZg==,3140,3140,OK,
gs://jugnu-canary/profiles/strict-v2-fa1afb7/24577.json,gs://jugnu-canary/profiles/strat1000-ff7b377/24577.json,2026-08-02T23:21:03.485644Z,2026-08-02T23:21:03.485728Z,BJAzfjPosrvNrvKlpWaerw==,4053,4053,OK,
gs://jugnu-canary/profiles/strict-v2-fa1afb7/24584.json,gs://jugnu-canary/profiles/strat1000-ff7b377/24584.json,2026-08-02T23:21:03.537798Z,2026-08-02T23:21:03.537882Z,v+7s1jooRYZ7eVYsjvoYHQ==,4053,4053,OK,
gs://jugnu-canary/profiles/strict-v2-fa1afb7/246304.json,gs://jugnu-canary/profiles/strat1000-ff7b377/246304.json,2026-08-02T23:21:03.616034Z,2026-08-02T23:21:03.616135Z,UnQAmO0VB3ch/9d7OCVmMA==,3018,3018,OK,
gs://jugnu-canary/profiles/strict-v2-fa1afb7/24648.json,gs://jugnu-canary/profiles/strat1000-ff7b377/24648.json,2026-08-02T23:21:03.681856Z,2026-08-02T23:21:03.681945Z,oMV//c3So26ptIo1Y5lNog==,3076,3076,OK,
gs://jugnu-canary/profiles/strict-v2-fa1afb7/246757.json,gs://jugnu-canary/profiles/strat1000-ff7b377/246757.json,2026-08-02T23:21:03.757769Z,2026-08-02T23:21:03.757877Z,BDm7RyOn2Z775rPmh2WZrQ==,3017,3017,OK,
gs://jugnu-canary/profiles/strict-v2-fa1afb7/247337.json,gs://jugnu-canary/profiles/strat1000-ff7b377/247337.json,2026-08-02T23:21:03.816878Z,2026-08-02T23:21:03.816965Z,/ErSl/6Yx94p1qYZY6v6/w==,2967,2967,OK,
gs://jugnu-canary/profiles/strict-v2-fa1afb7/24776.json,gs://jugnu-canary/profiles/strat1000-ff7b377/24776.json,2026-08-02T23:21:03.919338Z,2026-08-02T23:21:03.919431Z,0skcIp67a/S4tL4YO5aEqg==,3011,3011,OK,
gs://jugnu-canary/profiles/strict-v2-fa1afb7/24928.json,gs://jugnu-canary/profiles/strat1000-ff7b377/24928.json,2026-08-02T23:21:03.943538Z,2026-08-02T23:21:03.943924Z,3QmKD0zob8P+3zF9q0F/dA==,3704,3704,OK,
gs://jugnu-canary/profiles/strict-v2-fa1afb7/250124.json,gs://jugnu-canary/profiles/strat1000-ff7b377/250124.json,2026-08-02T23:21:04.000140Z,2026-08-02T23:21:04.000225Z,SSvu+pSFgwTJOYAAErln2Q==,3055,3055,OK,
gs://jugnu-canary/profiles/strict-v2-fa1afb7/2507.json,gs://jugnu-canary/profiles/strat1000-ff7b377/2507.json,2026-08-02T23:21:04.068101Z,2026-08-02T23:21:04.068197Z,1yWqbEg43TABjTCvEsHM5Q==,3005,3005,OK,
gs://jugnu-canary/profiles/strict-v2-fa1afb7/251165.json,gs://jugnu-canary/profiles/strat1000-ff7b377/251165.json,2026-08-02T23:21:04.143909Z,2026-08-02T23:21:04.144005Z,QXfY1fKXJdL5UzLJ9QtvcA==,3851,3851,OK,
gs://jugnu-canary/profiles/strict-v2-fa1afb7/252153.json,gs://jugnu-canary/profiles/strat1000-ff7b377/252153.json,2026-08-02T23:21:04.205561Z,2026-08-02T23:21:04.205648Z,vMiNJ4mWzMduVd9yPlclaQ==,3346,3346,OK,
gs://jugnu-canary/profiles/strict-v2-fa1afb7/252218.json,gs://jugnu-canary/profiles/strat1000-ff7b377/252218.json,2026-08-02T23:21:04.278795Z,2026-08-02T23:21:04.278893Z,n9Mma85xSradJrkOUciXVQ==,3060,3060,OK,
gs://jugnu-canary/profiles/strict-v2-fa1afb7/252997.json,gs://jugnu-canary/profiles/strat1000-ff7b377/252997.json,2026-08-02T23:21:04.325650Z,2026-08-02T23:21:04.325683Z,2x1VITntJldnEm8gW2DS4Q==,3052,3052,OK,
gs://jugnu-canary/profiles/strict-v2-fa1afb7/253074.json,gs://jugnu-canary/profiles/strat1000-ff7b377/253074.json,2026-08-02T23:21:04.394418Z,2026-08-02T23:21:04.394488Z,J+SYHEbPJwE14mR+AKLnig==,3829,3829,OK,
gs://jugnu-canary/profiles/strict-v2-fa1afb7/253388.json,gs://jugnu-canary/profiles/strat1000-ff7b377/253388.json,2026-08-02T23:21:04.479007Z,2026-08-02T23:21:04.479096Z,4cNH/Z7NnTRG8+5VdtjVXw==,3791,3791,OK,
gs://jugnu-canary/profiles/strict-v2-fa1afb7/25357.json,gs://jugnu-canary/profiles/strat1000-ff7b377/25357.json,2026-08-02T23:21:04.556053Z,2026-08-02T23:21:04.556149Z,uwqZi8VcH+vdrrumnJL+8Q==,3011,3011,OK,
gs://jugnu-canary/profiles/strict-v2-fa1afb7/253743.json,gs://jugnu-canary/profiles/strat1000-ff7b377/253743.json,2026-08-02T23:21:04.628340Z,2026-08-02T23:21:04.628435Z,3VrBPJMsjFzhwGHbUCmRjw==,3072,3072,OK,
gs://jugnu-canary/profiles/strict-v2-fa1afb7/253774.json,gs://jugnu-canary/profiles/strat1000-ff7b377/253774.json,2026-08-02T23:21:04.699667Z,2026-08-02T23:21:04.699771Z,LdU1hbwAODpvZdYl4yWhrw==,3066,3066,OK,
gs://jugnu-canary/profiles/strict-v2-fa1afb7/253780.json,gs://jugnu-canary/profiles/strat1000-ff7b377/253780.json,2026-08-02T23:21:04.754388Z,2026-08-02T23:21:04.754477Z,VVAAio8NVdhxm78kgMR7Og==,3056,3056,OK,
gs://jugnu-canary/profiles/strict-v2-fa1afb7/254167.json,gs://jugnu-canary/profiles/strat1000-ff7b377/254167.json,2026-08-02T23:21:04.828704Z,2026-08-02T23:21:04.828788Z,32oCl1M+mYyzuLEQlY47Kw==,3051,3051,OK,
gs://jugnu-canary/profiles/strict-v2-fa1afb7/254488.json,gs://jugnu-canary/profiles/strat1000-ff7b377/254488.json,2026-08-02T23:21:04.898077Z,2026-08-02T23:21:04.898176Z,IWbJUydCWOqE5mHdiBzUiw==,3069,3069,OK,
gs://jugnu-canary/profiles/strict-v2-fa1afb7/25494.json,gs://jugnu-canary/profiles/strat1000-ff7b377/25494.json,2026-08-02T23:21:04.972834Z,2026-08-02T23:21:04.972927Z,hLN143vhCRzGj/Gqte3x4g==,3225,3225,OK,
gs://jugnu-canary/profiles/strict-v2-fa1afb7/255134.json,gs://jugnu-canary/profiles/strat1000-ff7b377/255134.json,2026-08-02T23:21:05.037992Z,2026-08-02T23:21:05.038076Z,eWsA/XVC5CStz9Ma7Zo/+w==,3113,3113,OK,
gs://jugnu-canary/profiles/strict-v2-fa1afb7/25551.json,gs://jugnu-canary/profiles/strat1000-ff7b377/25551.json,2026-08-02T23:21:05.084354Z,2026-08-02T23:21:05.084442Z,viXyPDnr7/0HSQtEn0kOlw==,3344,3344,OK,
gs://jugnu-canary/profiles/strict-v2-fa1afb7/255548.json,gs://jugnu-canary/profiles/strat1000-ff7b377/255548.json,2026-08-02T23:21:05.142346Z,2026-08-02T23:21:05.142381Z,lOOMLUDbFGfxkOKmx+l6+Q==,3081,3081,OK,
gs://jugnu-canary/profiles/strict-v2-fa1afb7/255578.json,gs://jugnu-canary/profiles/strat1000-ff7b377/255578.json,2026-08-02T23:21:05.241262Z,2026-08-02T23:21:05.241350Z,Tlco7tiNSDB9MRchzWt5Tw==,3117,3117,OK,
gs://jugnu-canary/profiles/strict-v2-fa1afb7/255637.json,gs://jugnu-canary/profiles/strat1000-ff7b377/255637.json,2026-08-02T23:21:05.293945Z,2026-08-02T23:21:05.294048Z,C0TsT6CWMVYLvyu2ggRdRA==,4071,4071,OK,
gs://jugnu-canary/profiles/strict-v2-fa1afb7/255737.json,gs://jugnu-canary/profiles/strat1000-ff7b377/255737.json,2026-08-02T23:21:05.360421Z,2026-08-02T23:21:05.360460Z,02208wXieALA9KFQjIaXGw==,3007,3007,OK,
gs://jugnu-canary/profiles/strict-v2-fa1afb7/255884.json,gs://jugnu-canary/profiles/strat1000-ff7b377/255884.json,2026-08-02T23:21:05.413461Z,2026-08-02T23:21:05.413554Z,yIXrWjsXFoKseTCyZEadEQ==,3028,3028,OK,
gs://jugnu-canary/profiles/strict-v2-fa1afb7/25730.json,gs://jugnu-canary/profiles/strat1000-ff7b377/25730.json,2026-08-02T23:21:05.470183Z,2026-08-02T23:21:05.470268Z,5pKarNuanL3GU0Yd+a3P7w==,3244,3244,OK,
gs://jugnu-canary/profiles/strict-v2-fa1afb7/257557.json,gs://jugnu-canary/profiles/strat1000-ff7b377/257557.json,2026-08-02T23:21:05.531991Z,2026-08-02T23:21:05.532068Z,ta7XABGmhMMUD3Qi0qErzg==,3055,3055,OK,
gs://jugnu-canary/profiles/strict-v2-fa1afb7/257779.json,gs://jugnu-canary/profiles/strat1000-ff7b377/257779.json,2026-08-02T23:21:05.599345Z,2026-08-02T23:21:05.599430Z,fsleT8vX5U7/PmmUUxPWZA==,3084,3084,OK,
gs://jugnu-canary/profiles/strict-v2-fa1afb7/257792.json,gs://jugnu-canary/profiles/strat1000-ff7b377/257792.json,2026-08-02T23:21:05.684172Z,2026-08-02T23:21:05.684261Z,NI6Pz8YXBYuho3hzHzLQWA==,4034,4034,OK,
gs://jugnu-canary/profiles/strict-v2-fa1afb7/258119.json,gs://jugnu-canary/profiles/strat1000-ff7b377/258119.json,2026-08-02T23:21:05.722772Z,2026-08-02T23:21:05.722851Z,MyyNV+ygUk4iHHlkKvbQkQ==,3048,3048,OK,
gs://jugnu-canary/profiles/strict-v2-fa1afb7/258143.json,gs://jugnu-canary/profiles/strat1000-ff7b377/258143.json,2026-08-02T23:21:05.805371Z,2026-08-02T23:21:05.805469Z,UiNHuxcMKCaKbp3R3BrRng==,2991,2991,OK,
gs://jugnu-canary/profiles/strict-v2-fa1afb7/258188.json,gs://jugnu-canary/profiles/strat1000-ff7b377/258188.json,2026-08-02T23:21:05.867911Z,2026-08-02T23:21:05.868003Z,ESasN0K60PNPRKwNTkMEjg==,4267,4267,OK,
gs://jugnu-canary/profiles/strict-v2-fa1afb7/258309.json,gs://jugnu-canary/profiles/strat1000-ff7b377/258309.json,2026-08-02T23:21:05.929957Z,2026-08-02T23:21:05.930049Z,W7uu3XGeyEzE2BFIsIvMmg==,3805,3805,OK,
gs://jugnu-canary/profiles/strict-v2-fa1afb7/258391.json,gs://jugnu-canary/profiles/strat1000-ff7b377/258391.json,2026-08-02T23:21:06.001587Z,2026-08-02T23:21:06.001683Z,tXypYyRrn4NTVPSLhYchPg==,3799,3799,OK,
gs://jugnu-canary/profiles/strict-v2-fa1afb7/2585.json,gs://jugnu-canary/profiles/strat1000-ff7b377/2585.json,2026-08-02T23:21:06.066723Z,2026-08-02T23:21:06.066807Z,RPdPd+lW7FMAL3HwbbR1lg==,3049,3049,OK,
gs://jugnu-canary/profiles/strict-v2-fa1afb7/258543.json,gs://jugnu-canary/profiles/strat1000-ff7b377/258543.json,2026-08-02T23:21:06.143198Z,2026-08-02T23:21:06.143295Z,l6MKPn0NZRWqLg1PXPjmoQ==,3026,3026,OK,
gs://jugnu-canary/profiles/strict-v2-fa1afb7/259357.json,gs://jugnu-canary/profiles/strat1000-ff7b377/259357.json,2026-08-02T23:21:06.196865Z,2026-08-02T23:21:06.196942Z,3VY/D1rS9Bkg2GK36wVWOw==,3065,3065,OK,
gs://jugnu-canary/profiles/strict-v2-fa1afb7/259569.json,gs://jugnu-canary/profiles/strat1000-ff7b377/259569.json,2026-08-02T23:21:06.280706Z,2026-08-02T23:21:06.280808Z,q8DA6FOSwfVle9nShVc96w==,3831,3831,OK,
gs://jugnu-canary/profiles/strict-v2-fa1afb7/259786.json,gs://jugnu-canary/profiles/strat1000-ff7b377/259786.json,2026-08-02T23:21:06.318163Z,2026-08-02T23:21:06.318253Z,qIIXy7f5ApaqUZH3xdSmyg==,3855,3855,OK,
gs://jugnu-canary/profiles/strict-v2-fa1afb7/260117.json,gs://jugnu-canary/profiles/strat1000-ff7b377/260117.json,2026-08-02T23:21:06.405336Z,2026-08-02T23:21:06.405415Z,M6NynkXgD7rp9kFqv4xqvg==,3037,3037,OK,
gs://jugnu-canary/profiles/strict-v2-fa1afb7/260340.json,gs://jugnu-canary/profiles/strat1000-ff7b377/260340.json,2026-08-02T23:21:06.460561Z,2026-08-02T23:21:06.460631Z,qp6Dn99x9SD684aSYNEBLQ==,3201,3201,OK,
gs://jugnu-canary/profiles/strict-v2-fa1afb7/260872.json,gs://jugnu-canary/profiles/strat1000-ff7b377/260872.json,2026-08-02T23:21:06.539849Z,2026-08-02T23:21:06.539929Z,wpjFEnbirFKbc5IpZDOQRg==,3033,3033,OK,
gs://jugnu-canary/profiles/strict-v2-fa1afb7/261349.json,gs://jugnu-canary/profiles/strat1000-ff7b377/261349.json,2026-08-02T23:21:06.629813Z,2026-08-02T23:21:06.630009Z,S2sCM8sKZ8zQu0UTB/NcVg==,3804,3804,OK,
gs://jugnu-canary/profiles/strict-v2-fa1afb7/26151.json,gs://jugnu-canary/profiles/strat1000-ff7b377/26151.json,2026-08-02T23:21:06.684589Z,2026-08-02T23:21:06.684678Z,VZnw/zKVsqKDZoDNo+z7vw==,3744,3744,OK,
gs://jugnu-canary/profiles/strict-v2-fa1afb7/261530.json,gs://jugnu-canary/profiles/strat1000-ff7b377/261530.json,2026-08-02T23:21:06.749108Z,2026-08-02T23:21:06.749212Z,l8+UWmf9op062vOQkMV2zg==,3042,3042,OK,
gs://jugnu-canary/profiles/strict-v2-fa1afb7/261648.json,gs://jugnu-canary/profiles/strat1000-ff7b377/261648.json,2026-08-02T23:21:06.806022Z,2026-08-02T23:21:06.806098Z,4ZVoq4QMRt+SAA9PA8HNTw==,3009,3009,OK,
gs://jugnu-canary/profiles/strict-v2-fa1afb7/261739.json,gs://jugnu-canary/profiles/strat1000-ff7b377/261739.json,2026-08-02T23:21:06.858556Z,2026-08-02T23:21:06.858654Z,0NXUpCvnitrWqm6a+za6wQ==,3050,3050,OK,
gs://jugnu-canary/profiles/strict-v2-fa1afb7/26194.json,gs://jugnu-canary/profiles/strat1000-ff7b377/26194.json,2026-08-02T23:21:06.921981Z,2026-08-02T23:21:06.922080Z,UcdUcOaQmMZlm9F5D1m+pQ==,3021,3021,OK,
gs://jugnu-canary/profiles/strict-v2-fa1afb7/262518.json,gs://jugnu-canary/profiles/strat1000-ff7b377/262518.json,2026-08-02T23:21:07.001989Z,2026-08-02T23:21:07.002075Z,UY3AFWHLeTT7lmJPiyTYZg==,3013,3013,OK,
gs://jugnu-canary/profiles/strict-v2-fa1afb7/262540.json,gs://jugnu-canary/profiles/strat1000-ff7b377/262540.json,2026-08-02T23:21:07.049217Z,2026-08-02T23:21:07.049316Z,3yH2+4xl/4+Zla/w9ZCfvg==,3789,3789,OK,
gs://jugnu-canary/profiles/strict-v2-fa1afb7/263110.json,gs://jugnu-canary/profiles/strat1000-ff7b377/263110.json,2026-08-02T23:21:07.113060Z,2026-08-02T23:21:07.113151Z,gIaJ/spv8enI0Siq5+N3sQ==,3099,3099,OK,
gs://jugnu-canary/profiles/strict-v2-fa1afb7/264139.json,gs://jugnu-canary/profiles/strat1000-ff7b377/264139.json,2026-08-02T23:21:07.185763Z,2026-08-02T23:21:07.185852Z,hzI2xIlpIUVbw52v1IVj7Q==,4046,4046,OK,
gs://jugnu-canary/profiles/strict-v2-fa1afb7/264397.json,gs://jugnu-canary/profiles/strat1000-ff7b377/264397.json,2026-08-02T23:21:07.249752Z,2026-08-02T23:21:07.249842Z,X1nUkjzHMcykKWyYyvdLNQ==,3196,3196,OK,
gs://jugnu-canary/profiles/strict-v2-fa1afb7/264764.json,gs://jugnu-canary/profiles/strat1000-ff7b377/264764.json,2026-08-02T23:21:07.311482Z,2026-08-02T23:21:07.311570Z,4feL2Iv2dAV9VvxBdVHbSA==,3077,3077,OK,
gs://jugnu-canary/profiles/strict-v2-fa1afb7/264994.json,gs://jugnu-canary/profiles/strat1000-ff7b377/264994.json,2026-08-02T23:21:07.373970Z,2026-08-02T23:21:07.374061Z,CaIiJTKGen0z/gVbkbBfew==,3051,3051,OK,
gs://jugnu-canary/profiles/strict-v2-fa1afb7/265110.json,gs://jugnu-canary/profiles/strat1000-ff7b377/265110.json,2026-08-02T23:21:07.439688Z,2026-08-02T23:21:07.439779Z,7px0zOnDIysh6dF0/KWmFg==,3770,3770,OK,
gs://jugnu-canary/profiles/strict-v2-fa1afb7/26523.json,gs://jugnu-canary/profiles/strat1000-ff7b377/26523.json,2026-08-02T23:21:07.492159Z,2026-08-02T23:21:07.492235Z,5pm8cf2hA4RlHLqUvMN/4g==,3312,3312,OK,
gs://jugnu-canary/profiles/strict-v2-fa1afb7/265281.json,gs://jugnu-canary/profiles/strat1000-ff7b377/265281.json,2026-08-02T23:21:07.553045Z,2026-08-02T23:21:07.553149Z,2IHWUO7+ILs+40qHtYqMFg==,3138,3138,OK,
gs://jugnu-canary/profiles/strict-v2-fa1afb7/265402.json,gs://jugnu-canary/profiles/strat1000-ff7b377/265402.json,2026-08-02T23:21:07.617858Z,2026-08-02T23:21:07.617944Z,Bhepz365hetQxp/RjLJOEQ==,3079,3079,OK,
gs://jugnu-canary/profiles/strict-v2-fa1afb7/266891.json,gs://jugnu-canary/profiles/strat1000-ff7b377/266891.json,2026-08-02T23:21:07.693875Z,2026-08-02T23:21:07.693958Z,JZSkUk1IjCrcTWFSgTHYXQ==,3058,3058,OK,
gs://jugnu-canary/profiles/strict-v2-fa1afb7/267118.json,gs://jugnu-canary/profiles/strat1000-ff7b377/267118.json,2026-08-02T23:21:07.752423Z,2026-08-02T23:21:07.752533Z,uthvAXTEmwmLpjSIQ5VtcA==,3232,3232,OK,
gs://jugnu-canary/profiles/strict-v2-fa1afb7/26730.json,gs://jugnu-canary/profiles/strat1000-ff7b377/26730.json,2026-08-02T23:21:07.830289Z,2026-08-02T23:21:07.830392Z,LiUmHpekDfGvHyrQgnPqVA==,3079,3079,OK,
gs://jugnu-canary/profiles/strict-v2-fa1afb7/267574.json,gs://jugnu-canary/profiles/strat1000-ff7b377/267574.json,2026-08-02T23:21:07.915859Z,2026-08-02T23:21:07.915953Z,hsLqt7FlYp5DcQVDG49HcA==,3057,3057,OK,
gs://jugnu-canary/profiles/strict-v2-fa1afb7/26782.json,gs://jugnu-canary/profiles/strat1000-ff7b377/26782.json,2026-08-02T23:21:07.965216Z,2026-08-02T23:21:07.965309Z,0BdJDkLQ0Jg/Nl9wGAL/6A==,3067,3067,OK,
gs://jugnu-canary/profiles/strict-v2-fa1afb7/267958.json,gs://jugnu-canary/profiles/strat1000-ff7b377/267958.json,2026-08-02T23:21:08.019182Z,2026-08-02T23:21:08.019218Z,kYHYVV5gE7XTxuPUvPQ9Gw==,3038,3038,OK,
gs://jugnu-canary/profiles/strict-v2-fa1afb7/268521.json,gs://jugnu-canary/profiles/strat1000-ff7b377/268521.json,2026-08-02T23:21:08.082221Z,2026-08-02T23:21:08.082316Z,eESZFsQdv9gpC8+X/zWB6g==,4041,4041,OK,
gs://jugnu-canary/profiles/strict-v2-fa1afb7/268552.json,gs://jugnu-canary/profiles/strat1000-ff7b377/268552.json,2026-08-02T23:21:08.139606Z,2026-08-02T23:21:08.139686Z,ArAlwDfFEqfoLs0K2MDmDA==,4038,4038,OK,
gs://jugnu-canary/profiles/strict-v2-fa1afb7/268592.json,gs://jugnu-canary/profiles/strat1000-ff7b377/268592.json,2026-08-02T23:21:08.208120Z,2026-08-02T23:21:08.208196Z,SFL9AMRZ6yw6ulXiZ9NfJQ==,3007,3007,OK,
gs://jugnu-canary/profiles/strict-v2-fa1afb7/26892.json,gs://jugnu-canary/profiles/strat1000-ff7b377/26892.json,2026-08-02T23:21:08.260328Z,2026-08-02T23:21:08.260412Z,jC8t1JCwlOyaGznWT93mvw==,3851,3851,OK,
gs://jugnu-canary/profiles/strict-v2-fa1afb7/268941.json,gs://jugnu-canary/profiles/strat1000-ff7b377/268941.json,2026-08-02T23:21:08.333556Z,2026-08-02T23:21:08.333634Z,7mu8rAJ+AqUveaEoG7fCQg==,3786,3786,OK,
gs://jugnu-canary/profiles/strict-v2-fa1afb7/269136.json,gs://jugnu-canary/profiles/strat1000-ff7b377/269136.json,2026-08-02T23:21:08.407385Z,2026-08-02T23:21:08.407558Z,c+WRZ2tyqbFnynCCPnmEUQ==,3152,3152,OK,
gs://jugnu-canary/profiles/strict-v2-fa1afb7/269311.json,gs://jugnu-canary/profiles/strat1000-ff7b377/269311.json,2026-08-02T23:21:08.451919Z,2026-08-02T23:21:08.452025Z,2LKlyzoQXmZhjZmBl+fgxA==,3059,3059,OK,
gs://jugnu-canary/profiles/strict-v2-fa1afb7/269510.json,gs://jugnu-canary/profiles/strat1000-ff7b377/269510.json,2026-08-02T23:21:08.554396Z,2026-08-02T23:21:08.554483Z,BZNjO/PaobpD70Mw16thKg==,3048,3048,OK,
gs://jugnu-canary/profiles/strict-v2-fa1afb7/270897.json,gs://jugnu-canary/profiles/strat1000-ff7b377/270897.json,2026-08-02T23:21:08.624111Z,2026-08-02T23:21:08.624196Z,5yfWlo3bBQT2F2228ACVWQ==,3003,3003,OK,
gs://jugnu-canary/profiles/strict-v2-fa1afb7/271123.json,gs://jugnu-canary/profiles/strat1000-ff7b377/271123.json,2026-08-02T23:21:08.763472Z,2026-08-02T23:21:08.763569Z,4gPdPmNbfyened7fXAxPXw==,4042,4042,OK,
gs://jugnu-canary/profiles/strict-v2-fa1afb7/27096.json,gs://jugnu-canary/profiles/strat1000-ff7b377/27096.json,2026-08-02T23:21:08.771612Z,2026-08-02T23:21:08.771696Z,bYkV6NiDZl8UQBUXhkqqzw==,3051,3051,OK,
gs://jugnu-canary/profiles/strict-v2-fa1afb7/271190.json,gs://jugnu-canary/profiles/strat1000-ff7b377/271190.json,2026-08-02T23:21:08.814232Z,2026-08-02T23:21:08.814329Z,SZObwPdyS1EXFuToY9AulA==,3000,3000,OK,
gs://jugnu-canary/profiles/strict-v2-fa1afb7/271195.json,gs://jugnu-canary/profiles/strat1000-ff7b377/271195.json,2026-08-02T23:21:08.889858Z,2026-08-02T23:21:08.889896Z,WTkbt4Q0XJQb3G0/S00qcA==,2996,2996,OK,
gs://jugnu-canary/profiles/strict-v2-fa1afb7/271348.json,gs://jugnu-canary/profiles/strat1000-ff7b377/271348.json,2026-08-02T23:21:08.957829Z,2026-08-02T23:21:08.957928Z,ufcB+B7oP3WD+pboI07/yA==,3739,3739,OK,
gs://jugnu-canary/profiles/strict-v2-fa1afb7/271682.json,gs://jugnu-canary/profiles/strat1000-ff7b377/271682.json,2026-08-02T23:21:09.044662Z,2026-08-02T23:21:09.044753Z,GG2QnL2AKfbQxQWjtoeQgA==,3854,3854,OK,
gs://jugnu-canary/profiles/strict-v2-fa1afb7/27190.json,gs://jugnu-canary/profiles/strat1000-ff7b377/27190.json,2026-08-02T23:21:09.095042Z,2026-08-02T23:21:09.095149Z,+IM9JlBqkj4VVUX/HRK76A==,3000,3000,OK,
gs://jugnu-canary/profiles/strict-v2-fa1afb7/272802.json,gs://jugnu-canary/profiles/strat1000-ff7b377/272802.json,2026-08-02T23:21:09.164698Z,2026-08-02T23:21:09.164804Z,to8C6RdiGEclgStQy2lI2g==,3828,3828,OK,
gs://jugnu-canary/profiles/strict-v2-fa1afb7/273117.json,gs://jugnu-canary/profiles/strat1000-ff7b377/273117.json,2026-08-02T23:21:09.223968Z,2026-08-02T23:21:09.224052Z,iewBxMlb4kpphEK+3KOcqQ==,3060,3060,OK,
gs://jugnu-canary/profiles/strict-v2-fa1afb7/273160.json,gs://jugnu-canary/profiles/strat1000-ff7b377/273160.json,2026-08-02T23:21:09.269041Z,2026-08-02T23:21:09.269132Z,7qSkPX3IWeCfpqO2oE8Uxg==,3806,3806,OK,
gs://jugnu-canary/profiles/strict-v2-fa1afb7/273516.json,gs://jugnu-canary/profiles/strat1000-ff7b377/273516.json,2026-08-02T23:21:09.357819Z,2026-08-02T23:21:09.357911Z,kQwgdBNX3Ecl+bWwsZTfNw==,4122,4122,OK,
gs://jugnu-canary/profiles/strict-v2-fa1afb7/273919.json,gs://jugnu-canary/profiles/strat1000-ff7b377/273919.json,2026-08-02T23:21:09.418136Z,2026-08-02T23:21:09.418222Z,9x7FXcnH5ftXGrIMfQFc+w==,3075,3075,OK,
gs://jugnu-canary/profiles/strict-v2-fa1afb7/273930.json,gs://jugnu-canary/profiles/strat1000-ff7b377/273930.json,2026-08-02T23:21:09.481455Z,2026-08-02T23:21:09.481539Z,dLZ9iwbOnVuMlEF8zfav6Q==,3239,3239,OK,
gs://jugnu-canary/profiles/strict-v2-fa1afb7/274384.json,gs://jugnu-canary/profiles/strat1000-ff7b377/274384.json,2026-08-02T23:21:09.558869Z,2026-08-02T23:21:09.558960Z,x/NHqsMFiIUKOyyIFmsCWA==,3860,3860,OK,
gs://jugnu-canary/profiles/strict-v2-fa1afb7/275151.json,gs://jugnu-canary/profiles/strat1000-ff7b377/275151.json,2026-08-02T23:21:09.622266Z,2026-08-02T23:21:09.622346Z,eylXAilAjTko/V/SUH+gtQ==,4093,4093,OK,
gs://jugnu-canary/profiles/strict-v2-fa1afb7/275548.json,gs://jugnu-canary/profiles/strat1000-ff7b377/275548.json,2026-08-02T23:21:09.674699Z,2026-08-02T23:21:09.674801Z,9k9lQhguuwREEPtBfCU9fQ==,3095,3095,OK,
gs://jugnu-canary/profiles/strict-v2-fa1afb7/27574.json,gs://jugnu-canary/profiles/strat1000-ff7b377/27574.json,2026-08-02T23:21:09.738956Z,2026-08-02T23:21:09.739047Z,mzDlK3SRFHr90NE8PiNeWw==,3239,3239,OK,
gs://jugnu-canary/profiles/strict-v2-fa1afb7/27595.json,gs://jugnu-canary/profiles/strat1000-ff7b377/27595.json,2026-08-02T23:21:09.786144Z,2026-08-02T23:21:09.786219Z,1R0fuRvf8KLgEzFXlgYIlQ==,3698,3698,OK,
gs://jugnu-canary/profiles/strict-v2-fa1afb7/276192.json,gs://jugnu-canary/profiles/strat1000-ff7b377/276192.json,2026-08-02T23:21:09.886362Z,2026-08-02T23:21:09.886452Z,7YKxv5R38itoOfLp0cWtxg==,4041,4041,OK,
gs://jugnu-canary/profiles/strict-v2-fa1afb7/276734.json,gs://jugnu-canary/profiles/strat1000-ff7b377/276734.json,2026-08-02T23:21:09.921478Z,2026-08-02T23:21:09.921515Z,Yp/2N+H5u/+QVUBgz5E90w==,3837,3837,OK,
gs://jugnu-canary/profiles/strict-v2-fa1afb7/278113.json,gs://jugnu-canary/profiles/strat1000-ff7b377/278113.json,2026-08-02T23:21:09.993773Z,2026-08-02T23:21:09.993859Z,Al7h4ZvJKx++DVc8amPD8A==,3099,3099,OK,
gs://jugnu-canary/profiles/strict-v2-fa1afb7/278706.json,gs://jugnu-canary/profiles/strat1000-ff7b377/278706.json,2026-08-02T23:21:10.065555Z,2026-08-02T23:21:10.065667Z,GKU9tGK0Zab5quVrHl01pg==,3007,3007,OK,
gs://jugnu-canary/profiles/strict-v2-fa1afb7/278904.json,gs://jugnu-canary/profiles/strat1000-ff7b377/278904.json,2026-08-02T23:21:10.117093Z,2026-08-02T23:21:10.117181Z,UHWtI/3dk1UAJ5/jbzaP7g==,3027,3027,OK,
gs://jugnu-canary/profiles/strict-v2-fa1afb7/27941.json,gs://jugnu-canary/profiles/strat1000-ff7b377/27941.json,2026-08-02T23:21:10.200476Z,2026-08-02T23:21:10.200561Z,gZyNf/HpjgcC5SKbrxZQ+w==,3988,3988,OK,
gs://jugnu-canary/profiles/strict-v2-fa1afb7/279758.json,gs://jugnu-canary/profiles/strat1000-ff7b377/279758.json,2026-08-02T23:21:10.250059Z,2026-08-02T23:21:10.250144Z,bRffvr5lsXj4zlmNGVGNMg==,3853,3853,OK,
gs://jugnu-canary/profiles/strict-v2-fa1afb7/27999.json,gs://jugnu-canary/profiles/strat1000-ff7b377/27999.json,2026-08-02T23:21:10.326856Z,2026-08-02T23:21:10.326892Z,m13hSbeXrDb1pBjGKzgIOg==,3010,3010,OK,
gs://jugnu-canary/profiles/strict-v2-fa1afb7/281928.json,gs://jugnu-canary/profiles/strat1000-ff7b377/281928.json,2026-08-02T23:21:10.385889Z,2026-08-02T23:21:10.385968Z,gWIHFSYa8UUntQB+SbGhbQ==,4096,4096,OK,
gs://jugnu-canary/profiles/strict-v2-fa1afb7/283126.json,gs://jugnu-canary/profiles/strat1000-ff7b377/283126.json,2026-08-02T23:21:10.468648Z,2026-08-02T23:21:10.468749Z,FsdnzTGPOFs2pCVmENmg9w==,3829,3829,OK,
gs://jugnu-canary/profiles/strict-v2-fa1afb7/28391.json,gs://jugnu-canary/profiles/strat1000-ff7b377/28391.json,2026-08-02T23:21:10.517075Z,2026-08-02T23:21:10.517165Z,PkbPSqSDCQD/uQMERhv+Kw==,3034,3034,OK,
gs://jugnu-canary/profiles/strict-v2-fa1afb7/284136.json,gs://jugnu-canary/profiles/strat1000-ff7b377/284136.json,2026-08-02T23:21:10.592003Z,2026-08-02T23:21:10.592088Z,/ezmfV2tPklDm+XC0T6dQg==,3346,3346,OK,
gs://jugnu-canary/profiles/strict-v2-fa1afb7/284598.json,gs://jugnu-canary/profiles/strat1000-ff7b377/284598.json,2026-08-02T23:21:10.648323Z,2026-08-02T23:21:10.648356Z,vx88CqGtNlAG/alhEqXjsQ==,3022,3022,OK,
gs://jugnu-canary/profiles/strict-v2-fa1afb7/285096.json,gs://jugnu-canary/profiles/strat1000-ff7b377/285096.json,2026-08-02T23:21:10.716757Z,2026-08-02T23:21:10.716839Z,uqz+UFKQ9be3+DCuNnH3Fg==,3086,3086,OK,
gs://jugnu-canary/profiles/strict-v2-fa1afb7/28596.json,gs://jugnu-canary/profiles/strat1000-ff7b377/28596.json,2026-08-02T23:21:10.792799Z,2026-08-02T23:21:10.792900Z,/PN6ognyt5C9VWlcpmnGKg==,3068,3068,OK,
gs://jugnu-canary/profiles/strict-v2-fa1afb7/286957.json,gs://jugnu-canary/profiles/strat1000-ff7b377/286957.json,2026-08-02T23:21:10.846663Z,2026-08-02T23:21:10.846752Z,FnrBfX5Tjj+J66I/vOjp6Q==,3051,3051,OK,
gs://jugnu-canary/profiles/strict-v2-fa1afb7/28728.json,gs://jugnu-canary/profiles/strat1000-ff7b377/28728.json,2026-08-02T23:21:10.938100Z,2026-08-02T23:21:10.938189Z,w9+L+rC9bi+AksrslNAuUA==,3013,3013,OK,
gs://jugnu-canary/profiles/strict-v2-fa1afb7/288502.json,gs://jugnu-canary/profiles/strat1000-ff7b377/288502.json,2026-08-02T23:21:10.985443Z,2026-08-02T23:21:10.985518Z,mNxJ5zpiL3ywez4OfEsCnQ==,3807,3807,OK,
gs://jugnu-canary/profiles/strict-v2-fa1afb7/288891.json,gs://jugnu-canary/profiles/strat1000-ff7b377/288891.json,2026-08-02T23:21:11.072554Z,2026-08-02T23:21:11.072651Z,WIJZSb5ckpvyfq/L6796ww==,3755,3755,OK,
gs://jugnu-canary/profiles/strict-v2-fa1afb7/289463.json,gs://jugnu-canary/profiles/strat1000-ff7b377/289463.json,2026-08-02T23:21:11.106052Z,2026-08-02T23:21:11.106142Z,Vf23ZXck1g9KrpWbj0nKRQ==,3182,3182,OK,
gs://jugnu-canary/profiles/strict-v2-fa1afb7/290551.json,gs://jugnu-canary/profiles/strat1000-ff7b377/290551.json,2026-08-02T23:21:11.184026Z,2026-08-02T23:21:11.184116Z,eudH332MTuVNM0csyC5fjA==,4029,4029,OK,
gs://jugnu-canary/profiles/strict-v2-fa1afb7/290592.json,gs://jugnu-canary/profiles/strat1000-ff7b377/290592.json,2026-08-02T23:21:11.252318Z,2026-08-02T23:21:11.252416Z,ZP7bi/iRcvmEEx7eWnFAaQ==,3036,3036,OK,
gs://jugnu-canary/profiles/strict-v2-fa1afb7/29154.json,gs://jugnu-canary/profiles/strat1000-ff7b377/29154.json,2026-08-02T23:21:11.307024Z,2026-08-02T23:21:11.307121Z,iZvHFY2tBhmbrwg6T/Kpjg==,3425,3425,OK,
gs://jugnu-canary/profiles/strict-v2-fa1afb7/292744.json,gs://jugnu-canary/profiles/strat1000-ff7b377/292744.json,2026-08-02T23:21:11.367815Z,2026-08-02T23:21:11.367848Z,hpawyJUUDA+ysgFNQp6w3g==,4057,4057,OK,
gs://jugnu-canary/profiles/strict-v2-fa1afb7/292753.json,gs://jugnu-canary/profiles/strat1000-ff7b377/292753.json,2026-08-02T23:21:11.432213Z,2026-08-02T23:21:11.432314Z,gtug7kzd1tH3Tzsf0WsDUA==,4048,4048,OK,
gs://jugnu-canary/profiles/strict-v2-fa1afb7/292894.json,gs://jugnu-canary/profiles/strat1000-ff7b377/292894.json,2026-08-02T23:21:11.499142Z,2026-08-02T23:21:11.499219Z,36/yXXmJPzJF4nBkgBewvQ==,3810,3810,OK,
gs://jugnu-canary/profiles/strict-v2-fa1afb7/293735.json,gs://jugnu-canary/profiles/strat1000-ff7b377/293735.json,2026-08-02T23:21:11.572234Z,2026-08-02T23:21:11.572324Z,zXWXlpKwKVqqxI56kSt3HA==,3792,3792,OK,
gs://jugnu-canary/profiles/strict-v2-fa1afb7/2955.json,gs://jugnu-canary/profiles/strat1000-ff7b377/2955.json,2026-08-02T23:21:11.628321Z,2026-08-02T23:21:11.628411Z,eA6pyuKCvYLB5WclJGfHSw==,3216,3216,OK,
gs://jugnu-canary/profiles/strict-v2-fa1afb7/297341.json,gs://jugnu-canary/profiles/strat1000-ff7b377/297341.json,2026-08-02T23:21:11.693480Z,2026-08-02T23:21:11.693563Z,gLgdEwafxhPXPdwMP/sTtg==,3036,3036,OK,
gs://jugnu-canary/profiles/strict-v2-fa1afb7/297947.json,gs://jugnu-canary/profiles/strat1000-ff7b377/297947.json,2026-08-02T23:21:11.762465Z,2026-08-02T23:21:11.762557Z,4AvOhXzoC+HywbisixRIfw==,3045,3045,OK,
gs://jugnu-canary/profiles/strict-v2-fa1afb7/297957.json,gs://jugnu-canary/profiles/strat1000-ff7b377/297957.json,2026-08-02T23:21:11.804148Z,2026-08-02T23:21:11.804247Z,NyaQVH9eKanmnft92NJ5Lw==,3834,3834,OK,
gs://jugnu-canary/profiles/strict-v2-fa1afb7/2982.json,gs://jugnu-canary/profiles/strat1000-ff7b377/2982.json,2026-08-02T23:21:11.880195Z,2026-08-02T23:21:11.880233Z,IUKvJIohYmqFdZ04CBwpbg==,3079,3079,OK,
gs://jugnu-canary/profiles/strict-v2-fa1afb7/298547.json,gs://jugnu-canary/profiles/strat1000-ff7b377/298547.json,2026-08-02T23:21:11.941370Z,2026-08-02T23:21:11.941452Z,0K2VLFmL3KvvAquxifmt9A==,3062,3062,OK,
gs://jugnu-canary/profiles/strict-v2-fa1afb7/298632.json,gs://jugnu-canary/profiles/strat1000-ff7b377/298632.json,2026-08-02T23:21:12.004062Z,2026-08-02T23:21:12.004142Z,m1iFmB/gMkCAcRAqtovixw==,3078,3078,OK,
gs://jugnu-canary/profiles/strict-v2-fa1afb7/299535.json,gs://jugnu-canary/profiles/strat1000-ff7b377/299535.json,2026-08-02T23:21:12.059717Z,2026-08-02T23:21:12.059805Z,G7/MjDGsNpdNuObvgwqTEg==,3055,3055,OK,
gs://jugnu-canary/profiles/strict-v2-fa1afb7/30237.json,gs://jugnu-canary/profiles/strat1000-ff7b377/30237.json,2026-08-02T23:21:12.134623Z,2026-08-02T23:21:12.134707Z,99ZP+8j9iwh6ZfP/OEADXQ==,3035,3035,OK,
gs://jugnu-canary/profiles/strict-v2-fa1afb7/302570.json,gs://jugnu-canary/profiles/strat1000-ff7b377/302570.json,2026-08-02T23:21:12.182472Z,2026-08-02T23:21:12.182503Z,Lf39Tj7m9zvLUDwTLlnKpw==,3245,3245,OK,
gs://jugnu-canary/profiles/strict-v2-fa1afb7/30273.json,gs://jugnu-canary/profiles/strat1000-ff7b377/30273.json,2026-08-02T23:21:12.261567Z,2026-08-02T23:21:12.261657Z,jvoFoLKidbHGCqFwvn5AGg==,3259,3259,OK,
gs://jugnu-canary/profiles/strict-v2-fa1afb7/304379.json,gs://jugnu-canary/profiles/strat1000-ff7b377/304379.json,2026-08-02T23:21:12.323133Z,2026-08-02T23:21:12.323233Z,e//VwafPlt+8rlZbCrU5sw==,3005,3005,OK,
gs://jugnu-canary/profiles/strict-v2-fa1afb7/30657.json,gs://jugnu-canary/profiles/strat1000-ff7b377/30657.json,2026-08-02T23:21:12.368386Z,2026-08-02T23:21:12.368476Z,f2l06ysfY7/V3nGc4uJPSA==,3123,3123,OK,
gs://jugnu-canary/profiles/strict-v2-fa1afb7/30723.json,gs://jugnu-canary/profiles/strat1000-ff7b377/30723.json,2026-08-02T23:21:12.441631Z,2026-08-02T23:21:12.441726Z,vf3uXEAHX5PnWPF/AiKsBQ==,3013,3013,OK,
gs://jugnu-canary/profiles/strict-v2-fa1afb7/30918.json,gs://jugnu-canary/profiles/strat1000-ff7b377/30918.json,2026-08-02T23:21:12.516791Z,2026-08-02T23:21:12.516867Z,2rmDjcxUQ0rq4rLRfZxtzg==,3088,3088,OK,
gs://jugnu-canary/profiles/strict-v2-fa1afb7/30997.json,gs://jugnu-canary/profiles/strat1000-ff7b377/30997.json,2026-08-02T23:21:12.573067Z,2026-08-02T23:21:12.573154Z,1Ylat9paN89s2WFfS6AvCg==,3088,3088,OK,
gs://jugnu-canary/profiles/strict-v2-fa1afb7/3108.json,gs://jugnu-canary/profiles/strat1000-ff7b377/3108.json,2026-08-02T23:21:12.676346Z,2026-08-02T23:21:12.676443Z,DlG/j8TfQTPhKcmqtrGQYw==,4033,4033,OK,
gs://jugnu-canary/profiles/strict-v2-fa1afb7/3116.json,gs://jugnu-canary/profiles/strat1000-ff7b377/3116.json,2026-08-02T23:21:12.709042Z,2026-08-02T23:21:12.709127Z,uV6q1n7q/goWX12PXk+LRw==,4045,4045,OK,
gs://jugnu-canary/profiles/strict-v2-fa1afb7/31701.json,gs://jugnu-canary/profiles/strat1000-ff7b377/31701.json,2026-08-02T23:21:12.766426Z,2026-08-02T23:21:12.766522Z,xXFt6y7N6ys8IHajuwHd3w==,3128,3128,OK,
gs://jugnu-canary/profiles/strict-v2-fa1afb7/31743.json,gs://jugnu-canary/profiles/strat1000-ff7b377/31743.json,2026-08-02T23:21:12.834743Z,2026-08-02T23:21:12.834843Z,fHfysv9vUzDWMf4hHXXa/Q==,3020,3020,OK,
gs://jugnu-canary/profiles/strict-v2-fa1afb7/3181.json,gs://jugnu-canary/profiles/strat1000-ff7b377/3181.json,2026-08-02T23:21:12.885924Z,2026-08-02T23:21:12.886018Z,EvfLNrTBEw/GCaUBfnvSPg==,3090,3090,OK,
gs://jugnu-canary/profiles/strict-v2-fa1afb7/3185.json,gs://jugnu-canary/profiles/strat1000-ff7b377/3185.json,2026-08-02T23:21:12.947877Z,2026-08-02T23:21:12.947968Z,aUlBUnhcEfA34a2RYDVuKg==,3822,3822,OK,
gs://jugnu-canary/profiles/strict-v2-fa1afb7/3197.json,gs://jugnu-canary/profiles/strat1000-ff7b377/3197.json,2026-08-02T23:21:13.011281Z,2026-08-02T23:21:13.011358Z,nBO2MJFPbtJzQA01MxHyfQ==,3093,3093,OK,
gs://jugnu-canary/profiles/strict-v2-fa1afb7/32336.json,gs://jugnu-canary/profiles/strat1000-ff7b377/32336.json,2026-08-02T23:21:13.081093Z,2026-08-02T23:21:13.081185Z,32kiDDsyD6IUB6QRtkD4bQ==,3202,3202,OK,
gs://jugnu-canary/profiles/strict-v2-fa1afb7/32722.json,gs://jugnu-canary/profiles/strat1000-ff7b377/32722.json,2026-08-02T23:21:13.142550Z,2026-08-02T23:21:13.142645Z,z5vNmMfZP6Ij8iSa8NI1jA==,3047,3047,OK,
gs://jugnu-canary/profiles/strict-v2-fa1afb7/32746.json,gs://jugnu-canary/profiles/strat1000-ff7b377/32746.json,2026-08-02T23:21:13.195044Z,2026-08-02T23:21:13.195132Z,z9h79BaWfN4P4lT4bb/HUw==,3839,3839,OK,
gs://jugnu-canary/profiles/strict-v2-fa1afb7/3307.json,gs://jugnu-canary/profiles/strat1000-ff7b377/3307.json,2026-08-02T23:21:13.280290Z,2026-08-02T23:21:13.280384Z,FU2ZI7cVS0QgqxhufU+e2Q==,4014,4014,OK,
gs://jugnu-canary/profiles/strict-v2-fa1afb7/33327.json,gs://jugnu-canary/profiles/strat1000-ff7b377/33327.json,2026-08-02T23:21:13.349931Z,2026-08-02T23:21:13.350014Z,v8OPkllwDkWssYBL8JqWJA==,3032,3032,OK,
gs://jugnu-canary/profiles/strict-v2-fa1afb7/33764.json,gs://jugnu-canary/profiles/strat1000-ff7b377/33764.json,2026-08-02T23:21:13.427665Z,2026-08-02T23:21:13.427744Z,fZknQ/mFPFNWFTYTyE9Xhg==,3744,3744,OK,
gs://jugnu-canary/profiles/strict-v2-fa1afb7/3379.json,gs://jugnu-canary/profiles/strat1000-ff7b377/3379.json,2026-08-02T23:21:13.514129Z,2026-08-02T23:21:13.514221Z,onEtqGm2RthyAYnxAEHDnQ==,3001,3001,OK,
gs://jugnu-canary/profiles/strict-v2-fa1afb7/33986.json,gs://jugnu-canary/profiles/strat1000-ff7b377/33986.json,2026-08-02T23:21:13.566348Z,2026-08-02T23:21:13.566428Z,ZQr0i/tbe+tV3GOPWzia2Q==,3286,3286,OK,
gs://jugnu-canary/profiles/strict-v2-fa1afb7/33996.json,gs://jugnu-canary/profiles/strat1000-ff7b377/33996.json,2026-08-02T23:21:13.622002Z,2026-08-02T23:21:13.622037Z,r5/q1fmzuNczdm+lWIB2WA==,3025,3025,OK,
gs://jugnu-canary/profiles/strict-v2-fa1afb7/34131.json,gs://jugnu-canary/profiles/strat1000-ff7b377/34131.json,2026-08-02T23:21:13.694863Z,2026-08-02T23:21:13.694952Z,j1hdyzuBYPIvD+v3SNhBHw==,3805,3805,OK,
gs://jugnu-canary/profiles/strict-v2-fa1afb7/34275.json,gs://jugnu-canary/profiles/strat1000-ff7b377/34275.json,2026-08-02T23:21:13.760170Z,2026-08-02T23:21:13.760258Z,0XIq/x+bVM6lvwnEKu4E3g==,3010,3010,OK,
gs://jugnu-canary/profiles/strict-v2-fa1afb7/34500.json,gs://jugnu-canary/profiles/strat1000-ff7b377/34500.json,2026-08-02T23:21:13.823353Z,2026-08-02T23:21:13.823440Z,yGi+XTVjhaCKQBxjODlMCQ==,3049,3049,OK,
gs://jugnu-canary/profiles/strict-v2-fa1afb7/34661.json,gs://jugnu-canary/profiles/strat1000-ff7b377/34661.json,2026-08-02T23:21:13.903040Z,2026-08-02T23:21:13.903142Z,mkkOej6ykm7sDmtT+qVWaA==,3043,3043,OK,
gs://jugnu-canary/profiles/strict-v2-fa1afb7/34880.json,gs://jugnu-canary/profiles/strat1000-ff7b377/34880.json,2026-08-02T23:21:13.962577Z,2026-08-02T23:21:13.962662Z,8bSsWTRmsqbpR7xwOeSbBQ==,3234,3234,OK,
gs://jugnu-canary/profiles/strict-v2-fa1afb7/35166.json,gs://jugnu-canary/profiles/strat1000-ff7b377/35166.json,2026-08-02T23:21:14.031216Z,2026-08-02T23:21:14.031302Z,jBswGagdXsF7sY00MB2MSw==,3049,3049,OK,
gs://jugnu-canary/profiles/strict-v2-fa1afb7/35256.json,gs://jugnu-canary/profiles/strat1000-ff7b377/35256.json,2026-08-02T23:21:14.089639Z,2026-08-02T23:21:14.089743Z,9wwelnv31tdEmB+V0wvT/Q==,3085,3085,OK,
gs://jugnu-canary/profiles/strict-v2-fa1afb7/3535.json,gs://jugnu-canary/profiles/strat1000-ff7b377/3535.json,2026-08-02T23:21:14.159504Z,2026-08-02T23:21:14.159591Z,ydZR5qmEb7zXwpNpLRP+Wg==,3013,3013,OK,
gs://jugnu-canary/profiles/strict-v2-fa1afb7/35540.json,gs://jugnu-canary/profiles/strat1000-ff7b377/35540.json,2026-08-02T23:21:14.208440Z,2026-08-02T23:21:14.208669Z,FQFtrQXr41GciD7pKdt/4g==,3170,3170,OK,
gs://jugnu-canary/profiles/strict-v2-fa1afb7/35717.json,gs://jugnu-canary/profiles/strat1000-ff7b377/35717.json,2026-08-02T23:21:14.278360Z,2026-08-02T23:21:14.278441Z,lBu+4iTyEG0Fs5+9pE2xUA==,3059,3059,OK,
gs://jugnu-canary/profiles/strict-v2-fa1afb7/35968.json,gs://jugnu-canary/profiles/strat1000-ff7b377/35968.json,2026-08-02T23:21:14.346713Z,2026-08-02T23:21:14.346789Z,5Znwk3pUBJJzNzIVZVE35g==,3758,3758,OK,
gs://jugnu-canary/profiles/strict-v2-fa1afb7/36143.json,gs://jugnu-canary/profiles/strat1000-ff7b377/36143.json,2026-08-02T23:21:14.414991Z,2026-08-02T23:21:14.415085Z,r3JeGRT401NFV+FwQC+jXw==,3090,3090,OK,
gs://jugnu-canary/profiles/strict-v2-fa1afb7/36173.json,gs://jugnu-canary/profiles/strat1000-ff7b377/36173.json,2026-08-02T23:21:14.458553Z,2026-08-02T23:21:14.458616Z,N9/cX7xp2mPRb2qNgglASw==,3443,3443,OK,
gs://jugnu-canary/profiles/strict-v2-fa1afb7/36198.json,gs://jugnu-canary/profiles/strat1000-ff7b377/36198.json,2026-08-02T23:21:14.520404Z,2026-08-02T23:21:14.520496Z,Js+ndggWSL5AOOK9fAEf3Q==,3059,3059,OK,
gs://jugnu-canary/profiles/strict-v2-fa1afb7/36341.json,gs://jugnu-canary/profiles/strat1000-ff7b377/36341.json,2026-08-02T23:21:14.596937Z,2026-08-02T23:21:14.597036Z,1C0LqILPZCGcuuozMrUfiA==,3033,3033,OK,
gs://jugnu-canary/profiles/strict-v2-fa1afb7/36964.json,gs://jugnu-canary/profiles/strat1000-ff7b377/36964.json,2026-08-02T23:21:14.655537Z,2026-08-02T23:21:14.655632Z,s37QsIWFCR7bOn63Spkc1g==,3788,3788,OK,
gs://jugnu-canary/profiles/strict-v2-fa1afb7/37065.json,gs://jugnu-canary/profiles/strat1000-ff7b377/37065.json,2026-08-02T23:21:14.730909Z,2026-08-02T23:21:14.731000Z,GX3f0gOHgYJqAiXKS4PzJA==,3285,3285,OK,
gs://jugnu-canary/profiles/strict-v2-fa1afb7/37143.json,gs://jugnu-canary/profiles/strat1000-ff7b377/37143.json,2026-08-02T23:21:14.781193Z,2026-08-02T23:21:14.781258Z,4r77V2u37yg0yveExlqB3w==,2984,2984,OK,
gs://jugnu-canary/profiles/strict-v2-fa1afb7/37160.json,gs://jugnu-canary/profiles/strat1000-ff7b377/37160.json,2026-08-02T23:21:14.866778Z,2026-08-02T23:21:14.866866Z,csPmo7luBbt1l2dVAGewtg==,3009,3009,OK,
gs://jugnu-canary/profiles/strict-v2-fa1afb7/37360.json,gs://jugnu-canary/profiles/strat1000-ff7b377/37360.json,2026-08-02T23:21:14.927151Z,2026-08-02T23:21:14.927236Z,jnBMfMTw6MwI8qYvCAmEHw==,2996,2996,OK,
gs://jugnu-canary/profiles/strict-v2-fa1afb7/37376.json,gs://jugnu-canary/profiles/strat1000-ff7b377/37376.json,2026-08-02T23:21:15.004120Z,2026-08-02T23:21:15.004217Z,UYWoJGLZ5G7WhC9XxPKkvg==,3075,3075,OK,
gs://jugnu-canary/profiles/strict-v2-fa1afb7/37388.json,gs://jugnu-canary/profiles/strat1000-ff7b377/37388.json,2026-08-02T23:21:15.083688Z,2026-08-02T23:21:15.083788Z,XeMEN7Y2TV8ZEqqEku+L/A==,3303,3303,OK,
gs://jugnu-canary/profiles/strict-v2-fa1afb7/37476.json,gs://jugnu-canary/profiles/strat1000-ff7b377/37476.json,2026-08-02T23:21:15.143736Z,2026-08-02T23:21:15.143837Z,sePimM6cxWp/M0pD9JVf3Q==,3055,3055,OK,
gs://jugnu-canary/profiles/strict-v2-fa1afb7/37545.json,gs://jugnu-canary/profiles/strat1000-ff7b377/37545.json,2026-08-02T23:21:15.209962Z,2026-08-02T23:21:15.210051Z,H9LLquAiPcaI4wQbmarUZA==,3082,3082,OK,
gs://jugnu-canary/profiles/strict-v2-fa1afb7/37597.json,gs://jugnu-canary/profiles/strat1000-ff7b377/37597.json,2026-08-02T23:21:15.276552Z,2026-08-02T23:21:15.276659Z,+vypWPA9N5XI7HWcREQSuA==,3046,3046,OK,
gs://jugnu-canary/profiles/strict-v2-fa1afb7/37920.json,gs://jugnu-canary/profiles/strat1000-ff7b377/37920.json,2026-08-02T23:21:15.344725Z,2026-08-02T23:21:15.344816Z,olf4Tlakg08aPmxbRJPOMw==,3330,3330,OK,
gs://jugnu-canary/profiles/strict-v2-fa1afb7/3811.json,gs://jugnu-canary/profiles/strat1000-ff7b377/3811.json,2026-08-02T23:21:15.402014Z,2026-08-02T23:21:15.402101Z,jbc5p+xu8EyGQaAIBdjf7A==,2990,2990,OK,
gs://jugnu-canary/profiles/strict-v2-fa1afb7/38517.json,gs://jugnu-canary/profiles/strat1000-ff7b377/38517.json,2026-08-02T23:21:15.484246Z,2026-08-02T23:21:15.484345Z,N6ir0v8vRr8eF+Rb9Kcpfw==,3801,3801,OK,
gs://jugnu-canary/profiles/strict-v2-fa1afb7/38541.json,gs://jugnu-canary/profiles/strat1000-ff7b377/38541.json,2026-08-02T23:21:15.561003Z,2026-08-02T23:21:15.561096Z,NA1FIkbAwiHcqv7wyUBIaA==,3115,3115,OK,
gs://jugnu-canary/profiles/strict-v2-fa1afb7/38551.json,gs://jugnu-canary/profiles/strat1000-ff7b377/38551.json,2026-08-02T23:21:15.630650Z,2026-08-02T23:21:15.630733Z,Fh3FOYXUC9w8VnyIDhkD3w==,3234,3234,OK,
gs://jugnu-canary/profiles/strict-v2-fa1afb7/38733.json,gs://jugnu-canary/profiles/strat1000-ff7b377/38733.json,2026-08-02T23:21:15.654467Z,2026-08-02T23:21:15.654531Z,1zzNshe428fJ4oOiRuXL9Q==,3361,3361,OK,
gs://jugnu-canary/profiles/strict-v2-fa1afb7/38897.json,gs://jugnu-canary/profiles/strat1000-ff7b377/38897.json,2026-08-02T23:21:15.715692Z,2026-08-02T23:21:15.715777Z,v6rMRp+wkxKKzUoGvTMMZQ==,3061,3061,OK,
gs://jugnu-canary/profiles/strict-v2-fa1afb7/39387.json,gs://jugnu-canary/profiles/strat1000-ff7b377/39387.json,2026-08-02T23:21:15.783989Z,2026-08-02T23:21:15.784096Z,Ufgj3w21stuW1skWCIcNXQ==,3010,3010,OK,
gs://jugnu-canary/profiles/strict-v2-fa1afb7/39779.json,gs://jugnu-canary/profiles/strat1000-ff7b377/39779.json,2026-08-02T23:21:15.863116Z,2026-08-02T23:21:15.863201Z,qvs+korxrxhUcgN27P1zmQ==,3093,3093,OK,
gs://jugnu-canary/profiles/strict-v2-fa1afb7/39961.json,gs://jugnu-canary/profiles/strat1000-ff7b377/39961.json,2026-08-02T23:21:15.911848Z,2026-08-02T23:21:15.911932Z,yM8jNuSBRygi1DikB9zV4g==,2999,2999,OK,
gs://jugnu-canary/profiles/strict-v2-fa1afb7/4079.json,gs://jugnu-canary/profiles/strat1000-ff7b377/4079.json,2026-08-02T23:21:15.978510Z,2026-08-02T23:21:15.978623Z,7JniDhy7CNXHv/H1sfyWfw==,3099,3099,OK,
gs://jugnu-canary/profiles/strict-v2-fa1afb7/40986.json,gs://jugnu-canary/profiles/strat1000-ff7b377/40986.json,2026-08-02T23:21:16.044934Z,2026-08-02T23:21:16.045024Z,ZqSY9YUClyf6sbZ5Jhaxgw==,3011,3011,OK,
gs://jugnu-canary/profiles/strict-v2-fa1afb7/40996.json,gs://jugnu-canary/profiles/strat1000-ff7b377/40996.json,2026-08-02T23:21:16.103083Z,2026-08-02T23:21:16.103169Z,A/n4OPK42vYFHbwOsN+uPg==,4078,4078,OK,
gs://jugnu-canary/profiles/strict-v2-fa1afb7/41185.json,gs://jugnu-canary/profiles/strat1000-ff7b377/41185.json,2026-08-02T23:21:16.235114Z,2026-08-02T23:21:16.235148Z,rGJ44Y8BChGPCTem/FUGAQ==,3812,3812,OK,
gs://jugnu-canary/profiles/strict-v2-fa1afb7/4101.json,gs://jugnu-canary/profiles/strat1000-ff7b377/4101.json,2026-08-02T23:21:16.271154Z,2026-08-02T23:21:16.271246Z,mQJEV3T8oscv4YXJp7qqSQ==,4038,4038,OK,
gs://jugnu-canary/profiles/strict-v2-fa1afb7/41556.json,gs://jugnu-canary/profiles/strat1000-ff7b377/41556.json,2026-08-02T23:21:16.318483Z,2026-08-02T23:21:16.318573Z,UlUU8VAO2mEQM3I+iMp7Gw==,4050,4050,OK,
gs://jugnu-canary/profiles/strict-v2-fa1afb7/4167.json,gs://jugnu-canary/profiles/strat1000-ff7b377/4167.json,2026-08-02T23:21:16.375015Z,2026-08-02T23:21:16.375095Z,oMRvCg7xaavQbTUpplf+vg==,4043,4043,OK,
gs://jugnu-canary/profiles/strict-v2-fa1afb7/4170.json,gs://jugnu-canary/profiles/strat1000-ff7b377/4170.json,2026-08-02T23:21:16.435464Z,2026-08-02T23:21:16.435538Z,y7/UgO4icrVDyim/JfVmrQ==,3035,3035,OK,
gs://jugnu-canary/profiles/strict-v2-fa1afb7/41973.json,gs://jugnu-canary/profiles/strat1000-ff7b377/41973.json,2026-08-02T23:21:16.543006Z,2026-08-02T23:21:16.543107Z,LHULg277mJjvOu786MZLvg==,3017,3017,OK,
gs://jugnu-canary/profiles/strict-v2-fa1afb7/42361.json,gs://jugnu-canary/profiles/strat1000-ff7b377/42361.json,2026-08-02T23:21:16.585839Z,2026-08-02T23:21:16.585937Z,+CdukSx7DVVKjmv3MegYKw==,3043,3043,OK,
gs://jugnu-canary/profiles/strict-v2-fa1afb7/42525.json,gs://jugnu-canary/profiles/strat1000-ff7b377/42525.json,2026-08-02T23:21:16.624311Z,2026-08-02T23:21:16.624382Z,DlWxgHmY/M31wcmCRXN7kw==,2999,2999,OK,
gs://jugnu-canary/profiles/strict-v2-fa1afb7/43.json,gs://jugnu-canary/profiles/strat1000-ff7b377/43.json,2026-08-02T23:21:16.699290Z,2026-08-02T23:21:16.699384Z,o+W++bgPXtU4d+qreD5DRQ==,3322,3322,OK,
gs://jugnu-canary/profiles/strict-v2-fa1afb7/43097.json,gs://jugnu-canary/profiles/strat1000-ff7b377/43097.json,2026-08-02T23:21:16.779403Z,2026-08-02T23:21:16.779494Z,t4UavcomSkPJopQTIFbz7Q==,3122,3122,OK,
gs://jugnu-canary/profiles/strict-v2-fa1afb7/43372.json,gs://jugnu-canary/profiles/strat1000-ff7b377/43372.json,2026-08-02T23:21:16.845511Z,2026-08-02T23:21:16.845544Z,vG55dTCWZrKfyoAMu+hiDw==,3046,3046,OK,
gs://jugnu-canary/profiles/strict-v2-fa1afb7/44153.json,gs://jugnu-canary/profiles/strat1000-ff7b377/44153.json,2026-08-02T23:21:16.912157Z,2026-08-02T23:21:16.912256Z,n1Oc2cgCd/O8lkatInMxAQ==,4043,4043,OK,
gs://jugnu-canary/profiles/strict-v2-fa1afb7/44754.json,gs://jugnu-canary/profiles/strat1000-ff7b377/44754.json,2026-08-02T23:21:16.969595Z,2026-08-02T23:21:16.969662Z,8vzPASkGshOi09ALGK2MUQ==,2993,2993,OK,
gs://jugnu-canary/profiles/strict-v2-fa1afb7/44765.json,gs://jugnu-canary/profiles/strat1000-ff7b377/44765.json,2026-08-02T23:21:17.052254Z,2026-08-02T23:21:17.052353Z,TlPEm59JofQjrRD9VAR5kw==,3017,3017,OK,
gs://jugnu-canary/profiles/strict-v2-fa1afb7/45318.json,gs://jugnu-canary/profiles/strat1000-ff7b377/45318.json,2026-08-02T23:21:17.107375Z,2026-08-02T23:21:17.107479Z,dn+gYkmjMTnP5iVcTM4EJg==,3007,3007,OK,
gs://jugnu-canary/profiles/strict-v2-fa1afb7/45720.json,gs://jugnu-canary/profiles/strat1000-ff7b377/45720.json,2026-08-02T23:21:17.176132Z,2026-08-02T23:21:17.176232Z,/shCDfPQ33tUvoq500gT0A==,3816,3816,OK,
gs://jugnu-canary/profiles/strict-v2-fa1afb7/4599.json,gs://jugnu-canary/profiles/strat1000-ff7b377/4599.json,2026-08-02T23:21:17.221819Z,2026-08-02T23:21:17.221892Z,lNzre7ilepQh1b7SEZjNfg==,3072,3072,OK,
gs://jugnu-canary/profiles/strict-v2-fa1afb7/46355.json,gs://jugnu-canary/profiles/strat1000-ff7b377/46355.json,2026-08-02T23:21:17.303356Z,2026-08-02T23:21:17.303458Z,RQu1B5hUglfl+lHPd1NFWw==,4038,4038,OK,
gs://jugnu-canary/profiles/strict-v2-fa1afb7/46561.json,gs://jugnu-canary/profiles/strat1000-ff7b377/46561.json,2026-08-02T23:21:17.377233Z,2026-08-02T23:21:17.377326Z,oZrk7v6AkcD+Qrx++Z9y0w==,3027,3027,OK,
gs://jugnu-canary/profiles/strict-v2-fa1afb7/46993.json,gs://jugnu-canary/profiles/strat1000-ff7b377/46993.json,2026-08-02T23:21:17.436463Z,2026-08-02T23:21:17.436552Z,wgfQ3r8PMO23Trq0Z2IdHw==,3057,3057,OK,
gs://jugnu-canary/profiles/strict-v2-fa1afb7/47164.json,gs://jugnu-canary/profiles/strat1000-ff7b377/47164.json,2026-08-02T23:21:17.495629Z,2026-08-02T23:21:17.495719Z,lsexGTesYZydMvPVCjFJpA==,4043,4043,OK,
gs://jugnu-canary/profiles/strict-v2-fa1afb7/4724.json,gs://jugnu-canary/profiles/strat1000-ff7b377/4724.json,2026-08-02T23:21:17.545924Z,2026-08-02T23:21:17.545993Z,q6xzuY0pS4RfLI9LVJkv+A==,3018,3018,OK,
gs://jugnu-canary/profiles/strict-v2-fa1afb7/47346.json,gs://jugnu-canary/profiles/strat1000-ff7b377/47346.json,2026-08-02T23:21:17.611081Z,2026-08-02T23:21:17.611167Z,16A8FrNvCSNC5VjkzlMRhQ==,3036,3036,OK,
gs://jugnu-canary/profiles/strict-v2-fa1afb7/47523.json,gs://jugnu-canary/profiles/strat1000-ff7b377/47523.json,2026-08-02T23:21:17.666347Z,2026-08-02T23:21:17.666379Z,YGk41nB88wNZF8fjglTB4Q==,3065,3065,OK,
gs://jugnu-canary/profiles/strict-v2-fa1afb7/4767.json,gs://jugnu-canary/profiles/strat1000-ff7b377/4767.json,2026-08-02T23:21:17.738047Z,2026-08-02T23:21:17.738137Z,u7atD6xgwUnkks7nIR+4Kw==,3164,3164,OK,
gs://jugnu-canary/profiles/strict-v2-fa1afb7/47710.json,gs://jugnu-canary/profiles/strat1000-ff7b377/47710.json,2026-08-02T23:21:17.800673Z,2026-08-02T23:21:17.800777Z,qFYLe7Mo3wpXP0Ui8L2etw==,3064,3064,OK,
gs://jugnu-canary/profiles/strict-v2-fa1afb7/48118.json,gs://jugnu-canary/profiles/strat1000-ff7b377/48118.json,2026-08-02T23:21:17.860082Z,2026-08-02T23:21:17.860116Z,LVFPGYCihDSP3kxUCcR4nA==,4040,4040,OK,
gs://jugnu-canary/profiles/strict-v2-fa1afb7/48177.json,gs://jugnu-canary/profiles/strat1000-ff7b377/48177.json,2026-08-02T23:21:17.926535Z,2026-08-02T23:21:17.926623Z,snLQuRlF0aSRzxNj1BQT/g==,3050,3050,OK,
gs://jugnu-canary/profiles/strict-v2-fa1afb7/48514.json,gs://jugnu-canary/profiles/strat1000-ff7b377/48514.json,2026-08-02T23:21:17.982586Z,2026-08-02T23:21:17.982679Z,7cONwcgFiX3+8bhu9qZ4TQ==,3045,3045,OK,
gs://jugnu-canary/profiles/strict-v2-fa1afb7/48762.json,gs://jugnu-canary/profiles/strat1000-ff7b377/48762.json,2026-08-02T23:21:18.043737Z,2026-08-02T23:21:18.043820Z,f7c0A9QqWco+pLHwKQj6FQ==,4100,4100,OK,
gs://jugnu-canary/profiles/strict-v2-fa1afb7/4939.json,gs://jugnu-canary/profiles/strat1000-ff7b377/4939.json,2026-08-02T23:21:18.109374Z,2026-08-02T23:21:18.109456Z,r7DsWhTbP2Vl6tNSNyAdQA==,3003,3003,OK,
gs://jugnu-canary/profiles/strict-v2-fa1afb7/49529.json,gs://jugnu-canary/profiles/strat1000-ff7b377/49529.json,2026-08-02T23:21:18.182087Z,2026-08-02T23:21:18.182208Z,Tyoo7pIbHHgvRbC1m0NAsw==,3046,3046,OK,
gs://jugnu-canary/profiles/strict-v2-fa1afb7/49726.json,gs://jugnu-canary/profiles/strat1000-ff7b377/49726.json,2026-08-02T23:21:18.247236Z,2026-08-02T23:21:18.247317Z,zbhdusXaISbnSlxag7HYtg==,3070,3070,OK,
gs://jugnu-canary/profiles/strict-v2-fa1afb7/49752.json,gs://jugnu-canary/profiles/strat1000-ff7b377/49752.json,2026-08-02T23:21:18.312576Z,2026-08-02T23:21:18.312679Z,SKnRADvkL0dyF+Ihm2fWhA==,3341,3341,OK,
gs://jugnu-canary/profiles/strict-v2-fa1afb7/49986.json,gs://jugnu-canary/profiles/strat1000-ff7b377/49986.json,2026-08-02T23:21:18.384284Z,2026-08-02T23:21:18.384379Z,9GXOhFns5Z9INvF2CcqpBw==,4034,4034,OK,
gs://jugnu-canary/profiles/strict-v2-fa1afb7/5091.json,gs://jugnu-canary/profiles/strat1000-ff7b377/5091.json,2026-08-02T23:21:18.433549Z,2026-08-02T23:21:18.433635Z,rSORwW2uFHd947Xtx1byRw==,3259,3259,OK,
gs://jugnu-canary/profiles/strict-v2-fa1afb7/50950.json,gs://jugnu-canary/profiles/strat1000-ff7b377/50950.json,2026-08-02T23:21:18.486229Z,2026-08-02T23:21:18.486307Z,vHabxTz3Ln7Mj4tmjxOHMQ==,3062,3062,OK,
gs://jugnu-canary/profiles/strict-v2-fa1afb7/51080.json,gs://jugnu-canary/profiles/strat1000-ff7b377/51080.json,2026-08-02T23:21:18.556128Z,2026-08-02T23:21:18.556165Z,E6eHNkK3Ry5FwMP55ekO2w==,3056,3056,OK,
gs://jugnu-canary/profiles/strict-v2-fa1afb7/5157.json,gs://jugnu-canary/profiles/strat1000-ff7b377/5157.json,2026-08-02T23:21:18.624197Z,2026-08-02T23:21:18.624284Z,BnrC0TpPMMLj14Ve1kqqSA==,3042,3042,OK,
gs://jugnu-canary/profiles/strict-v2-fa1afb7/5194.json,gs://jugnu-canary/profiles/strat1000-ff7b377/5194.json,2026-08-02T23:21:18.693277Z,2026-08-02T23:21:18.693368Z,HcPRE/dniCMNBRUfHHeBmg==,3069,3069,OK,
gs://jugnu-canary/profiles/strict-v2-fa1afb7/51998.json,gs://jugnu-canary/profiles/strat1000-ff7b377/51998.json,2026-08-02T23:21:18.759011Z,2026-08-02T23:21:18.759103Z,vJ3echjEci6RID8XRIhP7w==,3807,3807,OK,
gs://jugnu-canary/profiles/strict-v2-fa1afb7/52105.json,gs://jugnu-canary/profiles/strat1000-ff7b377/52105.json,2026-08-02T23:21:18.832707Z,2026-08-02T23:21:18.832802Z,tezUJIbDYpNucDqJz3eYdg==,4069,4069,OK,
gs://jugnu-canary/profiles/strict-v2-fa1afb7/52140.json,gs://jugnu-canary/profiles/strat1000-ff7b377/52140.json,2026-08-02T23:21:18.884981Z,2026-08-02T23:21:18.885062Z,Sh7RLQT32t9RoWvhlbb5DA==,3999,3999,OK,
gs://jugnu-canary/profiles/strict-v2-fa1afb7/52328.json,gs://jugnu-canary/profiles/strat1000-ff7b377/52328.json,2026-08-02T23:21:18.928389Z,2026-08-02T23:21:18.928472Z,uaDbb/qn6DptAWr8mrSukQ==,3043,3043,OK,
gs://jugnu-canary/profiles/strict-v2-fa1afb7/52348.json,gs://jugnu-canary/profiles/strat1000-ff7b377/52348.json,2026-08-02T23:21:18.998827Z,2026-08-02T23:21:18.998911Z,49kxeMNQSclPl7/ikO5N/A==,3022,3022,OK,
gs://jugnu-canary/profiles/strict-v2-fa1afb7/52961.json,gs://jugnu-canary/profiles/strat1000-ff7b377/52961.json,2026-08-02T23:21:19.060272Z,2026-08-02T23:21:19.060366Z,mI40GCHcOu663FiYElcuzA==,3061,3061,OK,
gs://jugnu-canary/profiles/strict-v2-fa1afb7/52967.json,gs://jugnu-canary/profiles/strat1000-ff7b377/52967.json,2026-08-02T23:21:19.112485Z,2026-08-02T23:21:19.112586Z,UlbK1jwx7M5n3dRuzGVQqA==,3013,3013,OK,
gs://jugnu-canary/profiles/strict-v2-fa1afb7/53165.json,gs://jugnu-canary/profiles/strat1000-ff7b377/53165.json,2026-08-02T23:21:19.202676Z,2026-08-02T23:21:19.202770Z,fUj2z6AOfn4wfZd75zXQwA==,3043,3043,OK,
gs://jugnu-canary/profiles/strict-v2-fa1afb7/53440.json,gs://jugnu-canary/profiles/strat1000-ff7b377/53440.json,2026-08-02T23:21:19.234368Z,2026-08-02T23:21:19.234460Z,bEa5NGicVeDF8Noas8BpmA==,2986,2986,OK,
gs://jugnu-canary/profiles/strict-v2-fa1afb7/5395.json,gs://jugnu-canary/profiles/strat1000-ff7b377/5395.json,2026-08-02T23:21:19.289036Z,2026-08-02T23:21:19.289125Z,a7kcQEYQ+zvcvX1V6kZwyA==,3052,3052,OK,
gs://jugnu-canary/profiles/strict-v2-fa1afb7/53963.json,gs://jugnu-canary/profiles/strat1000-ff7b377/53963.json,2026-08-02T23:21:19.348147Z,2026-08-02T23:21:19.348236Z,e3i1LEOQ24LwP7gBJwb/Hw==,2975,2975,OK,
gs://jugnu-canary/profiles/strict-v2-fa1afb7/54550.json,gs://jugnu-canary/profiles/strat1000-ff7b377/54550.json,2026-08-02T23:21:19.437076Z,2026-08-02T23:21:19.437171Z,e3tWgAqBK7CuOAxQzv1XTg==,3054,3054,OK,
gs://jugnu-canary/profiles/strict-v2-fa1afb7/54743.json,gs://jugnu-canary/profiles/strat1000-ff7b377/54743.json,2026-08-02T23:21:19.484305Z,2026-08-02T23:21:19.484387Z,Qa4l8GFo2Q+R9Q5pO7CSUw==,3030,3030,OK,
gs://jugnu-canary/profiles/strict-v2-fa1afb7/54769.json,gs://jugnu-canary/profiles/strat1000-ff7b377/54769.json,2026-08-02T23:21:19.612843Z,2026-08-02T23:21:19.612927Z,EaQxtdFZnyzwnabXI9l+nw==,3028,3028,OK,
gs://jugnu-canary/profiles/strict-v2-fa1afb7/5488.json,gs://jugnu-canary/profiles/strat1000-ff7b377/5488.json,2026-08-02T23:21:19.645847Z,2026-08-02T23:21:19.645934Z,10l9f+41zusgvvTW2oxyyg==,3228,3228,OK,
gs://jugnu-canary/profiles/strict-v2-fa1afb7/5546.json,gs://jugnu-canary/profiles/strat1000-ff7b377/5546.json,2026-08-02T23:21:19.701066Z,2026-08-02T23:21:19.701147Z,zVki0JM+uCue+3OL+zQgMw==,3048,3048,OK,
gs://jugnu-canary/profiles/strict-v2-fa1afb7/56151.json,gs://jugnu-canary/profiles/strat1000-ff7b377/56151.json,2026-08-02T23:21:19.752292Z,2026-08-02T23:21:19.752386Z,gVrt9NxlBYsRLB8PWpVNGQ==,2984,2984,OK,
gs://jugnu-canary/profiles/strict-v2-fa1afb7/56166.json,gs://jugnu-canary/profiles/strat1000-ff7b377/56166.json,2026-08-02T23:21:19.812649Z,2026-08-02T23:21:19.812682Z,cCmZyvWM/1JlbRWLAeJQLw==,2986,2986,OK,
gs://jugnu-canary/profiles/strict-v2-fa1afb7/56750.json,gs://jugnu-canary/profiles/strat1000-ff7b377/56750.json,2026-08-02T23:21:19.942057Z,2026-08-02T23:21:19.942138Z,lhIk7y94G+am35yRb4N9yA==,3001,3001,OK,
gs://jugnu-canary/profiles/strict-v2-fa1afb7/56775.json,gs://jugnu-canary/profiles/strat1000-ff7b377/56775.json,2026-08-02T23:21:19.945698Z,2026-08-02T23:21:19.945755Z,Ayg9gD6jJ3tH+AN8xrt8BQ==,3782,3782,OK,
gs://jugnu-canary/profiles/strict-v2-fa1afb7/57192.json,gs://jugnu-canary/profiles/strat1000-ff7b377/57192.json,2026-08-02T23:21:20.013168Z,2026-08-02T23:21:20.013245Z,Zo7XxNW433nW+MnJadAmBA==,3168,3168,OK,
gs://jugnu-canary/profiles/strict-v2-fa1afb7/5752.json,gs://jugnu-canary/profiles/strat1000-ff7b377/5752.json,2026-08-02T23:21:20.091097Z,2026-08-02T23:21:20.091197Z,tXUCjHIQZg7wVzBmogcf6g==,3001,3001,OK,
gs://jugnu-canary/profiles/strict-v2-fa1afb7/5774.json,gs://jugnu-canary/profiles/strat1000-ff7b377/5774.json,2026-08-02T23:21:20.207442Z,2026-08-02T23:21:20.207524Z,m7+/A1C139k0dmR/lAYdcg==,3057,3057,OK,
gs://jugnu-canary/profiles/strict-v2-fa1afb7/57761.json,gs://jugnu-canary/profiles/strat1000-ff7b377/57761.json,2026-08-02T23:21:20.226074Z,2026-08-02T23:21:20.226109Z,v8otrEwNhiO6bX4+JynrzA==,3118,3118,OK,
gs://jugnu-canary/profiles/strict-v2-fa1afb7/5791.json,gs://jugnu-canary/profiles/strat1000-ff7b377/5791.json,2026-08-02T23:21:20.274801Z,2026-08-02T23:21:20.274897Z,6tQ+z6uNwnVZqDOnQOVbyQ==,3057,3057,OK,
gs://jugnu-canary/profiles/strict-v2-fa1afb7/58341.json,gs://jugnu-canary/profiles/strat1000-ff7b377/58341.json,2026-08-02T23:21:20.450352Z,2026-08-02T23:21:20.450445Z,oBaTit+c2NeDIFmSxLIW/g==,3013,3013,OK,
gs://jugnu-canary/profiles/strict-v2-fa1afb7/58386.json,gs://jugnu-canary/profiles/strat1000-ff7b377/58386.json,2026-08-02T23:21:20.451910Z,2026-08-02T23:21:20.451995Z,YO4piYfGu0fYTozWFqcMhw==,3036,3036,OK,
gs://jugnu-canary/profiles/strict-v2-fa1afb7/59063.json,gs://jugnu-canary/profiles/strat1000-ff7b377/59063.json,2026-08-02T23:21:20.493295Z,2026-08-02T23:21:20.493382Z,WI1OwlU304B1OdZuV+/ofg==,3849,3849,OK,
gs://jugnu-canary/profiles/strict-v2-fa1afb7/59698.json,gs://jugnu-canary/profiles/strat1000-ff7b377/59698.json,2026-08-02T23:21:20.548841Z,2026-08-02T23:21:20.548916Z,ZSkBxmlB3VYewflVv21biA==,3255,3255,OK,
gs://jugnu-canary/profiles/strict-v2-fa1afb7/5974.json,gs://jugnu-canary/profiles/strat1000-ff7b377/5974.json,2026-08-02T23:21:20.615595Z,2026-08-02T23:21:20.615688Z,dfkce9guuPPcFO/CfkRDMw==,3087,3087,OK,
gs://jugnu-canary/profiles/strict-v2-fa1afb7/60038.json,gs://jugnu-canary/profiles/strat1000-ff7b377/60038.json,2026-08-02T23:21:20.673129Z,2026-08-02T23:21:20.673224Z,qcFHj/JftqYBUoI0J72rdQ==,4040,4040,OK,
gs://jugnu-canary/profiles/strict-v2-fa1afb7/60146.json,gs://jugnu-canary/profiles/strat1000-ff7b377/60146.json,2026-08-02T23:21:20.720093Z,2026-08-02T23:21:20.720129Z,1fzyjv15reluOuUcgw8Ocg==,3077,3077,OK,
gs://jugnu-canary/profiles/strict-v2-fa1afb7/60386.json,gs://jugnu-canary/profiles/strat1000-ff7b377/60386.json,2026-08-02T23:21:20.799067Z,2026-08-02T23:21:20.799167Z,0Vx9NK623ewVOdQ2dP8osw==,3041,3041,OK,
gs://jugnu-canary/profiles/strict-v2-fa1afb7/60727.json,gs://jugnu-canary/profiles/strat1000-ff7b377/60727.json,2026-08-02T23:21:20.850265Z,2026-08-02T23:21:20.850340Z,MFdN61rz3kj/gdO8QXrlwA==,3820,3820,OK,
gs://jugnu-canary/profiles/strict-v2-fa1afb7/60750.json,gs://jugnu-canary/profiles/strat1000-ff7b377/60750.json,2026-08-02T23:21:20.912810Z,2026-08-02T23:21:20.912906Z,eHp/WcYhLZLtVBj15fiXlg==,3042,3042,OK,
gs://jugnu-canary/profiles/strict-v2-fa1afb7/61168.json,gs://jugnu-canary/profiles/strat1000-ff7b377/61168.json,2026-08-02T23:21:21.016435Z,2026-08-02T23:21:21.016526Z,2XWRUCwmM3FYu+BpLWzcmQ==,3042,3042,OK,
gs://jugnu-canary/profiles/strict-v2-fa1afb7/6125.json,gs://jugnu-canary/profiles/strat1000-ff7b377/6125.json,2026-08-02T23:21:21.046647Z,2026-08-02T23:21:21.046750Z,pO1KNWCw3HTQtD2PqxGE8w==,3057,3057,OK,
gs://jugnu-canary/profiles/strict-v2-fa1afb7/61392.json,gs://jugnu-canary/profiles/strat1000-ff7b377/61392.json,2026-08-02T23:21:21.112685Z,2026-08-02T23:21:21.112786Z,z9PWtp4fZzL4EI0JG0YbCA==,3253,3253,OK,
gs://jugnu-canary/profiles/strict-v2-fa1afb7/61721.json,gs://jugnu-canary/profiles/strat1000-ff7b377/61721.json,2026-08-02T23:21:21.235734Z,2026-08-02T23:21:21.235825Z,2cah0qcWRx24N1uhd9Cbxw==,3807,3807,OK,
gs://jugnu-canary/profiles/strict-v2-fa1afb7/6194.json,gs://jugnu-canary/profiles/strat1000-ff7b377/6194.json,2026-08-02T23:21:21.246796Z,2026-08-02T23:21:21.246893Z,ihqr3wrfIBh3+RzQb4FVfQ==,3986,3986,OK,
gs://jugnu-canary/profiles/strict-v2-fa1afb7/62144.json,gs://jugnu-canary/profiles/strat1000-ff7b377/62144.json,2026-08-02T23:21:21.320819Z,2026-08-02T23:21:21.320910Z,076MD3hqMhzZbjvePSQ8FQ==,4042,4042,OK,
gs://jugnu-canary/profiles/strict-v2-fa1afb7/62177.json,gs://jugnu-canary/profiles/strat1000-ff7b377/62177.json,2026-08-02T23:21:21.378310Z,2026-08-02T23:21:21.378398Z,vrpS9C9UrxQH+UjeXF2SyQ==,3046,3046,OK,
gs://jugnu-canary/profiles/strict-v2-fa1afb7/62322.json,gs://jugnu-canary/profiles/strat1000-ff7b377/62322.json,2026-08-02T23:21:21.431565Z,2026-08-02T23:21:21.431735Z,pSKUz+RUHJNKmISc+960iQ==,3035,3035,OK,
gs://jugnu-canary/profiles/strict-v2-fa1afb7/62512.json,gs://jugnu-canary/profiles/strat1000-ff7b377/62512.json,2026-08-02T23:21:21.522172Z,2026-08-02T23:21:21.522288Z,TfKZxmTbqiNH0f0Z7rFSbw==,3079,3079,OK,
gs://jugnu-canary/profiles/strict-v2-fa1afb7/62782.json,gs://jugnu-canary/profiles/strat1000-ff7b377/62782.json,2026-08-02T23:21:21.573440Z,2026-08-02T23:21:21.573541Z,hEr2ZCVwEMvIiHpBTAhWyg==,3100,3100,OK,
gs://jugnu-canary/profiles/strict-v2-fa1afb7/6281.json,gs://jugnu-canary/profiles/strat1000-ff7b377/6281.json,2026-08-02T23:21:21.618543Z,2026-08-02T23:21:21.618631Z,mZuvo8gbj3Q/4T+44ngmCA==,2999,2999,OK,
gs://jugnu-canary/profiles/strict-v2-fa1afb7/62949.json,gs://jugnu-canary/profiles/strat1000-ff7b377/62949.json,2026-08-02T23:21:21.686066Z,2026-08-02T23:21:21.686097Z,X8vlpu8J3zyBWLLY5+dKZw==,3009,3009,OK,
gs://jugnu-canary/profiles/strict-v2-fa1afb7/62969.json,gs://jugnu-canary/profiles/strat1000-ff7b377/62969.json,2026-08-02T23:21:21.750115Z,2026-08-02T23:21:21.750226Z,NRYamOLbR9vCWV1rFfX7QA==,3253,3253,OK,
gs://jugnu-canary/profiles/strict-v2-fa1afb7/63122.json,gs://jugnu-canary/profiles/strat1000-ff7b377/63122.json,2026-08-02T23:21:21.823038Z,2026-08-02T23:21:21.823129Z,haIha/n9+DYIP5T5eqLkXg==,3360,3360,OK,
gs://jugnu-canary/profiles/strict-v2-fa1afb7/6371.json,gs://jugnu-canary/profiles/strat1000-ff7b377/6371.json,2026-08-02T23:21:21.892340Z,2026-08-02T23:21:21.892374Z,zN4yr+6pYAyuY0+LsQtm3g==,3071,3071,OK,
gs://jugnu-canary/profiles/strict-v2-fa1afb7/63732.json,gs://jugnu-canary/profiles/strat1000-ff7b377/63732.json,2026-08-02T23:21:21.963752Z,2026-08-02T23:21:21.963843Z,kbXbOpfltvISJh/ZpnvGbA==,3781,3781,OK,
gs://jugnu-canary/profiles/strict-v2-fa1afb7/64360.json,gs://jugnu-canary/profiles/strat1000-ff7b377/64360.json,2026-08-02T23:21:22.035008Z,2026-08-02T23:21:22.035097Z,qxEgrd9HpdwhEl9Ws3lDWA==,3001,3001,OK,
gs://jugnu-canary/profiles/strict-v2-fa1afb7/64390.json,gs://jugnu-canary/profiles/strat1000-ff7b377/64390.json,2026-08-02T23:21:22.083993Z,2026-08-02T23:21:22.084089Z,uT2rMMe225uOjjEbP29c4w==,3266,3266,OK,
gs://jugnu-canary/profiles/strict-v2-fa1afb7/64618.json,gs://jugnu-canary/profiles/strat1000-ff7b377/64618.json,2026-08-02T23:21:22.137924Z,2026-08-02T23:21:22.138026Z,DatasU4Nskg8ZaQBVVQA6Q==,3007,3007,OK,
gs://jugnu-canary/profiles/strict-v2-fa1afb7/64634.json,gs://jugnu-canary/profiles/strat1000-ff7b377/64634.json,2026-08-02T23:21:22.195548Z,2026-08-02T23:21:22.195584Z,JfPBJwR/y533leKnfCJJwA==,3838,3838,OK,
gs://jugnu-canary/profiles/strict-v2-fa1afb7/64789.json,gs://jugnu-canary/profiles/strat1000-ff7b377/64789.json,2026-08-02T23:21:22.269213Z,2026-08-02T23:21:22.269300Z,RFWptQhf0sYzvOSUrhpN9A==,3042,3042,OK,
gs://jugnu-canary/profiles/strict-v2-fa1afb7/6485.json,gs://jugnu-canary/profiles/strat1000-ff7b377/6485.json,2026-08-02T23:21:22.353186Z,2026-08-02T23:21:22.353308Z,AA1t1Ae0dBax5DnYq3e3hA==,4001,4001,OK,
gs://jugnu-canary/profiles/strict-v2-fa1afb7/65134.json,gs://jugnu-canary/profiles/strat1000-ff7b377/65134.json,2026-08-02T23:21:22.395021Z,2026-08-02T23:21:22.395111Z,56Tk1nPGzOu5oCxciJ33hg==,3015,3015,OK,
gs://jugnu-canary/profiles/strict-v2-fa1afb7/65138.json,gs://jugnu-canary/profiles/strat1000-ff7b377/65138.json,2026-08-02T23:21:22.474536Z,2026-08-02T23:21:22.474641Z,nV5hGx4jn4kAX1icy+CDpA==,4047,4047,OK,
gs://jugnu-canary/profiles/strict-v2-fa1afb7/6526.json,gs://jugnu-canary/profiles/strat1000-ff7b377/6526.json,2026-08-02T23:21:22.536969Z,2026-08-02T23:21:22.537048Z,Br+VLvRQAmI8cLbZKdm58w==,3892,3892,OK,
gs://jugnu-canary/profiles/strict-v2-fa1afb7/67146.json,gs://jugnu-canary/profiles/strat1000-ff7b377/67146.json,2026-08-02T23:21:22.610274Z,2026-08-02T23:21:22.610368Z,aYZBA/Q2Ya+Nf4A8ucdfng==,2993,2993,OK,
gs://jugnu-canary/profiles/strict-v2-fa1afb7/67327.json,gs://jugnu-canary/profiles/strat1000-ff7b377/67327.json,2026-08-02T23:21:22.666103Z,2026-08-02T23:21:22.666201Z,WClBTVOXv1KfJpu+DlGuSg==,3049,3049,OK,
gs://jugnu-canary/profiles/strict-v2-fa1afb7/67527.json,gs://jugnu-canary/profiles/strat1000-ff7b377/67527.json,2026-08-02T23:21:22.738455Z,2026-08-02T23:21:22.738540Z,Q9WrXCJoU7TkzQfCwhCxZg==,3045,3045,OK,
gs://jugnu-canary/profiles/strict-v2-fa1afb7/67581.json,gs://jugnu-canary/profiles/strat1000-ff7b377/67581.json,2026-08-02T23:21:22.798348Z,2026-08-02T23:21:22.798427Z,/v+tsVPlpUSAgUvnNU7cLQ==,3053,3053,OK,
gs://jugnu-canary/profiles/strict-v2-fa1afb7/67689.json,gs://jugnu-canary/profiles/strat1000-ff7b377/67689.json,2026-08-02T23:21:22.853101Z,2026-08-02T23:21:22.853195Z,BbrNfgzBmSq1SE5W8rxA7A==,3004,3004,OK,
gs://jugnu-canary/profiles/strict-v2-fa1afb7/68313.json,gs://jugnu-canary/profiles/strat1000-ff7b377/68313.json,2026-08-02T23:21:22.909584Z,2026-08-02T23:21:22.909675Z,7WAo2AOrs6mpwbEeGIhkKQ==,3244,3244,OK,
gs://jugnu-canary/profiles/strict-v2-fa1afb7/68395.json,gs://jugnu-canary/profiles/strat1000-ff7b377/68395.json,2026-08-02T23:21:22.973686Z,2026-08-02T23:21:22.973779Z,V3MzsoOzLT4pDw91T5f/HQ==,3799,3799,OK,
gs://jugnu-canary/profiles/strict-v2-fa1afb7/68537.json,gs://jugnu-canary/profiles/strat1000-ff7b377/68537.json,2026-08-02T23:21:23.041356Z,2026-08-02T23:21:23.041393Z,teUBzObvF5vrbg8Ioa3Dvg==,4031,4031,OK,
gs://jugnu-canary/profiles/strict-v2-fa1afb7/68716.json,gs://jugnu-canary/profiles/strat1000-ff7b377/68716.json,2026-08-02T23:21:23.111328Z,2026-08-02T23:21:23.111413Z,SHpPxAG5Poz1w3zmDr/7Jg==,3059,3059,OK,
gs://jugnu-canary/profiles/strict-v2-fa1afb7/68991.json,gs://jugnu-canary/profiles/strat1000-ff7b377/68991.json,2026-08-02T23:21:23.170847Z,2026-08-02T23:21:23.170942Z,DDGo0TiMjr0gUgFDigd7ew==,3035,3035,OK,
gs://jugnu-canary/profiles/strict-v2-fa1afb7/69153.json,gs://jugnu-canary/profiles/strat1000-ff7b377/69153.json,2026-08-02T23:21:23.221776Z,2026-08-02T23:21:23.221861Z,AJlGtbZ4FnqU2XutNk2UNA==,3036,3036,OK,
gs://jugnu-canary/profiles/strict-v2-fa1afb7/69154.json,gs://jugnu-canary/profiles/strat1000-ff7b377/69154.json,2026-08-02T23:21:23.334621Z,2026-08-02T23:21:23.334716Z,1Z1hzwaAX4Lz0Hn6qh7wow==,3040,3040,OK,
gs://jugnu-canary/profiles/strict-v2-fa1afb7/70938.json,gs://jugnu-canary/profiles/strat1000-ff7b377/70938.json,2026-08-02T23:21:23.375624Z,2026-08-02T23:21:23.375737Z,EmVuWK1L/gbEWhNfLdPzBA==,3898,3898,OK,
gs://jugnu-canary/profiles/strict-v2-fa1afb7/71558.json,gs://jugnu-canary/profiles/strat1000-ff7b377/71558.json,2026-08-02T23:21:23.423570Z,2026-08-02T23:21:23.423646Z,IDRyImTOKyND4/TovkMm7A==,3104,3104,OK,
gs://jugnu-canary/profiles/strict-v2-fa1afb7/73079.json,gs://jugnu-canary/profiles/strat1000-ff7b377/73079.json,2026-08-02T23:21:23.489560Z,2026-08-02T23:21:23.489659Z,ZZwfM/VDGPbWL1OYPgWnuw==,3238,3238,OK,
gs://jugnu-canary/profiles/strict-v2-fa1afb7/73500.json,gs://jugnu-canary/profiles/strat1000-ff7b377/73500.json,2026-08-02T23:21:23.560803Z,2026-08-02T23:21:23.560895Z,UIADBdRnFVFA0vJ0LCqX+w==,4048,4048,OK,
gs://jugnu-canary/profiles/strict-v2-fa1afb7/7370.json,gs://jugnu-canary/profiles/strat1000-ff7b377/7370.json,2026-08-02T23:21:23.640642Z,2026-08-02T23:21:23.640732Z,ftbrxiXcJeLvlvBlMLINjg==,3099,3099,OK,
gs://jugnu-canary/profiles/strict-v2-fa1afb7/73713.json,gs://jugnu-canary/profiles/strat1000-ff7b377/73713.json,2026-08-02T23:21:23.756571Z,2026-08-02T23:21:23.756606Z,sgGNqiENbIeLC8+M9VyTGw==,4006,4006,OK,
gs://jugnu-canary/profiles/strict-v2-fa1afb7/73728.json,gs://jugnu-canary/profiles/strat1000-ff7b377/73728.json,2026-08-02T23:21:23.805033Z,2026-08-02T23:21:23.805132Z,2JTs93+SMXtmbnKz4rv9Pw==,4125,4125,OK,
gs://jugnu-canary/profiles/strict-v2-fa1afb7/7383.json,gs://jugnu-canary/profiles/strat1000-ff7b377/7383.json,2026-08-02T23:21:23.850433Z,2026-08-02T23:21:23.850508Z,5BVfXDlb99fWMznA4q7SVg==,3078,3078,OK,
gs://jugnu-canary/profiles/strict-v2-fa1afb7/74369.json,gs://jugnu-canary/profiles/strat1000-ff7b377/74369.json,2026-08-02T23:21:23.895718Z,2026-08-02T23:21:23.895811Z,apEDvoe/UOpd+HpGEjefgA==,3395,3395,OK,
gs://jugnu-canary/profiles/strict-v2-fa1afb7/74571.json,gs://jugnu-canary/profiles/strat1000-ff7b377/74571.json,2026-08-02T23:21:23.949723Z,2026-08-02T23:21:23.949811Z,6omkRQIufPu5k8N+l0OEvA==,3004,3004,OK,
gs://jugnu-canary/profiles/strict-v2-fa1afb7/74592.json,gs://jugnu-canary/profiles/strat1000-ff7b377/74592.json,2026-08-02T23:21:24.026766Z,2026-08-02T23:21:24.026858Z,we8c4Thp4SoQ8Kg4rFQV9g==,3818,3818,OK,
gs://jugnu-canary/profiles/strict-v2-fa1afb7/7483.json,gs://jugnu-canary/profiles/strat1000-ff7b377/7483.json,2026-08-02T23:21:24.093722Z,2026-08-02T23:21:24.093807Z,+P6Z5T/WJsMK2szsEAl3zA==,4041,4041,OK,
gs://jugnu-canary/profiles/strict-v2-fa1afb7/75392.json,gs://jugnu-canary/profiles/strat1000-ff7b377/75392.json,2026-08-02T23:21:24.155009Z,2026-08-02T23:21:24.155113Z,LMPce+6HBhcSpN9SDKuvXA==,4043,4043,OK,
gs://jugnu-canary/profiles/strict-v2-fa1afb7/75722.json,gs://jugnu-canary/profiles/strat1000-ff7b377/75722.json,2026-08-02T23:21:24.194978Z,2026-08-02T23:21:24.195060Z,8BdLF5m6Tcnt68AvzCCODQ==,4036,4036,OK,
gs://jugnu-canary/profiles/strict-v2-fa1afb7/76589.json,gs://jugnu-canary/profiles/strat1000-ff7b377/76589.json,2026-08-02T23:21:24.276507Z,2026-08-02T23:21:24.276605Z,/BhIsZtMlQmV5vqfdKH4Lg==,2997,2997,OK,
gs://jugnu-canary/profiles/strict-v2-fa1afb7/7744.json,gs://jugnu-canary/profiles/strat1000-ff7b377/7744.json,2026-08-02T23:21:24.324519Z,2026-08-02T23:21:24.324617Z,3G8IzcM4PS52qBMPKVzQAg==,3045,3045,OK,
gs://jugnu-canary/profiles/strict-v2-fa1afb7/77547.json,gs://jugnu-canary/profiles/strat1000-ff7b377/77547.json,2026-08-02T23:21:24.385086Z,2026-08-02T23:21:24.385177Z,x6Jx+lB9bXO0C2vGfwyCDw==,3008,3008,OK,
gs://jugnu-canary/profiles/strict-v2-fa1afb7/7763.json,gs://jugnu-canary/profiles/strat1000-ff7b377/7763.json,2026-08-02T23:21:24.444199Z,2026-08-02T23:21:24.444316Z,k3MuwIcF8EcCsBhGK88o+w==,3001,3001,OK,
gs://jugnu-canary/profiles/strict-v2-fa1afb7/77949.json,gs://jugnu-canary/profiles/strat1000-ff7b377/77949.json,2026-08-02T23:21:24.503954Z,2026-08-02T23:21:24.504040Z,CW8Tl4FkyWnwV29kxAvg+Q==,2990,2990,OK,
gs://jugnu-canary/profiles/strict-v2-fa1afb7/7797.json,gs://jugnu-canary/profiles/strat1000-ff7b377/7797.json,2026-08-02T23:21:24.559387Z,2026-08-02T23:21:24.559473Z,KEKRJ5XZrfcd8uYAMEJgGA==,3148,3148,OK,
gs://jugnu-canary/profiles/strict-v2-fa1afb7/78373.json,gs://jugnu-canary/profiles/strat1000-ff7b377/78373.json,2026-08-02T23:21:24.625265Z,2026-08-02T23:21:24.625359Z,6oGwcACuEDmttm9qkayzFQ==,3047,3047,OK,
gs://jugnu-canary/profiles/strict-v2-fa1afb7/78693.json,gs://jugnu-canary/profiles/strat1000-ff7b377/78693.json,2026-08-02T23:21:24.700497Z,2026-08-02T23:21:24.700537Z,vJ7+zuw2dA4qcaCcFVTe7g==,3109,3109,OK,
gs://jugnu-canary/profiles/strict-v2-fa1afb7/78700.json,gs://jugnu-canary/profiles/strat1000-ff7b377/78700.json,2026-08-02T23:21:24.739182Z,2026-08-02T23:21:24.739258Z,qDLNiIJ74hXlpGTWgQ2i7w==,3718,3718,OK,
gs://jugnu-canary/profiles/strict-v2-fa1afb7/78713.json,gs://jugnu-canary/profiles/strat1000-ff7b377/78713.json,2026-08-02T23:21:24.793386Z,2026-08-02T23:21:24.793461Z,Cyi/IMwEd1ycoj9CXayU/g==,3028,3028,OK,
gs://jugnu-canary/profiles/strict-v2-fa1afb7/78724.json,gs://jugnu-canary/profiles/strat1000-ff7b377/78724.json,2026-08-02T23:21:24.888654Z,2026-08-02T23:21:24.888731Z,EvL3um4Mp+uYtiof5Xo9XA==,3277,3277,OK,
gs://jugnu-canary/profiles/strict-v2-fa1afb7/78910.json,gs://jugnu-canary/profiles/strat1000-ff7b377/78910.json,2026-08-02T23:21:24.946768Z,2026-08-02T23:21:24.946857Z,iDtDtkKtkINg1rPHFwhxJw==,4044,4044,OK,
gs://jugnu-canary/profiles/strict-v2-fa1afb7/8098.json,gs://jugnu-canary/profiles/strat1000-ff7b377/8098.json,2026-08-02T23:21:25.029276Z,2026-08-02T23:21:25.029370Z,RC0RhCWriy+WOGwshX2jAw==,3848,3848,OK,
gs://jugnu-canary/profiles/strict-v2-fa1afb7/8418.json,gs://jugnu-canary/profiles/strat1000-ff7b377/8418.json,2026-08-02T23:21:25.075118Z,2026-08-02T23:21:25.075210Z,AxU7GIewYPPKtTmVLsL8cw==,3228,3228,OK,
gs://jugnu-canary/profiles/strict-v2-fa1afb7/84757.json,gs://jugnu-canary/profiles/strat1000-ff7b377/84757.json,2026-08-02T23:21:25.140635Z,2026-08-02T23:21:25.140733Z,DcltkHTz+HsSY4wWnZebZA==,2992,2992,OK,
gs://jugnu-canary/profiles/strict-v2-fa1afb7/8565.json,gs://jugnu-canary/profiles/strat1000-ff7b377/8565.json,2026-08-02T23:21:25.229218Z,2026-08-02T23:21:25.229325Z,9aopQgm+K83pWYscMB8Yzw==,3784,3784,OK,
gs://jugnu-canary/profiles/strict-v2-fa1afb7/9133.json,gs://jugnu-canary/profiles/strat1000-ff7b377/9133.json,2026-08-02T23:21:25.287082Z,2026-08-02T23:21:25.287177Z,wJ0Ou8mJC37+VtD4UNDY8A==,3897,3897,OK,
gs://jugnu-canary/profiles/strict-v2-fa1afb7/94494.json,gs://jugnu-canary/profiles/strat1000-ff7b377/94494.json,2026-08-02T23:21:25.342684Z,2026-08-02T23:21:25.342793Z,0KYGf2raZz82mwyXSBNAhg==,4032,4032,OK,
gs://jugnu-canary/profiles/strict-v2-fa1afb7/94940.json,gs://jugnu-canary/profiles/strat1000-ff7b377/94940.json,2026-08-02T23:21:25.411912Z,2026-08-02T23:21:25.411982Z,kh3M+RPpq+dU0xiJqvImBw==,3001,3001,OK,
gs://jugnu-canary/profiles/strict-v2-fa1afb7/97765.json,gs://jugnu-canary/profiles/strat1000-ff7b377/97765.json,2026-08-02T23:21:25.491325Z,2026-08-02T23:21:25.491423Z,XF2bIBEkncfOyENVkQyHig==,3001,3001,OK,
gs://jugnu-canary/profiles/strict-v2-fa1afb7/9974.json,gs://jugnu-canary/profiles/strat1000-ff7b377/9974.json,2026-08-02T23:21:25.581399Z,2026-08-02T23:21:25.581494Z,iZZ02gjTrLsYIMn3/bFbSg==,4046,4046,OK,
