severity,code,apartment_id,name,adapter,verdict,unit_id,field,observed,expected,evidence
critical,CANONICAL_UNIQUENESS_GATE_FAILED,1084,,UNATTRIBUTED,FAILED_NO_DATA,,canonical_id_uniqueness,null,passed=true,
critical,NEGATIVE_STATUS_CAPTURE_DATE,4170,Beechwood,generic,SUCCESS,253,"availability_status,availability_date_provenance","PENDING,available_now,2026-08-02",explicitly negative rows have no manufactured capture date,
critical,NEGATIVE_STATUS_CAPTURE_DATE,4170,Beechwood,generic,SUCCESS,271,"availability_status,availability_date_provenance","PENDING,available_now,2026-08-02",explicitly negative rows have no manufactured capture date,
critical,NEGATIVE_STATUS_CAPTURE_DATE,4170,Beechwood,generic,SUCCESS,328,"availability_status,availability_date_provenance","PENDING,available_now,2026-08-02",explicitly negative rows have no manufactured capture date,
critical,NEGATIVE_STATUS_CAPTURE_DATE,4170,Beechwood,generic,SUCCESS,226,"availability_status,availability_date_provenance","LEASED,available_now,2026-08-02",explicitly negative rows have no manufactured capture date,
critical,NEGATIVE_STATUS_CAPTURE_DATE,4170,Beechwood,generic,SUCCESS,326,"availability_status,availability_date_provenance","PENDING,available_now,2026-08-02",explicitly negative rows have no manufactured capture date,
critical,NEGATIVE_STATUS_CAPTURE_DATE,4170,Beechwood,generic,SUCCESS,151,"availability_status,availability_date_provenance","LEASED,available_now,2026-08-02",explicitly negative rows have no manufactured capture date,
critical,NEGATIVE_STATUS_CAPTURE_DATE,4170,Beechwood,generic,SUCCESS,136,"availability_status,availability_date_provenance","PENDING,available_now,2026-08-02",explicitly negative rows have no manufactured capture date,
critical,NEGATIVE_STATUS_CAPTURE_DATE,4170,Beechwood,generic,SUCCESS,101,"availability_status,availability_date_provenance","PENDING,available_now,2026-08-02",explicitly negative rows have no manufactured capture date,
critical,FAILURE_VERDICT_WITH_UNITS,4579,Laurel Crossing,entrata,DEAD_URL,,"_meta.verdict,units","DEAD_URL,5",admitted physical inventory yields SUCCESS,
critical,CANONICAL_UNIQUENESS_GATE_FAILED,5091,Rise Broadway,entrata,SUCCESS,,canonical_id_uniqueness,"{""duplicate_count"": 24, ""id_count"": 48, ""passed"": false, ""unique_id_count"": 24}",passed=true,
critical,DUPLICATE_CANONICAL_UNIT_ID,5091,Rise Broadway,entrata,SUCCESS,,units[].unit_id,24,zero duplicates per property,
critical,ENTRATA_PARALLEL_ROSTER_DUPLICATE,5091,Rise Broadway,entrata,SUCCESS,2132,"source_unit_id,extraction_tier,building_id","2132:['TIER_1_DOM_ENTRATA_MODERN', 'TIER_1_DOM_ENTRATA_PP_UNIT_LEVEL']",one coherent Entrata source family per apartment roster,
critical,ENTRATA_PARALLEL_ROSTER_DUPLICATE,5091,Rise Broadway,entrata,SUCCESS,2137,"source_unit_id,extraction_tier,building_id","2137:['TIER_1_DOM_ENTRATA_MODERN', 'TIER_1_DOM_ENTRATA_PP_UNIT_LEVEL']",one coherent Entrata source family per apartment roster,
critical,ENTRATA_PARALLEL_ROSTER_DUPLICATE,5091,Rise Broadway,entrata,SUCCESS,1044,"source_unit_id,extraction_tier,building_id","1044:['TIER_1_DOM_ENTRATA_MODERN', 'TIER_1_DOM_ENTRATA_PP_UNIT_LEVEL']",one coherent Entrata source family per apartment roster,
critical,ENTRATA_PARALLEL_ROSTER_DUPLICATE,5091,Rise Broadway,entrata,SUCCESS,2034,"source_unit_id,extraction_tier,building_id","2034:['TIER_1_DOM_ENTRATA_MODERN', 'TIER_1_DOM_ENTRATA_PP_UNIT_LEVEL']",one coherent Entrata source family per apartment roster,
critical,ENTRATA_PARALLEL_ROSTER_DUPLICATE,5091,Rise Broadway,entrata,SUCCESS,2050,"source_unit_id,extraction_tier,building_id","2050:['TIER_1_DOM_ENTRATA_MODERN', 'TIER_1_DOM_ENTRATA_PP_UNIT_LEVEL']",one coherent Entrata source family per apartment roster,
critical,ENTRATA_PARALLEL_ROSTER_DUPLICATE,5091,Rise Broadway,entrata,SUCCESS,2081,"source_unit_id,extraction_tier,building_id","2081:['TIER_1_DOM_ENTRATA_MODERN', 'TIER_1_DOM_ENTRATA_PP_UNIT_LEVEL']",one coherent Entrata source family per apartment roster,
critical,ENTRATA_PARALLEL_ROSTER_DUPLICATE,5091,Rise Broadway,entrata,SUCCESS,2104,"source_unit_id,extraction_tier,building_id","2104:['TIER_1_DOM_ENTRATA_MODERN', 'TIER_1_DOM_ENTRATA_PP_UNIT_LEVEL']",one coherent Entrata source family per apartment roster,
critical,ENTRATA_PARALLEL_ROSTER_DUPLICATE,5091,Rise Broadway,entrata,SUCCESS,1009,"source_unit_id,extraction_tier,building_id","1009:['TIER_1_DOM_ENTRATA_MODERN', 'TIER_1_DOM_ENTRATA_PP_UNIT_LEVEL']",one coherent Entrata source family per apartment roster,
critical,ENTRATA_PARALLEL_ROSTER_DUPLICATE,5091,Rise Broadway,entrata,SUCCESS,1097,"source_unit_id,extraction_tier,building_id","1097:['TIER_1_DOM_ENTRATA_MODERN', 'TIER_1_DOM_ENTRATA_PP_UNIT_LEVEL']",one coherent Entrata source family per apartment roster,
critical,ENTRATA_PARALLEL_ROSTER_DUPLICATE,5091,Rise Broadway,entrata,SUCCESS,1108,"source_unit_id,extraction_tier,building_id","1108:['TIER_1_DOM_ENTRATA_MODERN', 'TIER_1_DOM_ENTRATA_PP_UNIT_LEVEL']",one coherent Entrata source family per apartment roster,
critical,ENTRATA_PARALLEL_ROSTER_DUPLICATE,5091,Rise Broadway,entrata,SUCCESS,2108,"source_unit_id,extraction_tier,building_id","2108:['TIER_1_DOM_ENTRATA_MODERN', 'TIER_1_DOM_ENTRATA_PP_UNIT_LEVEL']",one coherent Entrata source family per apartment roster,
critical,ENTRATA_PARALLEL_ROSTER_DUPLICATE,5091,Rise Broadway,entrata,SUCCESS,2116,"source_unit_id,extraction_tier,building_id","2116:['TIER_1_DOM_ENTRATA_MODERN', 'TIER_1_DOM_ENTRATA_PP_UNIT_LEVEL']",one coherent Entrata source family per apartment roster,
critical,ENTRATA_PARALLEL_ROSTER_DUPLICATE,5091,Rise Broadway,entrata,SUCCESS,2073,"source_unit_id,extraction_tier,building_id","2073:['TIER_1_DOM_ENTRATA_MODERN', 'TIER_1_DOM_ENTRATA_PP_UNIT_LEVEL']",one coherent Entrata source family per apartment roster,
critical,ENTRATA_PARALLEL_ROSTER_DUPLICATE,5091,Rise Broadway,entrata,SUCCESS,2062,"source_unit_id,extraction_tier,building_id","2062:['TIER_1_DOM_ENTRATA_MODERN', 'TIER_1_DOM_ENTRATA_PP_UNIT_LEVEL']",one coherent Entrata source family per apartment roster,
critical,ENTRATA_PARALLEL_ROSTER_DUPLICATE,5091,Rise Broadway,entrata,SUCCESS,2091,"source_unit_id,extraction_tier,building_id","2091:['TIER_1_DOM_ENTRATA_MODERN', 'TIER_1_DOM_ENTRATA_PP_UNIT_LEVEL']",one coherent Entrata source family per apartment roster,
critical,ENTRATA_PARALLEL_ROSTER_DUPLICATE,5091,Rise Broadway,entrata,SUCCESS,1121,"source_unit_id,extraction_tier,building_id","1121:['TIER_1_DOM_ENTRATA_MODERN', 'TIER_1_DOM_ENTRATA_PP_UNIT_LEVEL']",one coherent Entrata source family per apartment roster,
critical,ENTRATA_PARALLEL_ROSTER_DUPLICATE,5091,Rise Broadway,entrata,SUCCESS,2077,"source_unit_id,extraction_tier,building_id","2077:['TIER_1_DOM_ENTRATA_MODERN', 'TIER_1_DOM_ENTRATA_PP_UNIT_LEVEL']",one coherent Entrata source family per apartment roster,
critical,ENTRATA_PARALLEL_ROSTER_DUPLICATE,5091,Rise Broadway,entrata,SUCCESS,1033,"source_unit_id,extraction_tier,building_id","1033:['TIER_1_DOM_ENTRATA_MODERN', 'TIER_1_DOM_ENTRATA_PP_UNIT_LEVEL']",one coherent Entrata source family per apartment roster,
critical,ENTRATA_PARALLEL_ROSTER_DUPLICATE,5091,Rise Broadway,entrata,SUCCESS,1073,"source_unit_id,extraction_tier,building_id","1073:['TIER_1_DOM_ENTRATA_MODERN', 'TIER_1_DOM_ENTRATA_PP_UNIT_LEVEL']",one coherent Entrata source family per apartment roster,
critical,ENTRATA_PARALLEL_ROSTER_DUPLICATE,5091,Rise Broadway,entrata,SUCCESS,2061,"source_unit_id,extraction_tier,building_id","2061:['TIER_1_DOM_ENTRATA_MODERN', 'TIER_1_DOM_ENTRATA_PP_UNIT_LEVEL']",one coherent Entrata source family per apartment roster,
critical,ENTRATA_PARALLEL_ROSTER_DUPLICATE,5091,Rise Broadway,entrata,SUCCESS,1103,"source_unit_id,extraction_tier,building_id","1103:['TIER_1_DOM_ENTRATA_MODERN', 'TIER_1_DOM_ENTRATA_PP_UNIT_LEVEL']",one coherent Entrata source family per apartment roster,
critical,ENTRATA_PARALLEL_ROSTER_DUPLICATE,5091,Rise Broadway,entrata,SUCCESS,1076,"source_unit_id,extraction_tier,building_id","1076:['TIER_1_DOM_ENTRATA_MODERN', 'TIER_1_DOM_ENTRATA_PP_UNIT_LEVEL']",one coherent Entrata source family per apartment roster,
critical,ENTRATA_PARALLEL_ROSTER_DUPLICATE,5091,Rise Broadway,entrata,SUCCESS,1038,"source_unit_id,extraction_tier,building_id","1038:['TIER_1_DOM_ENTRATA_MODERN', 'TIER_1_DOM_ENTRATA_PP_UNIT_LEVEL']",one coherent Entrata source family per apartment roster,
critical,ENTRATA_PARALLEL_ROSTER_DUPLICATE,5091,Rise Broadway,entrata,SUCCESS,1136,"source_unit_id,extraction_tier,building_id","1136:['TIER_1_DOM_ENTRATA_MODERN', 'TIER_1_DOM_ENTRATA_PP_UNIT_LEVEL']",one coherent Entrata source family per apartment roster,
critical,FAILURE_VERDICT_WITH_UNITS,12566,High Point Crossing,g5,DEAD_URL,,"_meta.verdict,units","DEAD_URL,7",admitted physical inventory yields SUCCESS,
critical,CANONICAL_UNIQUENESS_GATE_FAILED,26523,Concierge Apartments,entrata,SUCCESS,,canonical_id_uniqueness,"{""duplicate_count"": 1, ""id_count"": 54, ""passed"": false, ""unique_id_count"": 53}",passed=true,
critical,DUPLICATE_CANONICAL_UNIT_ID,26523,Concierge Apartments,entrata,SUCCESS,,units[].unit_id,1,zero duplicates per property,
critical,ENTRATA_PARALLEL_ROSTER_DUPLICATE,26523,Concierge Apartments,entrata,SUCCESS,D102,"source_unit_id,extraction_tier,building_id","d102:['TIER_1_DOM_ENTRATA_MODERN', 'TIER_1_DOM_ENTRATA_PP_UNIT_LEVEL']",one coherent Entrata source family per apartment roster,
critical,CANONICAL_UNIQUENESS_GATE_FAILED,27165,,UNATTRIBUTED,FAILED_NO_DATA,,canonical_id_uniqueness,null,passed=true,
critical,CANONICAL_UNIQUENESS_GATE_FAILED,29448,Manor Homes of Fox Crest,entrata,SUCCESS,,canonical_id_uniqueness,"{""duplicate_count"": 14, ""id_count"": 26, ""passed"": false, ""unique_id_count"": 12}",passed=true,
critical,DUPLICATE_CANONICAL_UNIT_ID,29448,Manor Homes of Fox Crest,entrata,SUCCESS,,units[].unit_id,14,zero duplicates per property,
critical,ENTRATA_PARALLEL_ROSTER_DUPLICATE,29448,Manor Homes of Fox Crest,entrata,SUCCESS,9006,"source_unit_id,extraction_tier,building_id","9006:['TIER_1_DOM_ENTRATA_MODERN', 'TIER_1_DOM_ENTRATA_PP_UNIT_LEVEL']",one coherent Entrata source family per apartment roster,
critical,ENTRATA_PARALLEL_ROSTER_DUPLICATE,29448,Manor Homes of Fox Crest,entrata,SUCCESS,9038,"source_unit_id,extraction_tier,building_id","9038:['TIER_1_DOM_ENTRATA_MODERN', 'TIER_1_DOM_ENTRATA_PP_UNIT_LEVEL']",one coherent Entrata source family per apartment roster,
critical,ENTRATA_PARALLEL_ROSTER_DUPLICATE,29448,Manor Homes of Fox Crest,entrata,SUCCESS,3115,"source_unit_id,extraction_tier,building_id","3115:['TIER_1_DOM_ENTRATA_MODERN', 'TIER_1_DOM_ENTRATA_PP_UNIT_LEVEL']",one coherent Entrata source family per apartment roster,
critical,ENTRATA_PARALLEL_ROSTER_DUPLICATE,29448,Manor Homes of Fox Crest,entrata,SUCCESS,8931,"source_unit_id,extraction_tier,building_id","8931:['TIER_1_DOM_ENTRATA_MODERN', 'TIER_1_DOM_ENTRATA_PP_UNIT_LEVEL']",one coherent Entrata source family per apartment roster,
critical,ENTRATA_PARALLEL_ROSTER_DUPLICATE,29448,Manor Homes of Fox Crest,entrata,SUCCESS,9040,"source_unit_id,extraction_tier,building_id","9040:['TIER_1_DOM_ENTRATA_MODERN', 'TIER_1_DOM_ENTRATA_PP_UNIT_LEVEL']",one coherent Entrata source family per apartment roster,
critical,ENTRATA_PARALLEL_ROSTER_DUPLICATE,29448,Manor Homes of Fox Crest,entrata,SUCCESS,2905,"source_unit_id,extraction_tier,building_id","2905:['TIER_1_DOM_ENTRATA_MODERN', 'TIER_1_DOM_ENTRATA_PP_UNIT_LEVEL']",one coherent Entrata source family per apartment roster,
critical,ENTRATA_PARALLEL_ROSTER_DUPLICATE,29448,Manor Homes of Fox Crest,entrata,SUCCESS,3017,"source_unit_id,extraction_tier,building_id","3017:['TIER_1_DOM_ENTRATA_MODERN', 'TIER_1_DOM_ENTRATA_PP_UNIT_LEVEL']",one coherent Entrata source family per apartment roster,
critical,ENTRATA_PARALLEL_ROSTER_DUPLICATE,29448,Manor Homes of Fox Crest,entrata,SUCCESS,8945,"source_unit_id,extraction_tier,building_id","8945:['TIER_1_DOM_ENTRATA_MODERN', 'TIER_1_DOM_ENTRATA_PP_UNIT_LEVEL']",one coherent Entrata source family per apartment roster,
critical,ENTRATA_PARALLEL_ROSTER_DUPLICATE,29448,Manor Homes of Fox Crest,entrata,SUCCESS,2803,"source_unit_id,extraction_tier,building_id","2803:['TIER_1_DOM_ENTRATA_MODERN', 'TIER_1_DOM_ENTRATA_PP_UNIT_LEVEL']",one coherent Entrata source family per apartment roster,
critical,ENTRATA_PARALLEL_ROSTER_DUPLICATE,29448,Manor Homes of Fox Crest,entrata,SUCCESS,9003,"source_unit_id,extraction_tier,building_id","9003:['TIER_1_DOM_ENTRATA_MODERN', 'TIER_1_DOM_ENTRATA_PP_UNIT_LEVEL']",one coherent Entrata source family per apartment roster,
critical,ENTRATA_PARALLEL_ROSTER_DUPLICATE,29448,Manor Homes of Fox Crest,entrata,SUCCESS,3128,"source_unit_id,extraction_tier,building_id","3128:['TIER_1_DOM_ENTRATA_MODERN', 'TIER_1_DOM_ENTRATA_PP_UNIT_LEVEL']",one coherent Entrata source family per apartment roster,
critical,ENTRATA_PARALLEL_ROSTER_DUPLICATE,29448,Manor Homes of Fox Crest,entrata,SUCCESS,2904,"source_unit_id,extraction_tier,building_id","2904:['TIER_1_DOM_ENTRATA_MODERN', 'TIER_1_DOM_ENTRATA_PP_UNIT_LEVEL']",one coherent Entrata source family per apartment roster,
critical,CANONICAL_UNIQUENESS_GATE_FAILED,32097,Clemmons Trace Village,UNATTRIBUTED,SUCCESS_PLAN_LEVEL,,canonical_id_uniqueness,null,passed=true,
critical,FAILURE_VERDICT_WITH_UNITS,36168,Bennington Hills,encoreskyline_template,DEAD_URL,,"_meta.verdict,units","DEAD_URL,3",admitted physical inventory yields SUCCESS,
critical,CANONICAL_UNIQUENESS_GATE_FAILED,37065,Pointe Inverness,entrata,SUCCESS,,canonical_id_uniqueness,"{""duplicate_count"": 2, ""id_count"": 4, ""passed"": false, ""unique_id_count"": 2}",passed=true,
critical,DUPLICATE_CANONICAL_UNIT_ID,37065,Pointe Inverness,entrata,SUCCESS,,units[].unit_id,2,zero duplicates per property,
critical,ENTRATA_PARALLEL_ROSTER_DUPLICATE,37065,Pointe Inverness,entrata,SUCCESS,6789,"source_unit_id,extraction_tier,building_id","6789:['TIER_1_DOM_ENTRATA_MODERN', 'TIER_1_DOM_ENTRATA_PP_UNIT_LEVEL']",one coherent Entrata source family per apartment roster,
critical,ENTRATA_PARALLEL_ROSTER_DUPLICATE,37065,Pointe Inverness,entrata,SUCCESS,7015,"source_unit_id,extraction_tier,building_id","7015:['TIER_1_DOM_ENTRATA_MODERN', 'TIER_1_DOM_ENTRATA_PP_UNIT_LEVEL']",one coherent Entrata source family per apartment roster,
critical,FAILURE_VERDICT_WITH_UNITS,46108,Stratford Mill,realpage_oll,DEAD_URL,,"_meta.verdict,units","DEAD_URL,68",admitted physical inventory yields SUCCESS,
critical,CANONICAL_UNIQUENESS_GATE_FAILED,48052,Summerville Station,entrata,SUCCESS,,canonical_id_uniqueness,"{""duplicate_count"": 8, ""id_count"": 16, ""passed"": false, ""unique_id_count"": 8}",passed=true,
critical,DUPLICATE_CANONICAL_UNIT_ID,48052,Summerville Station,entrata,SUCCESS,,units[].unit_id,8,zero duplicates per property,
critical,ENTRATA_PARALLEL_ROSTER_DUPLICATE,48052,Summerville Station,entrata,SUCCESS,D16,"source_unit_id,extraction_tier,building_id","d16:['TIER_1_DOM_ENTRATA_MODERN', 'TIER_1_DOM_ENTRATA_PP_UNIT_LEVEL']",one coherent Entrata source family per apartment roster,
critical,ENTRATA_PARALLEL_ROSTER_DUPLICATE,48052,Summerville Station,entrata,SUCCESS,E05,"source_unit_id,extraction_tier,building_id","e05:['TIER_1_DOM_ENTRATA_MODERN', 'TIER_1_DOM_ENTRATA_PP_UNIT_LEVEL']",one coherent Entrata source family per apartment roster,
critical,ENTRATA_PARALLEL_ROSTER_DUPLICATE,48052,Summerville Station,entrata,SUCCESS,H12,"source_unit_id,extraction_tier,building_id","h12:['TIER_1_DOM_ENTRATA_MODERN', 'TIER_1_DOM_ENTRATA_PP_UNIT_LEVEL']",one coherent Entrata source family per apartment roster,
critical,ENTRATA_PARALLEL_ROSTER_DUPLICATE,48052,Summerville Station,entrata,SUCCESS,A17,"source_unit_id,extraction_tier,building_id","a17:['TIER_1_DOM_ENTRATA_MODERN', 'TIER_1_DOM_ENTRATA_PP_UNIT_LEVEL']",one coherent Entrata source family per apartment roster,
critical,ENTRATA_PARALLEL_ROSTER_DUPLICATE,48052,Summerville Station,entrata,SUCCESS,J03,"source_unit_id,extraction_tier,building_id","j03:['TIER_1_DOM_ENTRATA_MODERN', 'TIER_1_DOM_ENTRATA_PP_UNIT_LEVEL']",one coherent Entrata source family per apartment roster,
critical,ENTRATA_PARALLEL_ROSTER_DUPLICATE,48052,Summerville Station,entrata,SUCCESS,K19,"source_unit_id,extraction_tier,building_id","k19:['TIER_1_DOM_ENTRATA_MODERN', 'TIER_1_DOM_ENTRATA_PP_UNIT_LEVEL']",one coherent Entrata source family per apartment roster,
critical,ENTRATA_PARALLEL_ROSTER_DUPLICATE,48052,Summerville Station,entrata,SUCCESS,J05,"source_unit_id,extraction_tier,building_id","j05:['TIER_1_DOM_ENTRATA_MODERN', 'TIER_1_DOM_ENTRATA_PP_UNIT_LEVEL']",one coherent Entrata source family per apartment roster,
critical,ENTRATA_PARALLEL_ROSTER_DUPLICATE,48052,Summerville Station,entrata,SUCCESS,K17,"source_unit_id,extraction_tier,building_id","k17:['TIER_1_DOM_ENTRATA_MODERN', 'TIER_1_DOM_ENTRATA_PP_UNIT_LEVEL']",one coherent Entrata source family per apartment roster,
critical,CANONICAL_UNIQUENESS_GATE_FAILED,48092,Edgewater Village,entrata,SUCCESS,,canonical_id_uniqueness,"{""duplicate_count"": 61, ""id_count"": 108, ""passed"": false, ""unique_id_count"": 47}",passed=true,
critical,DUPLICATE_CANONICAL_UNIT_ID,48092,Edgewater Village,entrata,SUCCESS,,units[].unit_id,61,zero duplicates per property,
critical,ENTRATA_PARALLEL_ROSTER_DUPLICATE,48092,Edgewater Village,entrata,SUCCESS,5980ecff-114,"source_unit_id,extraction_tier,building_id","114:['TIER_1_DOM_ENTRATA_MODERN', 'TIER_1_DOM_ENTRATA_PP_UNIT_LEVEL']",one coherent Entrata source family per apartment roster,
critical,ENTRATA_PARALLEL_ROSTER_DUPLICATE,48092,Edgewater Village,entrata,SUCCESS,5980ecff-112,"source_unit_id,extraction_tier,building_id","112:['TIER_1_DOM_ENTRATA_MODERN', 'TIER_1_DOM_ENTRATA_PP_UNIT_LEVEL']",one coherent Entrata source family per apartment roster,
critical,ENTRATA_PARALLEL_ROSTER_DUPLICATE,48092,Edgewater Village,entrata,SUCCESS,5980ecff-115,"source_unit_id,extraction_tier,building_id","115:['TIER_1_DOM_ENTRATA_MODERN', 'TIER_1_DOM_ENTRATA_PP_UNIT_LEVEL']",one coherent Entrata source family per apartment roster,
critical,ENTRATA_PARALLEL_ROSTER_DUPLICATE,48092,Edgewater Village,entrata,SUCCESS,6bee503a-117,"source_unit_id,extraction_tier,building_id","117:['TIER_1_DOM_ENTRATA_MODERN', 'TIER_1_DOM_ENTRATA_PP_UNIT_LEVEL']",one coherent Entrata source family per apartment roster,
critical,ENTRATA_PARALLEL_ROSTER_DUPLICATE,48092,Edgewater Village,entrata,SUCCESS,6bee503a-215,"source_unit_id,extraction_tier,building_id","215:['TIER_1_DOM_ENTRATA_MODERN', 'TIER_1_DOM_ENTRATA_PP_UNIT_LEVEL']",one coherent Entrata source family per apartment roster,
critical,ENTRATA_PARALLEL_ROSTER_DUPLICATE,48092,Edgewater Village,entrata,SUCCESS,6bee503a-312,"source_unit_id,extraction_tier,building_id","312:['TIER_1_DOM_ENTRATA_MODERN', 'TIER_1_DOM_ENTRATA_PP_UNIT_LEVEL']",one coherent Entrata source family per apartment roster,
critical,ENTRATA_PARALLEL_ROSTER_DUPLICATE,48092,Edgewater Village,entrata,SUCCESS,315,"source_unit_id,extraction_tier,building_id","315:['TIER_1_DOM_ENTRATA_MODERN', 'TIER_1_DOM_ENTRATA_PP_UNIT_LEVEL']",one coherent Entrata source family per apartment roster,
critical,ENTRATA_PARALLEL_ROSTER_DUPLICATE,48092,Edgewater Village,entrata,SUCCESS,6bee503a-212,"source_unit_id,extraction_tier,building_id","212:['TIER_1_DOM_ENTRATA_MODERN', 'TIER_1_DOM_ENTRATA_PP_UNIT_LEVEL']",one coherent Entrata source family per apartment roster,
critical,ENTRATA_PARALLEL_ROSTER_DUPLICATE,48092,Edgewater Village,entrata,SUCCESS,6bee503a-214,"source_unit_id,extraction_tier,building_id","214:['TIER_1_DOM_ENTRATA_MODERN', 'TIER_1_DOM_ENTRATA_PP_UNIT_LEVEL']",one coherent Entrata source family per apartment roster,
critical,ENTRATA_PARALLEL_ROSTER_DUPLICATE,48092,Edgewater Village,entrata,SUCCESS,6bee503a-314,"source_unit_id,extraction_tier,building_id","314:['TIER_1_DOM_ENTRATA_MODERN', 'TIER_1_DOM_ENTRATA_PP_UNIT_LEVEL']",one coherent Entrata source family per apartment roster,
critical,ENTRATA_PARALLEL_ROSTER_DUPLICATE,48092,Edgewater Village,entrata,SUCCESS,6bee503a-217,"source_unit_id,extraction_tier,building_id","217:['TIER_1_DOM_ENTRATA_MODERN', 'TIER_1_DOM_ENTRATA_PP_UNIT_LEVEL']",one coherent Entrata source family per apartment roster,
critical,ENTRATA_PARALLEL_ROSTER_DUPLICATE,48092,Edgewater Village,entrata,SUCCESS,074b56e3-116,"source_unit_id,extraction_tier,building_id","116:['TIER_1_DOM_ENTRATA_MODERN', 'TIER_1_DOM_ENTRATA_PP_UNIT_LEVEL']",one coherent Entrata source family per apartment roster,
critical,ENTRATA_PARALLEL_ROSTER_DUPLICATE,48092,Edgewater Village,entrata,SUCCESS,074b56e3-113,"source_unit_id,extraction_tier,building_id","113:['TIER_1_DOM_ENTRATA_MODERN', 'TIER_1_DOM_ENTRATA_PP_UNIT_LEVEL']",one coherent Entrata source family per apartment roster,
critical,ENTRATA_PARALLEL_ROSTER_DUPLICATE,48092,Edgewater Village,entrata,SUCCESS,074b56e3-216,"source_unit_id,extraction_tier,building_id","216:['TIER_1_DOM_ENTRATA_MODERN', 'TIER_1_DOM_ENTRATA_PP_UNIT_LEVEL']",one coherent Entrata source family per apartment roster,
critical,ENTRATA_PARALLEL_ROSTER_DUPLICATE,48092,Edgewater Village,entrata,SUCCESS,074b56e3-118,"source_unit_id,extraction_tier,building_id","118:['TIER_1_DOM_ENTRATA_MODERN', 'TIER_1_DOM_ENTRATA_PP_UNIT_LEVEL']",one coherent Entrata source family per apartment roster,
critical,ENTRATA_PARALLEL_ROSTER_DUPLICATE,48092,Edgewater Village,entrata,SUCCESS,074b56e3-111,"source_unit_id,extraction_tier,building_id","111:['TIER_1_DOM_ENTRATA_MODERN', 'TIER_1_DOM_ENTRATA_PP_UNIT_LEVEL']",one coherent Entrata source family per apartment roster,
critical,ENTRATA_PARALLEL_ROSTER_DUPLICATE,48092,Edgewater Village,entrata,SUCCESS,074b56e3-218,"source_unit_id,extraction_tier,building_id","218:['TIER_1_DOM_ENTRATA_MODERN', 'TIER_1_DOM_ENTRATA_PP_UNIT_LEVEL']",one coherent Entrata source family per apartment roster,
critical,ENTRATA_PARALLEL_ROSTER_DUPLICATE,48092,Edgewater Village,entrata,SUCCESS,074b56e3-313,"source_unit_id,extraction_tier,building_id","313:['TIER_1_DOM_ENTRATA_MODERN', 'TIER_1_DOM_ENTRATA_PP_UNIT_LEVEL']",one coherent Entrata source family per apartment roster,
critical,ENTRATA_PARALLEL_ROSTER_DUPLICATE,48092,Edgewater Village,entrata,SUCCESS,074b56e3-318,"source_unit_id,extraction_tier,building_id","318:['TIER_1_DOM_ENTRATA_MODERN', 'TIER_1_DOM_ENTRATA_PP_UNIT_LEVEL']",one coherent Entrata source family per apartment roster,
critical,ENTRATA_PARALLEL_ROSTER_DUPLICATE,48092,Edgewater Village,entrata,SUCCESS,213,"source_unit_id,extraction_tier,building_id","213:['TIER_1_DOM_ENTRATA_MODERN', 'TIER_1_DOM_ENTRATA_PP_UNIT_LEVEL']",one coherent Entrata source family per apartment roster,
critical,ENTRATA_PARALLEL_ROSTER_DUPLICATE,48092,Edgewater Village,entrata,SUCCESS,074b56e3-211,"source_unit_id,extraction_tier,building_id","211:['TIER_1_DOM_ENTRATA_MODERN', 'TIER_1_DOM_ENTRATA_PP_UNIT_LEVEL']",one coherent Entrata source family per apartment roster,
critical,ENTRATA_PARALLEL_ROSTER_DUPLICATE,48092,Edgewater Village,entrata,SUCCESS,317,"source_unit_id,extraction_tier,building_id","317:['TIER_1_DOM_ENTRATA_MODERN', 'TIER_1_DOM_ENTRATA_PP_UNIT_LEVEL']",one coherent Entrata source family per apartment roster,
critical,ENTRATA_PARALLEL_ROSTER_DUPLICATE,48092,Edgewater Village,entrata,SUCCESS,316,"source_unit_id,extraction_tier,building_id","316:['TIER_1_DOM_ENTRATA_MODERN', 'TIER_1_DOM_ENTRATA_PP_UNIT_LEVEL']",one coherent Entrata source family per apartment roster,
critical,CANONICAL_UNIQUENESS_GATE_FAILED,52697,,UNATTRIBUTED,FAILED_NO_DATA,,canonical_id_uniqueness,null,passed=true,
critical,CANONICAL_UNIQUENESS_GATE_FAILED,62743,Residences at Falcon North,entrata,SUCCESS,,canonical_id_uniqueness,"{""duplicate_count"": 24, ""id_count"": 48, ""passed"": false, ""unique_id_count"": 24}",passed=true,
critical,DUPLICATE_CANONICAL_UNIT_ID,62743,Residences at Falcon North,entrata,SUCCESS,,units[].unit_id,24,zero duplicates per property,
critical,ENTRATA_PARALLEL_ROSTER_DUPLICATE,62743,Residences at Falcon North,entrata,SUCCESS,364306,"source_unit_id,extraction_tier,building_id","364306:['TIER_1_DOM_ENTRATA_MODERN', 'TIER_1_DOM_ENTRATA_PP_UNIT_LEVEL']",one coherent Entrata source family per apartment roster,
critical,ENTRATA_PARALLEL_ROSTER_DUPLICATE,62743,Residences at Falcon North,entrata,SUCCESS,480107,"source_unit_id,extraction_tier,building_id","480107:['TIER_1_DOM_ENTRATA_MODERN', 'TIER_1_DOM_ENTRATA_PP_UNIT_LEVEL']",one coherent Entrata source family per apartment roster,
critical,ENTRATA_PARALLEL_ROSTER_DUPLICATE,62743,Residences at Falcon North,entrata,SUCCESS,380106,"source_unit_id,extraction_tier,building_id","380106:['TIER_1_DOM_ENTRATA_MODERN', 'TIER_1_DOM_ENTRATA_PP_UNIT_LEVEL']",one coherent Entrata source family per apartment roster,
critical,ENTRATA_PARALLEL_ROSTER_DUPLICATE,62743,Residences at Falcon North,entrata,SUCCESS,396205,"source_unit_id,extraction_tier,building_id","396205:['TIER_1_DOM_ENTRATA_MODERN', 'TIER_1_DOM_ENTRATA_PP_UNIT_LEVEL']",one coherent Entrata source family per apartment roster,
critical,ENTRATA_PARALLEL_ROSTER_DUPLICATE,62743,Residences at Falcon North,entrata,SUCCESS,364205,"source_unit_id,extraction_tier,building_id","364205:['TIER_1_DOM_ENTRATA_MODERN', 'TIER_1_DOM_ENTRATA_PP_UNIT_LEVEL']",one coherent Entrata source family per apartment roster,
critical,ENTRATA_PARALLEL_ROSTER_DUPLICATE,62743,Residences at Falcon North,entrata,SUCCESS,364307,"source_unit_id,extraction_tier,building_id","364307:['TIER_1_DOM_ENTRATA_MODERN', 'TIER_1_DOM_ENTRATA_PP_UNIT_LEVEL']",one coherent Entrata source family per apartment roster,
critical,ENTRATA_PARALLEL_ROSTER_DUPLICATE,62743,Residences at Falcon North,entrata,SUCCESS,480205,"source_unit_id,extraction_tier,building_id","480205:['TIER_1_DOM_ENTRATA_MODERN', 'TIER_1_DOM_ENTRATA_PP_UNIT_LEVEL']",one coherent Entrata source family per apartment roster,
critical,ENTRATA_PARALLEL_ROSTER_DUPLICATE,62743,Residences at Falcon North,entrata,SUCCESS,380304,"source_unit_id,extraction_tier,building_id","380304:['TIER_1_DOM_ENTRATA_MODERN', 'TIER_1_DOM_ENTRATA_PP_UNIT_LEVEL']",one coherent Entrata source family per apartment roster,
critical,ENTRATA_PARALLEL_ROSTER_DUPLICATE,62743,Residences at Falcon North,entrata,SUCCESS,331203,"source_unit_id,extraction_tier,building_id","331203:['TIER_1_DOM_ENTRATA_MODERN', 'TIER_1_DOM_ENTRATA_PP_UNIT_LEVEL']",one coherent Entrata source family per apartment roster,
critical,ENTRATA_PARALLEL_ROSTER_DUPLICATE,62743,Residences at Falcon North,entrata,SUCCESS,347203,"source_unit_id,extraction_tier,building_id","347203:['TIER_1_DOM_ENTRATA_MODERN', 'TIER_1_DOM_ENTRATA_PP_UNIT_LEVEL']",one coherent Entrata source family per apartment roster,
critical,ENTRATA_PARALLEL_ROSTER_DUPLICATE,62743,Residences at Falcon North,entrata,SUCCESS,347104,"source_unit_id,extraction_tier,building_id","347104:['TIER_1_DOM_ENTRATA_MODERN', 'TIER_1_DOM_ENTRATA_PP_UNIT_LEVEL']",one coherent Entrata source family per apartment roster,
critical,ENTRATA_PARALLEL_ROSTER_DUPLICATE,62743,Residences at Falcon North,entrata,SUCCESS,331204,"source_unit_id,extraction_tier,building_id","331204:['TIER_1_DOM_ENTRATA_MODERN', 'TIER_1_DOM_ENTRATA_PP_UNIT_LEVEL']",one coherent Entrata source family per apartment roster,
critical,ENTRATA_PARALLEL_ROSTER_DUPLICATE,62743,Residences at Falcon North,entrata,SUCCESS,448207,"source_unit_id,extraction_tier,building_id","448207:['TIER_1_DOM_ENTRATA_MODERN', 'TIER_1_DOM_ENTRATA_PP_UNIT_LEVEL']",one coherent Entrata source family per apartment roster,
critical,ENTRATA_PARALLEL_ROSTER_DUPLICATE,62743,Residences at Falcon North,entrata,SUCCESS,448203,"source_unit_id,extraction_tier,building_id","448203:['TIER_1_DOM_ENTRATA_MODERN', 'TIER_1_DOM_ENTRATA_PP_UNIT_LEVEL']",one coherent Entrata source family per apartment roster,
critical,ENTRATA_PARALLEL_ROSTER_DUPLICATE,62743,Residences at Falcon North,entrata,SUCCESS,448108,"source_unit_id,extraction_tier,building_id","448108:['TIER_1_DOM_ENTRATA_MODERN', 'TIER_1_DOM_ENTRATA_PP_UNIT_LEVEL']",one coherent Entrata source family per apartment roster,
critical,ENTRATA_PARALLEL_ROSTER_DUPLICATE,62743,Residences at Falcon North,entrata,SUCCESS,364110,"source_unit_id,extraction_tier,building_id","364110:['TIER_1_DOM_ENTRATA_MODERN', 'TIER_1_DOM_ENTRATA_PP_UNIT_LEVEL']",one coherent Entrata source family per apartment roster,
critical,ENTRATA_PARALLEL_ROSTER_DUPLICATE,62743,Residences at Falcon North,entrata,SUCCESS,315301,"source_unit_id,extraction_tier,building_id","315301:['TIER_1_DOM_ENTRATA_MODERN', 'TIER_1_DOM_ENTRATA_PP_UNIT_LEVEL']",one coherent Entrata source family per apartment roster,
critical,ENTRATA_PARALLEL_ROSTER_DUPLICATE,62743,Residences at Falcon North,entrata,SUCCESS,431209,"source_unit_id,extraction_tier,building_id","431209:['TIER_1_DOM_ENTRATA_MODERN', 'TIER_1_DOM_ENTRATA_PP_UNIT_LEVEL']",one coherent Entrata source family per apartment roster,
critical,ENTRATA_PARALLEL_ROSTER_DUPLICATE,62743,Residences at Falcon North,entrata,SUCCESS,315209,"source_unit_id,extraction_tier,building_id","315209:['TIER_1_DOM_ENTRATA_MODERN', 'TIER_1_DOM_ENTRATA_PP_UNIT_LEVEL']",one coherent Entrata source family per apartment roster,
critical,ENTRATA_PARALLEL_ROSTER_DUPLICATE,62743,Residences at Falcon North,entrata,SUCCESS,347310,"source_unit_id,extraction_tier,building_id","347310:['TIER_1_DOM_ENTRATA_MODERN', 'TIER_1_DOM_ENTRATA_PP_UNIT_LEVEL']",one coherent Entrata source family per apartment roster,
critical,ENTRATA_PARALLEL_ROSTER_DUPLICATE,62743,Residences at Falcon North,entrata,SUCCESS,331210,"source_unit_id,extraction_tier,building_id","331210:['TIER_1_DOM_ENTRATA_MODERN', 'TIER_1_DOM_ENTRATA_PP_UNIT_LEVEL']",one coherent Entrata source family per apartment roster,
critical,ENTRATA_PARALLEL_ROSTER_DUPLICATE,62743,Residences at Falcon North,entrata,SUCCESS,347210,"source_unit_id,extraction_tier,building_id","347210:['TIER_1_DOM_ENTRATA_MODERN', 'TIER_1_DOM_ENTRATA_PP_UNIT_LEVEL']",one coherent Entrata source family per apartment roster,
critical,ENTRATA_PARALLEL_ROSTER_DUPLICATE,62743,Residences at Falcon North,entrata,SUCCESS,380209,"source_unit_id,extraction_tier,building_id","380209:['TIER_1_DOM_ENTRATA_MODERN', 'TIER_1_DOM_ENTRATA_PP_UNIT_LEVEL']",one coherent Entrata source family per apartment roster,
critical,ENTRATA_PARALLEL_ROSTER_DUPLICATE,62743,Residences at Falcon North,entrata,SUCCESS,380202,"source_unit_id,extraction_tier,building_id","380202:['TIER_1_DOM_ENTRATA_MODERN', 'TIER_1_DOM_ENTRATA_PP_UNIT_LEVEL']",one coherent Entrata source family per apartment roster,
critical,CANONICAL_UNIQUENESS_GATE_FAILED,70238,Grace Apartments,UNATTRIBUTED,SUCCESS_PLAN_LEVEL,,canonical_id_uniqueness,null,passed=true,
critical,FAILURE_VERDICT_WITH_UNITS,218893,Volta at Voyager I,repli360,DEAD_URL,,"_meta.verdict,units","DEAD_URL,14",admitted physical inventory yields SUCCESS,
critical,FAILURE_VERDICT_WITH_UNITS,226992,Forest Ridge,knock,DEAD_URL,,"_meta.verdict,units","DEAD_URL,10",admitted physical inventory yields SUCCESS,
critical,CANONICAL_UNIQUENESS_GATE_FAILED,272772,,UNATTRIBUTED,FAILED_NO_DATA,,canonical_id_uniqueness,null,passed=true,
critical,CANONICAL_UNIQUENESS_GATE_FAILED,274909,,UNATTRIBUTED,FAILED_NO_DATA,,canonical_id_uniqueness,null,passed=true,
critical,CANONICAL_UNIQUENESS_GATE_FAILED,280797,Aspire,entrata,SUCCESS,,canonical_id_uniqueness,"{""duplicate_count"": 9, ""id_count"": 18, ""passed"": false, ""unique_id_count"": 9}",passed=true,
critical,DUPLICATE_CANONICAL_UNIT_ID,280797,Aspire,entrata,SUCCESS,,units[].unit_id,9,zero duplicates per property,
critical,ENTRATA_PARALLEL_ROSTER_DUPLICATE,280797,Aspire,entrata,SUCCESS,3521AC,"source_unit_id,extraction_tier,building_id","3521ac:['TIER_1_DOM_ENTRATA_MODERN', 'TIER_1_DOM_ENTRATA_PP_UNIT_LEVEL']",one coherent Entrata source family per apartment roster,
critical,ENTRATA_PARALLEL_ROSTER_DUPLICATE,280797,Aspire,entrata,SUCCESS,3537AC,"source_unit_id,extraction_tier,building_id","3537ac:['TIER_1_DOM_ENTRATA_MODERN', 'TIER_1_DOM_ENTRATA_PP_UNIT_LEVEL']",one coherent Entrata source family per apartment roster,
critical,ENTRATA_PARALLEL_ROSTER_DUPLICATE,280797,Aspire,entrata,SUCCESS,3504AC,"source_unit_id,extraction_tier,building_id","3504ac:['TIER_1_DOM_ENTRATA_MODERN', 'TIER_1_DOM_ENTRATA_PP_UNIT_LEVEL']",one coherent Entrata source family per apartment roster,
critical,ENTRATA_PARALLEL_ROSTER_DUPLICATE,280797,Aspire,entrata,SUCCESS,3531AC,"source_unit_id,extraction_tier,building_id","3531ac:['TIER_1_DOM_ENTRATA_MODERN', 'TIER_1_DOM_ENTRATA_PP_UNIT_LEVEL']",one coherent Entrata source family per apartment roster,
critical,ENTRATA_PARALLEL_ROSTER_DUPLICATE,280797,Aspire,entrata,SUCCESS,6618SD,"source_unit_id,extraction_tier,building_id","6618sd:['TIER_1_DOM_ENTRATA_MODERN', 'TIER_1_DOM_ENTRATA_PP_UNIT_LEVEL']",one coherent Entrata source family per apartment roster,
critical,ENTRATA_PARALLEL_ROSTER_DUPLICATE,280797,Aspire,entrata,SUCCESS,6634SD,"source_unit_id,extraction_tier,building_id","6634sd:['TIER_1_DOM_ENTRATA_MODERN', 'TIER_1_DOM_ENTRATA_PP_UNIT_LEVEL']",one coherent Entrata source family per apartment roster,
critical,ENTRATA_PARALLEL_ROSTER_DUPLICATE,280797,Aspire,entrata,SUCCESS,6658SD,"source_unit_id,extraction_tier,building_id","6658sd:['TIER_1_DOM_ENTRATA_MODERN', 'TIER_1_DOM_ENTRATA_PP_UNIT_LEVEL']",one coherent Entrata source family per apartment roster,
critical,ENTRATA_PARALLEL_ROSTER_DUPLICATE,280797,Aspire,entrata,SUCCESS,6694SL,"source_unit_id,extraction_tier,building_id","6694sl:['TIER_1_DOM_ENTRATA_MODERN', 'TIER_1_DOM_ENTRATA_PP_UNIT_LEVEL']",one coherent Entrata source family per apartment roster,
critical,ENTRATA_PARALLEL_ROSTER_DUPLICATE,280797,Aspire,entrata,SUCCESS,6645SL,"source_unit_id,extraction_tier,building_id","6645sl:['TIER_1_DOM_ENTRATA_MODERN', 'TIER_1_DOM_ENTRATA_PP_UNIT_LEVEL']",one coherent Entrata source family per apartment roster,
high,FINAL_COUNT_MISMATCH,1084,,UNATTRIBUTED,FAILED_NO_DATA,,final_admitted_count,,0,
high,OFFLINE_ARCHIVE_INVALID,1084,,UNATTRIBUTED,FAILED_NO_DATA,,raw_source_archive,missing raw_source_archive pointer,"readable content-addressed manifest, bodies, and extraction snapshot",
high,PROVENANCE_FIELDS_MISSING,1084,,UNATTRIBUTED,FAILED_NO_DATA,,_meta.provenance,"availability_date_provenance,canonical_id_uniqueness,final_admitted_count,formatted_count,parser_count,property_identity_verdict,raw_source_archive,raw_source_count,raw_source_count_basis,raw_source_kind_counts,rent_provenance,rent_range_units,unit_source_provenance",all consolidated diagnostic counters/pointers,
high,AVAILABLE_NOW_PROVENANCE_LOST,4170,Beechwood,generic,SUCCESS,253,availability_date_provenance,available_now,negative_status_override,
high,AVAILABLE_NOW_PROVENANCE_LOST,4170,Beechwood,generic,SUCCESS,271,availability_date_provenance,available_now,negative_status_override,
high,AVAILABLE_NOW_PROVENANCE_LOST,4170,Beechwood,generic,SUCCESS,328,availability_date_provenance,available_now,negative_status_override,
high,AVAILABLE_NOW_PROVENANCE_LOST,4170,Beechwood,generic,SUCCESS,226,availability_date_provenance,available_now,negative_status_override,
high,AVAILABLE_NOW_PROVENANCE_LOST,4170,Beechwood,generic,SUCCESS,326,availability_date_provenance,available_now,negative_status_override,
high,AVAILABLE_NOW_PROVENANCE_LOST,4170,Beechwood,generic,SUCCESS,151,availability_date_provenance,available_now,negative_status_override,
high,AVAILABLE_NOW_PROVENANCE_LOST,4170,Beechwood,generic,SUCCESS,136,availability_date_provenance,available_now,negative_status_override,
high,AVAILABLE_NOW_PROVENANCE_LOST,4170,Beechwood,generic,SUCCESS,101,availability_date_provenance,available_now,negative_status_override,
high,SYNTHETIC_OUTPUT_WITH_PREFORMAT_NATURAL_ID,11130,Mercer Park,generic,SUCCESS,inferred_b80b89cf88942cbf-eff145,"unit_id,units_pre_format[].unit_number","inferred_b80b89cf88942cbf-eff145 <- ['1001', '1005', '1018', '1019', '1102', '1114', '1117', '1301']",natural pre-format apartment number selected before fallback identity,immutable extraction snapshot links the synthetic output to a raw natural number
high,SYNTHETIC_OUTPUT_WITH_PREFORMAT_NATURAL_ID,11130,Mercer Park,generic,SUCCESS,inferred_b80b89cf88942cbf-eff145-1,"unit_id,units_pre_format[].unit_number","inferred_b80b89cf88942cbf-eff145-1 <- ['1002', '1004', '1006', '1008', '1009', '1010', '1012', '1014']",natural pre-format apartment number selected before fallback identity,immutable extraction snapshot links the synthetic output to a raw natural number
high,SYNTHETIC_OUTPUT_WITH_PREFORMAT_NATURAL_ID,11130,Mercer Park,generic,SUCCESS,inferred_b80b89cf88942cbf-eff145-2,"unit_id,units_pre_format[].unit_number","inferred_b80b89cf88942cbf-eff145-2 <- ['1003', '1007', '1011', '1013', '1016', '1017', '1020', '1104']",natural pre-format apartment number selected before fallback identity,immutable extraction snapshot links the synthetic output to a raw natural number
high,SYNTHETIC_OUTPUT_WITH_PREFORMAT_NATURAL_ID,11130,Mercer Park,generic,SUCCESS,inferred_b80b89cf88942cbf-eff145-3,"unit_id,units_pre_format[].unit_number","inferred_b80b89cf88942cbf-eff145-3 <- ['1002', '1004', '1006', '1008', '1009', '1010', '1012', '1014']",natural pre-format apartment number selected before fallback identity,immutable extraction snapshot links the synthetic output to a raw natural number
high,SYNTHETIC_OUTPUT_WITH_PREFORMAT_NATURAL_ID,11130,Mercer Park,generic,SUCCESS,inferred_df4825f98e5a20a0-222b09,"unit_id,units_pre_format[].unit_number","inferred_df4825f98e5a20a0-222b09 <- ['1401', '1402', '1403', '1404', '1405', '1406', '1407', '1408']",natural pre-format apartment number selected before fallback identity,immutable extraction snapshot links the synthetic output to a raw natural number
high,SYNTHETIC_OUTPUT_WITH_PREFORMAT_NATURAL_ID,11130,Mercer Park,generic,SUCCESS,inferred_df4825f98e5a20a0-222b09-1,"unit_id,units_pre_format[].unit_number","inferred_df4825f98e5a20a0-222b09-1 <- ['1401', '1402', '1403', '1404', '1405', '1406', '1407', '1408']",natural pre-format apartment number selected before fallback identity,immutable extraction snapshot links the synthetic output to a raw natural number
high,SYNTHETIC_OUTPUT_WITH_PREFORMAT_NATURAL_ID,11130,Mercer Park,generic,SUCCESS,inferred_df4825f98e5a20a0-4f8338,"unit_id,units_pre_format[].unit_number","inferred_df4825f98e5a20a0-4f8338 <- ['1401', '1402', '1403', '1404', '1405', '1406', '1407', '1408']",natural pre-format apartment number selected before fallback identity,immutable extraction snapshot links the synthetic output to a raw natural number
high,SYNTHETIC_OUTPUT_WITH_PREFORMAT_NATURAL_ID,11130,Mercer Park,generic,SUCCESS,inferred_df4825f98e5a20a0-4f8338-1,"unit_id,units_pre_format[].unit_number","inferred_df4825f98e5a20a0-4f8338-1 <- ['1401', '1402', '1403', '1404', '1405', '1406', '1407', '1408']",natural pre-format apartment number selected before fallback identity,immutable extraction snapshot links the synthetic output to a raw natural number
high,SYNTHETIC_OUTPUT_WITH_PREFORMAT_NATURAL_ID,11130,Mercer Park,generic,SUCCESS,inferred_e24329452ddb30b6-2d6264,"unit_id,units_pre_format[].unit_number","inferred_e24329452ddb30b6-2d6264 <- ['101', '102', '103', '104', '106', '107', '108', '109']",natural pre-format apartment number selected before fallback identity,immutable extraction snapshot links the synthetic output to a raw natural number
high,SYNTHETIC_OUTPUT_WITH_PREFORMAT_NATURAL_ID,11130,Mercer Park,generic,SUCCESS,inferred_e24329452ddb30b6-2d6264-1,"unit_id,units_pre_format[].unit_number","inferred_e24329452ddb30b6-2d6264-1 <- ['105', '111', '1203', '1204', '1211', '1214', '502', '505']",natural pre-format apartment number selected before fallback identity,immutable extraction snapshot links the synthetic output to a raw natural number
high,SYNTHETIC_OUTPUT_WITH_PREFORMAT_NATURAL_ID,11130,Mercer Park,generic,SUCCESS,inferred_e24329452ddb30b6-2d6264-2,"unit_id,units_pre_format[].unit_number","inferred_e24329452ddb30b6-2d6264-2 <- ['101', '102', '103', '104', '106', '107', '108', '109']",natural pre-format apartment number selected before fallback identity,immutable extraction snapshot links the synthetic output to a raw natural number
high,SYNTHETIC_OUTPUT_WITH_PREFORMAT_NATURAL_ID,11130,Mercer Park,generic,SUCCESS,inferred_e24329452ddb30b6-76ae9c,"unit_id,units_pre_format[].unit_number","inferred_e24329452ddb30b6-76ae9c <- ['1206', '1207', '1213', '1215', '503', '507', '508', '509']",natural pre-format apartment number selected before fallback identity,immutable extraction snapshot links the synthetic output to a raw natural number
high,SYNTHETIC_OUTPUT_WITH_PREFORMAT_NATURAL_ID,11130,Mercer Park,generic,SUCCESS,inferred_e24329452ddb30b6-5b7ca7,"unit_id,units_pre_format[].unit_number","inferred_e24329452ddb30b6-5b7ca7 <- ['105', '111', '1203', '1204', '1211', '1214', '502', '505']",natural pre-format apartment number selected before fallback identity,immutable extraction snapshot links the synthetic output to a raw natural number
high,SYNTHETIC_OUTPUT_WITH_PREFORMAT_NATURAL_ID,11130,Mercer Park,generic,SUCCESS,inferred_fe75f51b98897c35-d1f1e3,"unit_id,units_pre_format[].unit_number","inferred_fe75f51b98897c35-d1f1e3 <- ['1501', '1502', '1505', '1506', '1507', '1508', '1509', '1510']",natural pre-format apartment number selected before fallback identity,immutable extraction snapshot links the synthetic output to a raw natural number
high,SYNTHETIC_OUTPUT_WITH_PREFORMAT_NATURAL_ID,11130,Mercer Park,generic,SUCCESS,inferred_fe75f51b98897c35-d1f1e3-1,"unit_id,units_pre_format[].unit_number","inferred_fe75f51b98897c35-d1f1e3-1 <- ['1503', '1504', '1513', '1515', '1602', '1706', '1712', '1713']",natural pre-format apartment number selected before fallback identity,immutable extraction snapshot links the synthetic output to a raw natural number
high,SYNTHETIC_OUTPUT_WITH_PREFORMAT_NATURAL_ID,11130,Mercer Park,generic,SUCCESS,inferred_fe75f51b98897c35-d1f1e3-2,"unit_id,units_pre_format[].unit_number","inferred_fe75f51b98897c35-d1f1e3-2 <- ['1501', '1502', '1505', '1506', '1507', '1508', '1509', '1510']",natural pre-format apartment number selected before fallback identity,immutable extraction snapshot links the synthetic output to a raw natural number
high,SYNTHETIC_OUTPUT_WITH_PREFORMAT_NATURAL_ID,11130,Mercer Park,generic,SUCCESS,inferred_fe75f51b98897c35-d1f1e3-3,"unit_id,units_pre_format[].unit_number","inferred_fe75f51b98897c35-d1f1e3-3 <- ['1518', '1520', '1522', '1523', '1524', '1525', '1527', '1528']",natural pre-format apartment number selected before fallback identity,immutable extraction snapshot links the synthetic output to a raw natural number
high,SYNTHETIC_OUTPUT_WITH_PREFORMAT_NATURAL_ID,11130,Mercer Park,generic,SUCCESS,inferred_fe75f51b98897c35-d1f1e3-4,"unit_id,units_pre_format[].unit_number","inferred_fe75f51b98897c35-d1f1e3-4 <- ['1518', '1520', '1522', '1523', '1524', '1525', '1527', '1528']",natural pre-format apartment number selected before fallback identity,immutable extraction snapshot links the synthetic output to a raw natural number
high,FINAL_COUNT_MISMATCH,27165,,UNATTRIBUTED,FAILED_NO_DATA,,final_admitted_count,,0,
high,OFFLINE_ARCHIVE_INVALID,27165,,UNATTRIBUTED,FAILED_NO_DATA,,raw_source_archive,missing raw_source_archive pointer,"readable content-addressed manifest, bodies, and extraction snapshot",
high,PROVENANCE_FIELDS_MISSING,27165,,UNATTRIBUTED,FAILED_NO_DATA,,_meta.provenance,"availability_date_provenance,canonical_id_uniqueness,final_admitted_count,formatted_count,parser_count,property_identity_verdict,raw_source_archive,raw_source_count,raw_source_count_basis,raw_source_kind_counts,rent_provenance,rent_range_units,unit_source_provenance",all consolidated diagnostic counters/pointers,
high,FINAL_COUNT_MISMATCH,32097,Clemmons Trace Village,UNATTRIBUTED,SUCCESS_PLAN_LEVEL,,final_admitted_count,,0,
high,OFFLINE_ARCHIVE_INVALID,32097,Clemmons Trace Village,UNATTRIBUTED,SUCCESS_PLAN_LEVEL,,raw_source_archive,missing raw_source_archive pointer,"readable content-addressed manifest, bodies, and extraction snapshot",
high,PROVENANCE_FIELDS_MISSING,32097,Clemmons Trace Village,UNATTRIBUTED,SUCCESS_PLAN_LEVEL,,_meta.provenance,"availability_date_provenance,canonical_id_uniqueness,final_admitted_count,formatted_count,parser_count,property_identity_verdict,raw_source_archive,raw_source_count,raw_source_count_basis,raw_source_kind_counts,rent_provenance,rent_range_units,unit_source_provenance",all consolidated diagnostic counters/pointers,
high,FINAL_COUNT_MISMATCH,52697,,UNATTRIBUTED,FAILED_NO_DATA,,final_admitted_count,,0,
high,OFFLINE_ARCHIVE_INVALID,52697,,UNATTRIBUTED,FAILED_NO_DATA,,raw_source_archive,missing raw_source_archive pointer,"readable content-addressed manifest, bodies, and extraction snapshot",
high,PROVENANCE_FIELDS_MISSING,52697,,UNATTRIBUTED,FAILED_NO_DATA,,_meta.provenance,"availability_date_provenance,canonical_id_uniqueness,final_admitted_count,formatted_count,parser_count,property_identity_verdict,raw_source_archive,raw_source_count,raw_source_count_basis,raw_source_kind_counts,rent_provenance,rent_range_units,unit_source_provenance",all consolidated diagnostic counters/pointers,
high,FINAL_COUNT_MISMATCH,70238,Grace Apartments,UNATTRIBUTED,SUCCESS_PLAN_LEVEL,,final_admitted_count,,0,
high,OFFLINE_ARCHIVE_INVALID,70238,Grace Apartments,UNATTRIBUTED,SUCCESS_PLAN_LEVEL,,raw_source_archive,missing raw_source_archive pointer,"readable content-addressed manifest, bodies, and extraction snapshot",
high,PROVENANCE_FIELDS_MISSING,70238,Grace Apartments,UNATTRIBUTED,SUCCESS_PLAN_LEVEL,,_meta.provenance,"availability_date_provenance,canonical_id_uniqueness,final_admitted_count,formatted_count,parser_count,property_identity_verdict,raw_source_archive,raw_source_count,raw_source_count_basis,raw_source_kind_counts,rent_provenance,rent_range_units,unit_source_provenance",all consolidated diagnostic counters/pointers,
high,SYNTHETIC_OUTPUT_WITH_PREFORMAT_NATURAL_ID,241798,Waterford Landings,generic,SUCCESS,inferred_4d8b4e74b137a408-22e2e5,"unit_id,units_pre_format[].unit_number","inferred_4d8b4e74b137a408-22e2e5 <- ['101', '1201', '302', '514']",natural pre-format apartment number selected before fallback identity,immutable extraction snapshot links the synthetic output to a raw natural number
high,SYNTHETIC_OUTPUT_WITH_PREFORMAT_NATURAL_ID,241798,Waterford Landings,generic,SUCCESS,inferred_4d8b4e74b137a408-22e2e5-1,"unit_id,units_pre_format[].unit_number",inferred_4d8b4e74b137a408-22e2e5-1 <- ['102'],natural pre-format apartment number selected before fallback identity,immutable extraction snapshot links the synthetic output to a raw natural number
high,SYNTHETIC_OUTPUT_WITH_PREFORMAT_NATURAL_ID,241798,Waterford Landings,generic,SUCCESS,inferred_4d8b4e74b137a408-22e2e5-2,"unit_id,units_pre_format[].unit_number","inferred_4d8b4e74b137a408-22e2e5-2 <- ['105', '114', '1213', '1214', '1217', '1218', '301', '305']",natural pre-format apartment number selected before fallback identity,immutable extraction snapshot links the synthetic output to a raw natural number
high,SYNTHETIC_OUTPUT_WITH_PREFORMAT_NATURAL_ID,241798,Waterford Landings,generic,SUCCESS,inferred_4d8b4e74b137a408-22e2e5-3,"unit_id,units_pre_format[].unit_number","inferred_4d8b4e74b137a408-22e2e5-3 <- ['106', '401', '414']",natural pre-format apartment number selected before fallback identity,immutable extraction snapshot links the synthetic output to a raw natural number
high,SYNTHETIC_OUTPUT_WITH_PREFORMAT_NATURAL_ID,241798,Waterford Landings,generic,SUCCESS,inferred_4d8b4e74b137a408-22e2e5-4,"unit_id,units_pre_format[].unit_number",inferred_4d8b4e74b137a408-22e2e5-4 <- ['113'],natural pre-format apartment number selected before fallback identity,immutable extraction snapshot links the synthetic output to a raw natural number
high,SYNTHETIC_OUTPUT_WITH_PREFORMAT_NATURAL_ID,241798,Waterford Landings,generic,SUCCESS,inferred_4d8b4e74b137a408-178ced,"unit_id,units_pre_format[].unit_number",inferred_4d8b4e74b137a408-178ced <- ['306'],natural pre-format apartment number selected before fallback identity,immutable extraction snapshot links the synthetic output to a raw natural number
high,SYNTHETIC_OUTPUT_WITH_PREFORMAT_NATURAL_ID,241798,Waterford Landings,generic,SUCCESS,inferred_4d8b4e74b137a408-178ced-1,"unit_id,units_pre_format[].unit_number",inferred_4d8b4e74b137a408-178ced-1 <- ['313'],natural pre-format apartment number selected before fallback identity,immutable extraction snapshot links the synthetic output to a raw natural number
high,SYNTHETIC_OUTPUT_WITH_PREFORMAT_NATURAL_ID,241798,Waterford Landings,generic,SUCCESS,inferred_4d8b4e74b137a408-178ced-2,"unit_id,units_pre_format[].unit_number","inferred_4d8b4e74b137a408-178ced-2 <- ['314', '413']",natural pre-format apartment number selected before fallback identity,immutable extraction snapshot links the synthetic output to a raw natural number
high,SYNTHETIC_OUTPUT_WITH_PREFORMAT_NATURAL_ID,241798,Waterford Landings,generic,SUCCESS,inferred_4d8b4e74b137a408-178ced-3,"unit_id,units_pre_format[].unit_number",inferred_4d8b4e74b137a408-178ced-3 <- ['317'],natural pre-format apartment number selected before fallback identity,immutable extraction snapshot links the synthetic output to a raw natural number
high,SYNTHETIC_OUTPUT_WITH_PREFORMAT_NATURAL_ID,241798,Waterford Landings,generic,SUCCESS,inferred_4d8b4e74b137a408-178ced-4,"unit_id,units_pre_format[].unit_number","inferred_4d8b4e74b137a408-178ced-4 <- ['106', '401', '414']",natural pre-format apartment number selected before fallback identity,immutable extraction snapshot links the synthetic output to a raw natural number
high,SYNTHETIC_OUTPUT_WITH_PREFORMAT_NATURAL_ID,241798,Waterford Landings,generic,SUCCESS,inferred_4d8b4e74b137a408-178ced-5,"unit_id,units_pre_format[].unit_number","inferred_4d8b4e74b137a408-178ced-5 <- ['105', '114', '1213', '1214', '1217', '1218', '301', '305']",natural pre-format apartment number selected before fallback identity,immutable extraction snapshot links the synthetic output to a raw natural number
high,SYNTHETIC_OUTPUT_WITH_PREFORMAT_NATURAL_ID,241798,Waterford Landings,generic,SUCCESS,inferred_4d8b4e74b137a408-178ced-6,"unit_id,units_pre_format[].unit_number",inferred_4d8b4e74b137a408-178ced-6 <- ['502'],natural pre-format apartment number selected before fallback identity,immutable extraction snapshot links the synthetic output to a raw natural number
high,SYNTHETIC_OUTPUT_WITH_PREFORMAT_NATURAL_ID,241798,Waterford Landings,generic,SUCCESS,inferred_4d8b4e74b137a408-178ced-7,"unit_id,units_pre_format[].unit_number",inferred_4d8b4e74b137a408-178ced-7 <- ['505'],natural pre-format apartment number selected before fallback identity,immutable extraction snapshot links the synthetic output to a raw natural number
high,SYNTHETIC_OUTPUT_WITH_PREFORMAT_NATURAL_ID,241798,Waterford Landings,generic,SUCCESS,inferred_4d8b4e74b137a408-178ced-8,"unit_id,units_pre_format[].unit_number","inferred_4d8b4e74b137a408-178ced-8 <- ['101', '1201', '302', '514']",natural pre-format apartment number selected before fallback identity,immutable extraction snapshot links the synthetic output to a raw natural number
high,SYNTHETIC_OUTPUT_WITH_PREFORMAT_NATURAL_ID,241798,Waterford Landings,generic,SUCCESS,inferred_4d8b4e74b137a408-178ced-9,"unit_id,units_pre_format[].unit_number",inferred_4d8b4e74b137a408-178ced-9 <- ['1202'],natural pre-format apartment number selected before fallback identity,immutable extraction snapshot links the synthetic output to a raw natural number
high,SYNTHETIC_OUTPUT_WITH_PREFORMAT_NATURAL_ID,241798,Waterford Landings,generic,SUCCESS,inferred_4d8b4e74b137a408-178ced-10,"unit_id,units_pre_format[].unit_number",inferred_4d8b4e74b137a408-178ced-10 <- ['1206'],natural pre-format apartment number selected before fallback identity,immutable extraction snapshot links the synthetic output to a raw natural number
high,SYNTHETIC_OUTPUT_WITH_PREFORMAT_NATURAL_ID,241798,Waterford Landings,generic,SUCCESS,inferred_58a16729368d1bc8,"unit_id,units_pre_format[].unit_number","inferred_58a16729368d1bc8 <- ['1601', '1602', '1605', '1606', '1609', '1610', '1701', '1702']",natural pre-format apartment number selected before fallback identity,immutable extraction snapshot links the synthetic output to a raw natural number
high,SYNTHETIC_OUTPUT_WITH_PREFORMAT_NATURAL_ID,241798,Waterford Landings,generic,SUCCESS,inferred_72b076a35f25039e-dfe41b,"unit_id,units_pre_format[].unit_number","inferred_72b076a35f25039e-dfe41b <- ['1303', '1304', '1307', '1308', '1311', '1312', '1313', '1314']",natural pre-format apartment number selected before fallback identity,immutable extraction snapshot links the synthetic output to a raw natural number
high,SYNTHETIC_OUTPUT_WITH_PREFORMAT_NATURAL_ID,241798,Waterford Landings,generic,SUCCESS,inferred_72b076a35f25039e-dfe41b-1,"unit_id,units_pre_format[].unit_number","inferred_72b076a35f25039e-dfe41b-1 <- ['1303', '1304', '1307', '1308', '1311', '1312', '1313', '1314']",natural pre-format apartment number selected before fallback identity,immutable extraction snapshot links the synthetic output to a raw natural number
high,SYNTHETIC_OUTPUT_WITH_PREFORMAT_NATURAL_ID,241798,Waterford Landings,generic,SUCCESS,inferred_7d115b79e30bec11-07de23,"unit_id,units_pre_format[].unit_number","inferred_7d115b79e30bec11-07de23 <- ['1301', '1302', '1305', '1306', '1315', '1316', '1319', '1320']",natural pre-format apartment number selected before fallback identity,immutable extraction snapshot links the synthetic output to a raw natural number
high,SYNTHETIC_OUTPUT_WITH_PREFORMAT_NATURAL_ID,241798,Waterford Landings,generic,SUCCESS,inferred_7d115b79e30bec11-07de23-1,"unit_id,units_pre_format[].unit_number","inferred_7d115b79e30bec11-07de23-1 <- ['1301', '1302', '1305', '1306', '1315', '1316', '1319', '1320']",natural pre-format apartment number selected before fallback identity,immutable extraction snapshot links the synthetic output to a raw natural number
high,SYNTHETIC_OUTPUT_WITH_PREFORMAT_NATURAL_ID,241798,Waterford Landings,generic,SUCCESS,inferred_843d820dc59bf7f4-866c33,"unit_id,units_pre_format[].unit_number","inferred_843d820dc59bf7f4-866c33 <- ['1309', '1310', '1323', '1324', '1409', '1410', '1423', '1424']",natural pre-format apartment number selected before fallback identity,immutable extraction snapshot links the synthetic output to a raw natural number
high,SYNTHETIC_OUTPUT_WITH_PREFORMAT_NATURAL_ID,241798,Waterford Landings,generic,SUCCESS,inferred_843d820dc59bf7f4-866c33-1,"unit_id,units_pre_format[].unit_number","inferred_843d820dc59bf7f4-866c33-1 <- ['1309', '1310', '1323', '1324', '1409', '1410', '1423', '1424']",natural pre-format apartment number selected before fallback identity,immutable extraction snapshot links the synthetic output to a raw natural number
high,SYNTHETIC_OUTPUT_WITH_PREFORMAT_NATURAL_ID,241798,Waterford Landings,generic,SUCCESS,inferred_8764029f47fcc234-93e3db,"unit_id,units_pre_format[].unit_number","inferred_8764029f47fcc234-93e3db <- ['215', '717']",natural pre-format apartment number selected before fallback identity,immutable extraction snapshot links the synthetic output to a raw natural number
high,SYNTHETIC_OUTPUT_WITH_PREFORMAT_NATURAL_ID,241798,Waterford Landings,generic,SUCCESS,inferred_8764029f47fcc234-93e3db-1,"unit_id,units_pre_format[].unit_number","inferred_8764029f47fcc234-93e3db-1 <- ['1020', '219', '617', '817', '920']",natural pre-format apartment number selected before fallback identity,immutable extraction snapshot links the synthetic output to a raw natural number
high,SYNTHETIC_OUTPUT_WITH_PREFORMAT_NATURAL_ID,241798,Waterford Landings,generic,SUCCESS,inferred_8764029f47fcc234-93e3db-2,"unit_id,units_pre_format[].unit_number","inferred_8764029f47fcc234-93e3db-2 <- ['223', '813']",natural pre-format apartment number selected before fallback identity,immutable extraction snapshot links the synthetic output to a raw natural number
high,SYNTHETIC_OUTPUT_WITH_PREFORMAT_NATURAL_ID,241798,Waterford Landings,generic,SUCCESS,inferred_8764029f47fcc234-93e3db-3,"unit_id,units_pre_format[].unit_number","inferred_8764029f47fcc234-93e3db-3 <- ['1013', '1117', '1120', '620', '720', '820', '917']",natural pre-format apartment number selected before fallback identity,immutable extraction snapshot links the synthetic output to a raw natural number
high,SYNTHETIC_OUTPUT_WITH_PREFORMAT_NATURAL_ID,241798,Waterford Landings,generic,SUCCESS,inferred_8764029f47fcc234-93e3db-4,"unit_id,units_pre_format[].unit_number",inferred_8764029f47fcc234-93e3db-4 <- ['713'],natural pre-format apartment number selected before fallback identity,immutable extraction snapshot links the synthetic output to a raw natural number
high,SYNTHETIC_OUTPUT_WITH_PREFORMAT_NATURAL_ID,241798,Waterford Landings,generic,SUCCESS,inferred_8764029f47fcc234-93e3db-5,"unit_id,units_pre_format[].unit_number","inferred_8764029f47fcc234-93e3db-5 <- ['1013', '1117', '1120', '620', '720', '820', '917']",natural pre-format apartment number selected before fallback identity,immutable extraction snapshot links the synthetic output to a raw natural number
high,SYNTHETIC_OUTPUT_WITH_PREFORMAT_NATURAL_ID,241798,Waterford Landings,generic,SUCCESS,inferred_8764029f47fcc234-93e3db-6,"unit_id,units_pre_format[].unit_number",inferred_8764029f47fcc234-93e3db-6 <- ['913'],natural pre-format apartment number selected before fallback identity,immutable extraction snapshot links the synthetic output to a raw natural number
high,SYNTHETIC_OUTPUT_WITH_PREFORMAT_NATURAL_ID,241798,Waterford Landings,generic,SUCCESS,inferred_8764029f47fcc234-93e3db-7,"unit_id,units_pre_format[].unit_number",inferred_8764029f47fcc234-93e3db-7 <- ['1017'],natural pre-format apartment number selected before fallback identity,immutable extraction snapshot links the synthetic output to a raw natural number
high,SYNTHETIC_OUTPUT_WITH_PREFORMAT_NATURAL_ID,241798,Waterford Landings,generic,SUCCESS,inferred_8764029f47fcc234-93e3db-8,"unit_id,units_pre_format[].unit_number",inferred_8764029f47fcc234-93e3db-8 <- ['1113'],natural pre-format apartment number selected before fallback identity,immutable extraction snapshot links the synthetic output to a raw natural number
high,SYNTHETIC_OUTPUT_WITH_PREFORMAT_NATURAL_ID,241798,Waterford Landings,generic,SUCCESS,inferred_8c7c147ebbaf8a41-1e788d,"unit_id,units_pre_format[].unit_number","inferred_8c7c147ebbaf8a41-1e788d <- ['1001', '1014', '1114', '1118', '202', '801', '814', '901']",natural pre-format apartment number selected before fallback identity,immutable extraction snapshot links the synthetic output to a raw natural number
high,SYNTHETIC_OUTPUT_WITH_PREFORMAT_NATURAL_ID,241798,Waterford Landings,generic,SUCCESS,inferred_8c7c147ebbaf8a41-1e788d-1,"unit_id,units_pre_format[].unit_number","inferred_8c7c147ebbaf8a41-1e788d-1 <- ['1005', '1018', '1101', '1105', '1109', '205', '206', '209']",natural pre-format apartment number selected before fallback identity,immutable extraction snapshot links the synthetic output to a raw natural number
high,SYNTHETIC_OUTPUT_WITH_PREFORMAT_NATURAL_ID,241798,Waterford Landings,generic,SUCCESS,inferred_8c7c147ebbaf8a41-1e788d-2,"unit_id,units_pre_format[].unit_number","inferred_8c7c147ebbaf8a41-1e788d-2 <- ['1005', '1018', '1101', '1105', '1109', '205', '206', '209']",natural pre-format apartment number selected before fallback identity,immutable extraction snapshot links the synthetic output to a raw natural number
high,SYNTHETIC_OUTPUT_WITH_PREFORMAT_NATURAL_ID,241798,Waterford Landings,generic,SUCCESS,inferred_8c7c147ebbaf8a41-1e788d-3,"unit_id,units_pre_format[].unit_number","inferred_8c7c147ebbaf8a41-1e788d-3 <- ['1002', '602', '902']",natural pre-format apartment number selected before fallback identity,immutable extraction snapshot links the synthetic output to a raw natural number
high,SYNTHETIC_OUTPUT_WITH_PREFORMAT_NATURAL_ID,241798,Waterford Landings,generic,SUCCESS,inferred_8c7c147ebbaf8a41-1e788d-4,"unit_id,units_pre_format[].unit_number",inferred_8c7c147ebbaf8a41-1e788d-4 <- ['609'],natural pre-format apartment number selected before fallback identity,immutable extraction snapshot links the synthetic output to a raw natural number
high,SYNTHETIC_OUTPUT_WITH_PREFORMAT_NATURAL_ID,241798,Waterford Landings,generic,SUCCESS,inferred_8c7c147ebbaf8a41-1e788d-5,"unit_id,units_pre_format[].unit_number",inferred_8c7c147ebbaf8a41-1e788d-5 <- ['614'],natural pre-format apartment number selected before fallback identity,immutable extraction snapshot links the synthetic output to a raw natural number
high,SYNTHETIC_OUTPUT_WITH_PREFORMAT_NATURAL_ID,241798,Waterford Landings,generic,SUCCESS,inferred_8c7c147ebbaf8a41-1e788d-6,"unit_id,units_pre_format[].unit_number","inferred_8c7c147ebbaf8a41-1e788d-6 <- ['618', '705']",natural pre-format apartment number selected before fallback identity,immutable extraction snapshot links the synthetic output to a raw natural number
high,SYNTHETIC_OUTPUT_WITH_PREFORMAT_NATURAL_ID,241798,Waterford Landings,generic,SUCCESS,inferred_8c7c147ebbaf8a41-1e788d-7,"unit_id,units_pre_format[].unit_number",inferred_8c7c147ebbaf8a41-1e788d-7 <- ['701'],natural pre-format apartment number selected before fallback identity,immutable extraction snapshot links the synthetic output to a raw natural number
high,SYNTHETIC_OUTPUT_WITH_PREFORMAT_NATURAL_ID,241798,Waterford Landings,generic,SUCCESS,inferred_8c7c147ebbaf8a41-1e788d-8,"unit_id,units_pre_format[].unit_number","inferred_8c7c147ebbaf8a41-1e788d-8 <- ['1006', '1009', '1106', '806', '909']",natural pre-format apartment number selected before fallback identity,immutable extraction snapshot links the synthetic output to a raw natural number
high,SYNTHETIC_OUTPUT_WITH_PREFORMAT_NATURAL_ID,241798,Waterford Landings,generic,SUCCESS,inferred_8c7c147ebbaf8a41-1e788d-9,"unit_id,units_pre_format[].unit_number","inferred_8c7c147ebbaf8a41-1e788d-9 <- ['1002', '602', '902']",natural pre-format apartment number selected before fallback identity,immutable extraction snapshot links the synthetic output to a raw natural number
high,SYNTHETIC_OUTPUT_WITH_PREFORMAT_NATURAL_ID,241798,Waterford Landings,generic,SUCCESS,inferred_8c7c147ebbaf8a41-1e788d-10,"unit_id,units_pre_format[].unit_number",inferred_8c7c147ebbaf8a41-1e788d-10 <- ['1102'],natural pre-format apartment number selected before fallback identity,immutable extraction snapshot links the synthetic output to a raw natural number
high,SYNTHETIC_OUTPUT_WITH_PREFORMAT_NATURAL_ID,241798,Waterford Landings,generic,SUCCESS,inferred_a86c3d47ea4f9a65-22e2e5,"unit_id,units_pre_format[].unit_number","inferred_a86c3d47ea4f9a65-22e2e5 <- ['117', '118']",natural pre-format apartment number selected before fallback identity,immutable extraction snapshot links the synthetic output to a raw natural number
high,SYNTHETIC_OUTPUT_WITH_PREFORMAT_NATURAL_ID,241798,Waterford Landings,generic,SUCCESS,inferred_a86c3d47ea4f9a65-22e2e5-1,"unit_id,units_pre_format[].unit_number","inferred_a86c3d47ea4f9a65-22e2e5-1 <- ['117', '118']",natural pre-format apartment number selected before fallback identity,immutable extraction snapshot links the synthetic output to a raw natural number
high,SYNTHETIC_OUTPUT_WITH_PREFORMAT_NATURAL_ID,241798,Waterford Landings,generic,SUCCESS,inferred_a86c3d47ea4f9a65-178ced,"unit_id,units_pre_format[].unit_number",inferred_a86c3d47ea4f9a65-178ced <- ['506'],natural pre-format apartment number selected before fallback identity,immutable extraction snapshot links the synthetic output to a raw natural number
high,SYNTHETIC_OUTPUT_WITH_PREFORMAT_NATURAL_ID,241798,Waterford Landings,generic,SUCCESS,inferred_a86c3d47ea4f9a65-178ced-1,"unit_id,units_pre_format[].unit_number",inferred_a86c3d47ea4f9a65-178ced-1 <- ['1205'],natural pre-format apartment number selected before fallback identity,immutable extraction snapshot links the synthetic output to a raw natural number
high,SYNTHETIC_OUTPUT_WITH_PREFORMAT_NATURAL_ID,241798,Waterford Landings,generic,SUCCESS,inferred_b3d187174268ee04-1e788d,"unit_id,units_pre_format[].unit_number","inferred_b3d187174268ee04-1e788d <- ['1603', '1604', '1607', '1608', '1611', '1612', '1613', '1614']",natural pre-format apartment number selected before fallback identity,immutable extraction snapshot links the synthetic output to a raw natural number
high,SYNTHETIC_OUTPUT_WITH_PREFORMAT_NATURAL_ID,241798,Waterford Landings,generic,SUCCESS,inferred_b3d187174268ee04-1e788d-1,"unit_id,units_pre_format[].unit_number","inferred_b3d187174268ee04-1e788d-1 <- ['1603', '1604', '1607', '1608', '1611', '1612', '1613', '1614']",natural pre-format apartment number selected before fallback identity,immutable extraction snapshot links the synthetic output to a raw natural number
high,SYNTHETIC_OUTPUT_WITH_PREFORMAT_NATURAL_ID,241798,Waterford Landings,generic,SUCCESS,inferred_e21903156167fa1f-7bff78,"unit_id,units_pre_format[].unit_number","inferred_e21903156167fa1f-7bff78 <- ['1007', '1008', '1010', '1015', '107', '108', '109', '110']",natural pre-format apartment number selected before fallback identity,immutable extraction snapshot links the synthetic output to a raw natural number
high,SYNTHETIC_OUTPUT_WITH_PREFORMAT_NATURAL_ID,241798,Waterford Landings,generic,SUCCESS,inferred_e21903156167fa1f-7bff78-1,"unit_id,units_pre_format[].unit_number","inferred_e21903156167fa1f-7bff78-1 <- ['1011', '111', '1111', '112', '204', '503']",natural pre-format apartment number selected before fallback identity,immutable extraction snapshot links the synthetic output to a raw natural number
high,SYNTHETIC_OUTPUT_WITH_PREFORMAT_NATURAL_ID,241798,Waterford Landings,generic,SUCCESS,inferred_e21903156167fa1f-7bff78-2,"unit_id,units_pre_format[].unit_number","inferred_e21903156167fa1f-7bff78-2 <- ['116', '203', '704', '904']",natural pre-format apartment number selected before fallback identity,immutable extraction snapshot links the synthetic output to a raw natural number
high,SYNTHETIC_OUTPUT_WITH_PREFORMAT_NATURAL_ID,241798,Waterford Landings,generic,SUCCESS,inferred_e21903156167fa1f-875276,"unit_id,units_pre_format[].unit_number","inferred_e21903156167fa1f-875276 <- ['116', '203', '704', '904']",natural pre-format apartment number selected before fallback identity,immutable extraction snapshot links the synthetic output to a raw natural number
high,SYNTHETIC_OUTPUT_WITH_PREFORMAT_NATURAL_ID,241798,Waterford Landings,generic,SUCCESS,inferred_e21903156167fa1f-875276-1,"unit_id,units_pre_format[].unit_number","inferred_e21903156167fa1f-875276-1 <- ['214', '811']",natural pre-format apartment number selected before fallback identity,immutable extraction snapshot links the synthetic output to a raw natural number
high,SYNTHETIC_OUTPUT_WITH_PREFORMAT_NATURAL_ID,241798,Waterford Landings,generic,SUCCESS,inferred_e21903156167fa1f-875276-2,"unit_id,units_pre_format[].unit_number",inferred_e21903156167fa1f-875276-2 <- ['303'],natural pre-format apartment number selected before fallback identity,immutable extraction snapshot links the synthetic output to a raw natural number
high,SYNTHETIC_OUTPUT_WITH_PREFORMAT_NATURAL_ID,241798,Waterford Landings,generic,SUCCESS,inferred_e21903156167fa1f-875276-3,"unit_id,units_pre_format[].unit_number","inferred_e21903156167fa1f-875276-3 <- ['1203', '404', '819']",natural pre-format apartment number selected before fallback identity,immutable extraction snapshot links the synthetic output to a raw natural number
high,SYNTHETIC_OUTPUT_WITH_PREFORMAT_NATURAL_ID,241798,Waterford Landings,generic,SUCCESS,inferred_e21903156167fa1f-875276-4,"unit_id,units_pre_format[].unit_number","inferred_e21903156167fa1f-875276-4 <- ['1016', '412']",natural pre-format apartment number selected before fallback identity,immutable extraction snapshot links the synthetic output to a raw natural number
high,SYNTHETIC_OUTPUT_WITH_PREFORMAT_NATURAL_ID,241798,Waterford Landings,generic,SUCCESS,inferred_e21903156167fa1f-875276-5,"unit_id,units_pre_format[].unit_number",inferred_e21903156167fa1f-875276-5 <- ['507'],natural pre-format apartment number selected before fallback identity,immutable extraction snapshot links the synthetic output to a raw natural number
high,SYNTHETIC_OUTPUT_WITH_PREFORMAT_NATURAL_ID,241798,Waterford Landings,generic,SUCCESS,inferred_e21903156167fa1f-875276-6,"unit_id,units_pre_format[].unit_number","inferred_e21903156167fa1f-875276-6 <- ['1007', '1008', '1010', '1015', '107', '108', '109', '110']",natural pre-format apartment number selected before fallback identity,immutable extraction snapshot links the synthetic output to a raw natural number
high,SYNTHETIC_OUTPUT_WITH_PREFORMAT_NATURAL_ID,241798,Waterford Landings,generic,SUCCESS,inferred_e21903156167fa1f-875276-7,"unit_id,units_pre_format[].unit_number",inferred_e21903156167fa1f-875276-7 <- ['911'],natural pre-format apartment number selected before fallback identity,immutable extraction snapshot links the synthetic output to a raw natural number
high,SYNTHETIC_OUTPUT_WITH_PREFORMAT_NATURAL_ID,241798,Waterford Landings,generic,SUCCESS,inferred_e21903156167fa1f-875276-8,"unit_id,units_pre_format[].unit_number",inferred_e21903156167fa1f-875276-8 <- ['1003'],natural pre-format apartment number selected before fallback identity,immutable extraction snapshot links the synthetic output to a raw natural number
high,SYNTHETIC_OUTPUT_WITH_PREFORMAT_NATURAL_ID,241798,Waterford Landings,generic,SUCCESS,inferred_e21903156167fa1f-875276-9,"unit_id,units_pre_format[].unit_number",inferred_e21903156167fa1f-875276-9 <- ['1210'],natural pre-format apartment number selected before fallback identity,immutable extraction snapshot links the synthetic output to a raw natural number
high,SYNTHETIC_OUTPUT_WITH_PREFORMAT_NATURAL_ID,241798,Waterford Landings,generic,SUCCESS,inferred_edb69bceb517e665-7bff78,"unit_id,units_pre_format[].unit_number","inferred_edb69bceb517e665-7bff78 <- ['1012', '104', '1207', '411']",natural pre-format apartment number selected before fallback identity,immutable extraction snapshot links the synthetic output to a raw natural number
high,SYNTHETIC_OUTPUT_WITH_PREFORMAT_NATURAL_ID,241798,Waterford Landings,generic,SUCCESS,inferred_edb69bceb517e665-875276,"unit_id,units_pre_format[].unit_number",inferred_edb69bceb517e665-875276 <- ['716'],natural pre-format apartment number selected before fallback identity,immutable extraction snapshot links the synthetic output to a raw natural number
high,SYNTHETIC_OUTPUT_WITH_PREFORMAT_NATURAL_ID,241798,Waterford Landings,generic,SUCCESS,inferred_edb69bceb517e665-875276-1,"unit_id,units_pre_format[].unit_number",inferred_edb69bceb517e665-875276-1 <- ['804'],natural pre-format apartment number selected before fallback identity,immutable extraction snapshot links the synthetic output to a raw natural number
high,SYNTHETIC_OUTPUT_WITH_PREFORMAT_NATURAL_ID,241798,Waterford Landings,generic,SUCCESS,inferred_edb69bceb517e665-875276-2,"unit_id,units_pre_format[].unit_number",inferred_edb69bceb517e665-875276-2 <- ['1004'],natural pre-format apartment number selected before fallback identity,immutable extraction snapshot links the synthetic output to a raw natural number
high,SYNTHETIC_OUTPUT_WITH_PREFORMAT_NATURAL_ID,241798,Waterford Landings,generic,SUCCESS,inferred_edb69bceb517e665-875276-3,"unit_id,units_pre_format[].unit_number","inferred_edb69bceb517e665-875276-3 <- ['1012', '104', '1207', '411']",natural pre-format apartment number selected before fallback identity,immutable extraction snapshot links the synthetic output to a raw natural number
high,SYNTHETIC_OUTPUT_WITH_PREFORMAT_NATURAL_ID,241798,Waterford Landings,generic,SUCCESS,inferred_edb69bceb517e665-875276-4,"unit_id,units_pre_format[].unit_number",inferred_edb69bceb517e665-875276-4 <- ['1019'],natural pre-format apartment number selected before fallback identity,immutable extraction snapshot links the synthetic output to a raw natural number
high,SYNTHETIC_OUTPUT_WITH_PREFORMAT_NATURAL_ID,241798,Waterford Landings,generic,SUCCESS,inferred_fc231d81c9b3fe02-1e788d,"unit_id,units_pre_format[].unit_number",inferred_fc231d81c9b3fe02-1e788d <- ['201'],natural pre-format apartment number selected before fallback identity,immutable extraction snapshot links the synthetic output to a raw natural number
high,SYNTHETIC_OUTPUT_WITH_PREFORMAT_NATURAL_ID,241798,Waterford Landings,generic,SUCCESS,inferred_fc231d81c9b3fe02-1e788d-1,"unit_id,units_pre_format[].unit_number",inferred_fc231d81c9b3fe02-1e788d-1 <- ['216'],natural pre-format apartment number selected before fallback identity,immutable extraction snapshot links the synthetic output to a raw natural number
high,SYNTHETIC_OUTPUT_WITH_PREFORMAT_NATURAL_ID,241798,Waterford Landings,generic,SUCCESS,inferred_fc231d81c9b3fe02-1e788d-2,"unit_id,units_pre_format[].unit_number",inferred_fc231d81c9b3fe02-1e788d-2 <- ['802'],natural pre-format apartment number selected before fallback identity,immutable extraction snapshot links the synthetic output to a raw natural number
high,FINAL_COUNT_MISMATCH,272772,,UNATTRIBUTED,FAILED_NO_DATA,,final_admitted_count,,0,
high,OFFLINE_ARCHIVE_INVALID,272772,,UNATTRIBUTED,FAILED_NO_DATA,,raw_source_archive,missing raw_source_archive pointer,"readable content-addressed manifest, bodies, and extraction snapshot",
high,PROVENANCE_FIELDS_MISSING,272772,,UNATTRIBUTED,FAILED_NO_DATA,,_meta.provenance,"availability_date_provenance,canonical_id_uniqueness,final_admitted_count,formatted_count,parser_count,property_identity_verdict,raw_source_archive,raw_source_count,raw_source_count_basis,raw_source_kind_counts,rent_provenance,rent_range_units,unit_source_provenance",all consolidated diagnostic counters/pointers,
high,FINAL_COUNT_MISMATCH,274909,,UNATTRIBUTED,FAILED_NO_DATA,,final_admitted_count,,0,
high,OFFLINE_ARCHIVE_INVALID,274909,,UNATTRIBUTED,FAILED_NO_DATA,,raw_source_archive,missing raw_source_archive pointer,"readable content-addressed manifest, bodies, and extraction snapshot",
high,PROVENANCE_FIELDS_MISSING,274909,,UNATTRIBUTED,FAILED_NO_DATA,,_meta.provenance,"availability_date_provenance,canonical_id_uniqueness,final_admitted_count,formatted_count,parser_count,property_identity_verdict,raw_source_archive,raw_source_count,raw_source_count_basis,raw_source_kind_counts,rent_provenance,rent_range_units,unit_source_provenance",all consolidated diagnostic counters/pointers,
high,SOURCE_HASH_NOT_ARCHIVED,280355,Town Center Apartments,squarespace_nopms,SUCCESS,1001,source_response_sha256,fe453600d60f5a274f335e7b8ae8e66923849cc14733a4d07fdd1346fa95a9e1,hash represented in the property's immutable source manifest,
high,SOURCE_HASH_NOT_ARCHIVED,280355,Town Center Apartments,squarespace_nopms,SUCCESS,1105-ADA,source_response_sha256,fe453600d60f5a274f335e7b8ae8e66923849cc14733a4d07fdd1346fa95a9e1,hash represented in the property's immutable source manifest,
high,SOURCE_HASH_NOT_ARCHIVED,280355,Town Center Apartments,squarespace_nopms,SUCCESS,1212,source_response_sha256,fe453600d60f5a274f335e7b8ae8e66923849cc14733a4d07fdd1346fa95a9e1,hash represented in the property's immutable source manifest,
high,SOURCE_HASH_NOT_ARCHIVED,280355,Town Center Apartments,squarespace_nopms,SUCCESS,1402,source_response_sha256,fe453600d60f5a274f335e7b8ae8e66923849cc14733a4d07fdd1346fa95a9e1,hash represented in the property's immutable source manifest,
high,SOURCE_HASH_NOT_ARCHIVED,280355,Town Center Apartments,squarespace_nopms,SUCCESS,2005,source_response_sha256,fe453600d60f5a274f335e7b8ae8e66923849cc14733a4d07fdd1346fa95a9e1,hash represented in the property's immutable source manifest,
high,SOURCE_HASH_NOT_ARCHIVED,280355,Town Center Apartments,squarespace_nopms,SUCCESS,2211,source_response_sha256,fe453600d60f5a274f335e7b8ae8e66923849cc14733a4d07fdd1346fa95a9e1,hash represented in the property's immutable source manifest,
high,SOURCE_HASH_NOT_ARCHIVED,280355,Town Center Apartments,squarespace_nopms,SUCCESS,1203,source_response_sha256,fe453600d60f5a274f335e7b8ae8e66923849cc14733a4d07fdd1346fa95a9e1,hash represented in the property's immutable source manifest,
high,SOURCE_HASH_NOT_ARCHIVED,280355,Town Center Apartments,squarespace_nopms,SUCCESS,1306,source_response_sha256,fe453600d60f5a274f335e7b8ae8e66923849cc14733a4d07fdd1346fa95a9e1,hash represented in the property's immutable source manifest,
high,SOURCE_HASH_NOT_ARCHIVED,280355,Town Center Apartments,squarespace_nopms,SUCCESS,1101,source_response_sha256,fe453600d60f5a274f335e7b8ae8e66923849cc14733a4d07fdd1346fa95a9e1,hash represented in the property's immutable source manifest,
high,SOURCE_HASH_NOT_ARCHIVED,280355,Town Center Apartments,squarespace_nopms,SUCCESS,1104,source_response_sha256,fe453600d60f5a274f335e7b8ae8e66923849cc14733a4d07fdd1346fa95a9e1,hash represented in the property's immutable source manifest,
high,SOURCE_HASH_NOT_ARCHIVED,280355,Town Center Apartments,squarespace_nopms,SUCCESS,2111,source_response_sha256,fe453600d60f5a274f335e7b8ae8e66923849cc14733a4d07fdd1346fa95a9e1,hash represented in the property's immutable source manifest,
high,SOURCE_HASH_NOT_ARCHIVED,280355,Town Center Apartments,squarespace_nopms,SUCCESS,1205,source_response_sha256,fe453600d60f5a274f335e7b8ae8e66923849cc14733a4d07fdd1346fa95a9e1,hash represented in the property's immutable source manifest,
high,SOURCE_HASH_NOT_ARCHIVED,280355,Town Center Apartments,squarespace_nopms,SUCCESS,1210,source_response_sha256,fe453600d60f5a274f335e7b8ae8e66923849cc14733a4d07fdd1346fa95a9e1,hash represented in the property's immutable source manifest,
high,SOURCE_HASH_NOT_ARCHIVED,280355,Town Center Apartments,squarespace_nopms,SUCCESS,1312,source_response_sha256,fe453600d60f5a274f335e7b8ae8e66923849cc14733a4d07fdd1346fa95a9e1,hash represented in the property's immutable source manifest,
high,SOURCE_HASH_NOT_ARCHIVED,280355,Town Center Apartments,squarespace_nopms,SUCCESS,1403,source_response_sha256,fe453600d60f5a274f335e7b8ae8e66923849cc14733a4d07fdd1346fa95a9e1,hash represented in the property's immutable source manifest,
high,SOURCE_HASH_NOT_ARCHIVED,280355,Town Center Apartments,squarespace_nopms,SUCCESS,2411,source_response_sha256,fe453600d60f5a274f335e7b8ae8e66923849cc14733a4d07fdd1346fa95a9e1,hash represented in the property's immutable source manifest,
high,SOURCE_HASH_NOT_ARCHIVED,280355,Town Center Apartments,squarespace_nopms,SUCCESS,2404,source_response_sha256,fe453600d60f5a274f335e7b8ae8e66923849cc14733a4d07fdd1346fa95a9e1,hash represented in the property's immutable source manifest,
