property_id,property_name,website,address,city,state,source_adapter_0731,current_detected_adapter,rp_oracle_native_unit_rows,rp_oracle_distinct_floorplans,prior_disposition,current_status,current_final_url,current_body_bytes,current_body_sha256,current_name_match,current_address_match,current_error
594,Harbinwood,https://www.harbinwoodbyelon.com,1295 Harbins Rd NW,Norcross,GA,rentcafe,rentcafe,4,4,securecafe_exact_base_direct_blocked_or_pending_hb,200,https://www.harbinwoodbyelon.com/,52887,4763a5ae9eb942fb7280f67a7682f888625f00a15a579ec2e7da3c3ff8ee919e,True,False,
5782,Springfield,https://www.springfieldrenton.com/,10815 SE 184th Ln,Renton,WA,rentcafe,rentcafe,0,0,securecafe_exact_base_direct_blocked_or_pending_hb,200,https://www.springfieldrenton.com/,214639,4c42e578f36eaf24f20bc113e67b4720a9930c96324604041bdce994ebc5d95f,True,True,
17186,The Park at Tivoli,https://www.theparkattivoli.com/,12903 Sugar Ridge Blvd,Stafford,TX,rentcafe,rentcafe,0,0,residual_unconverted,404,https://www.theparkattivoli.com/,128422,452c28f1fcdabf71aa5ac670c302ddc273f15bf8133902b2b6f478c16ac9e97e,True,False,
17674,Hollywood Terrace,http://hpgmanagement.com/property/6550yucca/,6550 Yucca St,Los Angeles,CA,rentcafe,rentcafe,4,4,residual_unconverted,200,http://hpgmanagement.com/property/6550yucca/,28391,327a6af9a3639757c04fef9cd7a70c75d5f8cd3c44a9eb5cec903bbd2e6f85fa,True,True,
24337,Colonial House,https://residential.eprodesse.com/colonial-house-apartments/index.aspx,1560 San Tomas Aquino Rd,San Jose,CA,rentcafe,rentcafe,0,0,residual_unconverted,200,https://residential.eprodesse.com/colonial-house-apartments/index.aspx,108619,b1a91a10864e57fd68d32cb17681f125feab058e93bd113cb66709653c390381,True,True,
27080,Easton North,http://www.oxfordrealtygroup.com/properties/new-jersey/easton-north/,1126 J Easton Ave,Somerset,NJ,rentcafe,rentcafe,0,0,securecafe_exact_base_direct_blocked_or_pending_hb,200,https://www.oxfordrealtygroup.com/communities/easton-north/,63404,ae5881cfa92292106324f37288db8f272cc4985bb0d73d498b84a6920aaa831d,True,False,
29566,Heatherwood I,https://heatherwoodfl.com/,1105 N Hoagland Blvd,Kissimmee,FL,,rentcafe,0,0,residual_unconverted,200,https://heatherwoodfl.com/,425927,ec9c9b67f9304c85cedb2e6f6656daa77befce0d9e222927db13768ec7f40cd2,True,True,
39710,Ashton Judiciary Square,http://www.ashtonjs.com/,750 3rd St NW,Washington,DC,rentcafe,rentcafe,5,3,residual_unconverted,200,https://www.greystar.com/ashton-at-judiciary-square-luxury-apartments-washington-dc/p_13572,304760,9659af529df0d9484105a076da2212f2a251ab96f4fe657b286427ac4c705c21,True,True,
46915,Barberton,https://www.barbertonapt.com/,605 Barberton Dr,Virginia Beach,VA,rentcafe,rentcafe,3,3,residual_unconverted,200,https://www.barbertonapt.com/,100736,61cf9fadfca264fc8ee11f4f2f61993f7221d071eaf4785031be729856e8373a,True,True,
58390,30 Lancaster,https://live30lancaster.com/,30 Lancaster Ave,Wynnewood,PA,,rentcafe,14,7,residual_unconverted,200,https://www.live30lancaster.com/,172876,c138e577fe11a4e65e21cdf8139578d8df681fc5fa6edaeb8a09702f707710ad,True,True,
58546,Lake Park Estates,https://wright-weber.com/property/LakePark,1265 Pershing Rd,De Pere,WI,rentcafe,rentcafe,1,1,residual_unconverted,200,https://wright-weber.com/property/lake-park-estates/,102692,5b4a37c52dc24b58e8ba55070ef69ee788a1a66176b6e668e68c5d73249ad288,True,False,
60303,Ironworks At Keystone,http://ironworksindy.com/,2727 E 86th St,Indianapolis,IN,,rentcafe,0,0,residual_unconverted,200,https://www.ironworksindy.com/,813149,773b1a737e1252730d3a18ca3d5d3b6ad6a3e4395c1af9959ef69d2a0d4019fa,True,True,
69558,Spring Hill Apartments,https://www.goldberg-realty.com/spring-hill-apartments/default.aspx?_yTrackUser=NjYxMjI5OTY5IzE0NTQ0NTc5MTc=-lDwvxVr1Jx8=&_yTrackVisit=MTQ4NjYyNzQ2OCM2NDQ2Nzc2ODg%3d-W7HwJRKaxxE%3d&_yTrackReqDT=05551420201206,767 Springfield Ave,Summit,NJ,rentcafe,rentcafe,1,1,securecafe_exact_base_direct_blocked_or_pending_hb,200,https://www.goldberg-realty.com/spring-hill-apartments/default.aspx?_yTrackUser=NjYxMjI5OTY5IzE0NTQ0NTc5MTc=-lDwvxVr1Jx8=&_yTrackVisit=MTQ4NjYyNzQ2OCM2NDQ2Nzc2ODg%3d-W7HwJRKaxxE%3d&_yTrackReqDT=05551420201206,294088,b2b2ca32c276c426e2aebae046ada7fc937f0fdb1859e3627c7e068cc368c3bb,True,True,
71534,Riverwalk on the Falls I,https://www.wimmercommunities.com/apartments/menomonee-falls/riverwalk-on-the-falls/,W165 N8910 Grand Ave,Menomonee Falls,WI,,rentcafe,6,6,residual_unconverted,404,https://www.wimmercommunities.com/apartments/menomonee-falls/riverwalk-on-the-falls/,84730,0a0cd27a6e2a024816c927a9dcde552dd0622a23282e116a34fb3e1b6a8c221d,False,False,
72743,Della Plaza,https://brandywinecommunities.com/properties/della-plaza/,500 Della Dr,North Versailles,PA,,rentcafe,0,0,residual_unconverted,202,https://brandywinecommunities.com/properties/della-plaza/,194,5ac317a8de98bfe9794a97e36dd7594644924d444efedf50f618a9205e5cbbd8,False,False,
74519,The Jamestown,https://www.thejamestownapartments.com/,127 Yeardley Dr,Newport News,VA,rentcafe,rentcafe,0,0,securecafe_exact_base_direct_blocked_or_pending_hb,200,https://www.thejamestownapartments.com/,72813,d478892c53b6af8f81b00a21f07ba096e845ea898dba429d401d53f3cf53be31,True,True,
218786,Cooper's Landing,https://www.landcoapartments.com/coopers-landing-apartments/,5001 Coopers Landing Dr,Kalamazoo,MI,,rentcafe,44,44,strict99_false_positive_reintroduced,200,https://www.landcoapartments.com/coopers-landing-apartments/,639623,20b42005ddaf038ffcd13394dc217ace436a625e50b3d19c20f93c0f08a7895f,False,False,
219752,Lamphouse,https://lamphouseapts.com/,203 E Main St,Waunakee,WI,generic,rentcafe,11,10,residual_unconverted,202,https://lamphouseapts.com/,167,9599d0db6ec200bb31825d8ea07aceb5c57ae2b74a6b60e730f3393d5c0d6359,False,False,
220907,Reserve At Bradbury Place,https://www.keystonemanagement.com/apartments/nc/reserve-at-bradbury-place,560 W New Hope Rd,Goldsboro,NC,rentcafe,rentcafe,21,6,residual_unconverted,202,https://www.keystonemanagement.com/apartments/nc/reserve-at-bradbury-place,210,e65760aa00193594dbfa846b7c6cfc1d82ce91ef0745529064f8e722cc55ef8b,False,False,
223248,Royal Oaks,http://www.metroplexapts.com,701 Royal Oaks Ct,Monmouth Junction,NJ,rentcafe,rentcafe,0,0,residual_unconverted,200,https://www.metrocityapts.com/,1467921,e116b398bd4241237effa1e5f6bdfcc510c8aef747e8420dca58ac8e86ea3b32,True,True,
225886,Casa Baywood,https://www.casabaywoodapts.com/,212 S El Camino Real,San Mateo,CA,rentcafe,rentcafe,0,0,securecafe_exact_base_direct_blocked_or_pending_hb,200,https://www.casabaywoodapts.com/,132974,cdd023b3a28661e5bfc7dfa2ba5deded58c5389d843d58ba781e6913e93ecd56,True,True,
231543,Autumn Hills,https://bestrentnj.com/Communities/Autumn-Hills/,400 Hoover Way,Woodbridge,NJ,rentcafe,rentcafe,0,0,securecafe_exact_base_direct_blocked_or_pending_hb,200,https://bestrentnj.com/Communities/Autumn-Hills/,212111,e8f74efd091c90d00eeb288aae074766598a8796cdb70903cd61c5752430305a,True,True,
234385,Townhomes at Spring Valley,http://www.mmgapts.com/spring-valley.htm,2149 B Elder St,Reading,PA,rentcafe,rentcafe,0,0,residual_unconverted,200,https://mmgapts.com/property/townhomes-at-spring-valley/,85398,0f50790d9f6ef671e3819a50d1ae3db3b336168c0c05ca4048f111618e3f889e,True,False,
241538,Block 88,http://www.block88apts.com/,1304 NE 88th St,Vancouver,WA,rentcafe,rentcafe,0,0,securecafe_exact_base_direct_blocked_or_pending_hb,200,https://www.block88apts.com/,183933,c4e79212ce76857259c6f44f4184367e528213abd1f0aa5a0d0d45392827b2b2,True,True,
244756,Town Commons,https://harvest-properties.com/project/town-commons-apartments/,1600 Town Commons Dr,Howell,MI,rentcafe,rentcafe,6,6,residual_unconverted,200,https://harvest-properties.com/project/town-commons-apartments/,391762,e62aa70224b840cfa0fb9d9c7305e321b2cffe0b9292348ec707ce400857577d,True,True,
262799,220 East 72nd,https://www.dermotcompany.com/building/220-east-72nd-street#availability,220 E 72nd St,New York,NY,rentcafe,rentcafe,2,1,securecafe_exact_base_direct_blocked_or_pending_hb,200,https://www.dermotcompany.com/building/220-east-72nd-street#availability,394692,bfc55697c77c5a4c852a3bb98ba0c714dd53d1f8cc38963d9a1a891c6c6eb0a3,True,True,
266766,101 Oxford,https://www.101oxford.com/,101 W Oxford St,Philadelphia,PA,rentcafe,rentcafe,0,0,securecafe_exact_base_direct_blocked_or_pending_hb,200,https://www.101oxford.com/,153845,cd69622493668d19957db62c8250166597c77bfaabf3c92f15849a537ff71bfb,True,True,
277913,Redwood Perrysburg Oregon Road,https://www.byredwood.com/apartments/oh/perrysburg/redwood-perrysburg-oregon-road/index.aspx,28863 Oregon Rd,Perrysburg,OH,,rentcafe,0,0,residual_unconverted,200,https://rentatredwood.com/apartments/oh/perrysburg/redwood-perrysburg-oregon-road/,293576,300cf69345abfb6ee098072fb8e90c889be860e805c1bd5ef6a5d1158f9eac89,True,True,
289338,201 Walnut,https://www.201walnut.com/,201 Walnut Ave,Cranford,NJ,rentcafe,rentcafe,0,0,securecafe_exact_base_direct_blocked_or_pending_hb,200,https://www.201walnut.com/,163869,dfe8031b55a83567a8276881d2d2215273e40cab40a429133c5206d75836f1d1,True,True,
