property_id,property_name,route_kind,discovery_source,requested_url,status,final_url,body_bytes,body_sha256,page_name_match,page_address_match,source_property_name,source_property_address,source_name_match,source_address_match,strongest_parser,raw_rows,raw_native_positive_rent_rows,waitlist_pseudo_rows,strict_real_native_pre_postprocess,strict_real_native_postprocess,parser_counts,sample_rows,error
594,Harbinwood,marketing_root,current_direct,https://www.harbinwoodbyelon.com,200,https://www.harbinwoodbyelon.com/,52887,4763a5ae9eb942fb7280f67a7682f888625f00a15a579ec2e7da3c3ff8ee919e,True,False,,,False,False,securecafe_availableunits,0,0,0,0,0,"{""rentcafe_hosted_table"": 0, ""rentcafe_layout_tab_applyga"": 0, ""rentcafe_nestin_detail"": 0, ""rentcafe_ysi_unitslist"": 0, ""securecafe_availableunits"": 0}",[],
5782,Springfield,marketing_root,current_direct,https://www.springfieldrenton.com/,200,https://www.springfieldrenton.com/,214639,4c42e578f36eaf24f20bc113e67b4720a9930c96324604041bdce994ebc5d95f,True,True,,,False,False,securecafe_availableunits,0,0,0,0,0,"{""rentcafe_hosted_table"": 0, ""rentcafe_layout_tab_applyga"": 0, ""rentcafe_nestin_detail"": 0, ""rentcafe_ysi_unitslist"": 0, ""securecafe_availableunits"": 0}",[],
17186,The Park at Tivoli,marketing_root,current_direct,https://www.theparkattivoli.com/,404,https://www.theparkattivoli.com/,128422,452c28f1fcdabf71aa5ac670c302ddc273f15bf8133902b2b6f478c16ac9e97e,True,False,,,False,False,securecafe_availableunits,0,0,0,0,0,"{""rentcafe_hosted_table"": 0, ""rentcafe_layout_tab_applyga"": 0, ""rentcafe_nestin_detail"": 0, ""rentcafe_ysi_unitslist"": 0, ""securecafe_availableunits"": 0}",[],
17674,Hollywood Terrace,marketing_root,current_direct,http://hpgmanagement.com/property/6550yucca/,200,http://hpgmanagement.com/property/6550yucca/,28391,327a6af9a3639757c04fef9cd7a70c75d5f8cd3c44a9eb5cec903bbd2e6f85fa,True,True,,,False,False,securecafe_availableunits,0,0,0,0,0,"{""rentcafe_hosted_table"": 0, ""rentcafe_layout_tab_applyga"": 0, ""rentcafe_nestin_detail"": 0, ""rentcafe_ysi_unitslist"": 0, ""securecafe_availableunits"": 0}",[],
24337,Colonial House,marketing_root,current_direct,https://residential.eprodesse.com/colonial-house-apartments/index.aspx,200,https://residential.eprodesse.com/colonial-house-apartments/index.aspx,108619,b1a91a10864e57fd68d32cb17681f125feab058e93bd113cb66709653c390381,True,True,,,False,False,securecafe_availableunits,0,0,0,0,0,"{""rentcafe_hosted_table"": 0, ""rentcafe_layout_tab_applyga"": 0, ""rentcafe_nestin_detail"": 0, ""rentcafe_ysi_unitslist"": 0, ""securecafe_availableunits"": 0}",[],
27080,Easton North,marketing_root,current_direct,http://www.oxfordrealtygroup.com/properties/new-jersey/easton-north/,200,https://www.oxfordrealtygroup.com/communities/easton-north/,63404,ae5881cfa92292106324f37288db8f272cc4985bb0d73d498b84a6920aaa831d,True,False,,,False,False,securecafe_availableunits,0,0,0,0,0,"{""rentcafe_hosted_table"": 0, ""rentcafe_layout_tab_applyga"": 0, ""rentcafe_nestin_detail"": 0, ""rentcafe_ysi_unitslist"": 0, ""securecafe_availableunits"": 0}",[],
29566,Heatherwood I,marketing_root,current_direct,https://heatherwoodfl.com/,200,https://heatherwoodfl.com/,425927,ec9c9b67f9304c85cedb2e6f6656daa77befce0d9e222927db13768ec7f40cd2,True,True,,,False,False,securecafe_availableunits,0,0,0,0,0,"{""rentcafe_hosted_table"": 0, ""rentcafe_layout_tab_applyga"": 0, ""rentcafe_nestin_detail"": 0, ""rentcafe_ysi_unitslist"": 0, ""securecafe_availableunits"": 0}",[],
39710,Ashton Judiciary Square,marketing_root,current_direct,http://www.ashtonjs.com/,200,https://www.greystar.com/ashton-at-judiciary-square-luxury-apartments-washington-dc/p_13572,304760,9659af529df0d9484105a076da2212f2a251ab96f4fe657b286427ac4c705c21,True,True,,,False,False,securecafe_availableunits,0,0,0,0,0,"{""rentcafe_hosted_table"": 0, ""rentcafe_layout_tab_applyga"": 0, ""rentcafe_nestin_detail"": 0, ""rentcafe_ysi_unitslist"": 0, ""securecafe_availableunits"": 0}",[],
46915,Barberton,marketing_root,current_direct,https://www.barbertonapt.com/,200,https://www.barbertonapt.com/,100736,61cf9fadfca264fc8ee11f4f2f61993f7221d071eaf4785031be729856e8373a,True,True,,,False,False,securecafe_availableunits,0,0,0,0,0,"{""rentcafe_hosted_table"": 0, ""rentcafe_layout_tab_applyga"": 0, ""rentcafe_nestin_detail"": 0, ""rentcafe_ysi_unitslist"": 0, ""securecafe_availableunits"": 0}",[],
58390,30 Lancaster,marketing_root,current_direct,https://live30lancaster.com/,200,https://www.live30lancaster.com/,172876,c138e577fe11a4e65e21cdf8139578d8df681fc5fa6edaeb8a09702f707710ad,True,True,,,False,False,securecafe_availableunits,0,0,0,0,0,"{""rentcafe_hosted_table"": 0, ""rentcafe_layout_tab_applyga"": 0, ""rentcafe_nestin_detail"": 0, ""rentcafe_ysi_unitslist"": 0, ""securecafe_availableunits"": 0}",[],
58546,Lake Park Estates,marketing_root,current_direct,https://wright-weber.com/property/LakePark,200,https://wright-weber.com/property/lake-park-estates/,102692,5b4a37c52dc24b58e8ba55070ef69ee788a1a66176b6e668e68c5d73249ad288,True,False,,,False,False,securecafe_availableunits,0,0,0,0,0,"{""rentcafe_hosted_table"": 0, ""rentcafe_layout_tab_applyga"": 0, ""rentcafe_nestin_detail"": 0, ""rentcafe_ysi_unitslist"": 0, ""securecafe_availableunits"": 0}",[],
60303,Ironworks At Keystone,marketing_root,current_direct,http://ironworksindy.com/,200,https://www.ironworksindy.com/,813149,773b1a737e1252730d3a18ca3d5d3b6ad6a3e4395c1af9959ef69d2a0d4019fa,True,True,,,False,False,securecafe_availableunits,0,0,0,0,0,"{""rentcafe_hosted_table"": 0, ""rentcafe_layout_tab_applyga"": 0, ""rentcafe_nestin_detail"": 0, ""rentcafe_ysi_unitslist"": 0, ""securecafe_availableunits"": 0}",[],
69558,Spring Hill Apartments,marketing_root,current_direct,https://www.goldberg-realty.com/spring-hill-apartments/default.aspx?_yTrackUser=NjYxMjI5OTY5IzE0NTQ0NTc5MTc=-lDwvxVr1Jx8=&_yTrackVisit=MTQ4NjYyNzQ2OCM2NDQ2Nzc2ODg%3d-W7HwJRKaxxE%3d&_yTrackReqDT=05551420201206,200,https://www.goldberg-realty.com/spring-hill-apartments/default.aspx?_yTrackUser=NjYxMjI5OTY5IzE0NTQ0NTc5MTc=-lDwvxVr1Jx8=&_yTrackVisit=MTQ4NjYyNzQ2OCM2NDQ2Nzc2ODg%3d-W7HwJRKaxxE%3d&_yTrackReqDT=05551420201206,294088,b2b2ca32c276c426e2aebae046ada7fc937f0fdb1859e3627c7e068cc368c3bb,True,True,,,False,False,securecafe_availableunits,0,0,0,0,0,"{""rentcafe_hosted_table"": 0, ""rentcafe_layout_tab_applyga"": 0, ""rentcafe_nestin_detail"": 0, ""rentcafe_ysi_unitslist"": 0, ""securecafe_availableunits"": 0}",[],
71534,Riverwalk on the Falls I,marketing_root,current_direct,https://www.wimmercommunities.com/apartments/menomonee-falls/riverwalk-on-the-falls/,404,https://www.wimmercommunities.com/apartments/menomonee-falls/riverwalk-on-the-falls/,84730,0a0cd27a6e2a024816c927a9dcde552dd0622a23282e116a34fb3e1b6a8c221d,False,False,,,False,False,securecafe_availableunits,0,0,0,0,0,"{""rentcafe_hosted_table"": 0, ""rentcafe_layout_tab_applyga"": 0, ""rentcafe_nestin_detail"": 0, ""rentcafe_ysi_unitslist"": 0, ""securecafe_availableunits"": 0}",[],
72743,Della Plaza,marketing_root,current_direct,https://brandywinecommunities.com/properties/della-plaza/,202,https://brandywinecommunities.com/properties/della-plaza/,194,5ac317a8de98bfe9794a97e36dd7594644924d444efedf50f618a9205e5cbbd8,False,False,,,False,False,securecafe_availableunits,0,0,0,0,0,"{""rentcafe_hosted_table"": 0, ""rentcafe_layout_tab_applyga"": 0, ""rentcafe_nestin_detail"": 0, ""rentcafe_ysi_unitslist"": 0, ""securecafe_availableunits"": 0}",[],
74519,The Jamestown,marketing_root,current_direct,https://www.thejamestownapartments.com/,200,https://www.thejamestownapartments.com/,72813,d478892c53b6af8f81b00a21f07ba096e845ea898dba429d401d53f3cf53be31,True,True,,,False,False,securecafe_availableunits,0,0,0,0,0,"{""rentcafe_hosted_table"": 0, ""rentcafe_layout_tab_applyga"": 0, ""rentcafe_nestin_detail"": 0, ""rentcafe_ysi_unitslist"": 0, ""securecafe_availableunits"": 0}",[],
218786,Cooper's Landing,marketing_root,current_direct,https://www.landcoapartments.com/coopers-landing-apartments/,200,https://www.landcoapartments.com/coopers-landing-apartments/,639623,20b42005ddaf038ffcd13394dc217ace436a625e50b3d19c20f93c0f08a7895f,False,False,,,False,False,securecafe_availableunits,0,0,0,0,0,"{""rentcafe_hosted_table"": 0, ""rentcafe_layout_tab_applyga"": 0, ""rentcafe_nestin_detail"": 0, ""rentcafe_ysi_unitslist"": 0, ""securecafe_availableunits"": 0}",[],
219752,Lamphouse,marketing_root,current_direct,https://lamphouseapts.com/,202,https://lamphouseapts.com/,167,9599d0db6ec200bb31825d8ea07aceb5c57ae2b74a6b60e730f3393d5c0d6359,False,False,,,False,False,securecafe_availableunits,0,0,0,0,0,"{""rentcafe_hosted_table"": 0, ""rentcafe_layout_tab_applyga"": 0, ""rentcafe_nestin_detail"": 0, ""rentcafe_ysi_unitslist"": 0, ""securecafe_availableunits"": 0}",[],
220907,Reserve At Bradbury Place,marketing_root,current_direct,https://www.keystonemanagement.com/apartments/nc/reserve-at-bradbury-place,202,https://www.keystonemanagement.com/apartments/nc/reserve-at-bradbury-place,210,e65760aa00193594dbfa846b7c6cfc1d82ce91ef0745529064f8e722cc55ef8b,False,False,,,False,False,securecafe_availableunits,0,0,0,0,0,"{""rentcafe_hosted_table"": 0, ""rentcafe_layout_tab_applyga"": 0, ""rentcafe_nestin_detail"": 0, ""rentcafe_ysi_unitslist"": 0, ""securecafe_availableunits"": 0}",[],
223248,Royal Oaks,marketing_root,current_direct,http://www.metroplexapts.com,200,https://www.metrocityapts.com/,1467921,e116b398bd4241237effa1e5f6bdfcc510c8aef747e8420dca58ac8e86ea3b32,True,True,,,False,False,securecafe_availableunits,0,0,0,0,0,"{""rentcafe_hosted_table"": 0, ""rentcafe_layout_tab_applyga"": 0, ""rentcafe_nestin_detail"": 0, ""rentcafe_ysi_unitslist"": 0, ""securecafe_availableunits"": 0}",[],
225886,Casa Baywood,marketing_root,current_direct,https://www.casabaywoodapts.com/,200,https://www.casabaywoodapts.com/,132974,cdd023b3a28661e5bfc7dfa2ba5deded58c5389d843d58ba781e6913e93ecd56,True,True,,,False,False,securecafe_availableunits,0,0,0,0,0,"{""rentcafe_hosted_table"": 0, ""rentcafe_layout_tab_applyga"": 0, ""rentcafe_nestin_detail"": 0, ""rentcafe_ysi_unitslist"": 0, ""securecafe_availableunits"": 0}",[],
231543,Autumn Hills,marketing_root,current_direct,https://bestrentnj.com/Communities/Autumn-Hills/,200,https://bestrentnj.com/Communities/Autumn-Hills/,212111,e8f74efd091c90d00eeb288aae074766598a8796cdb70903cd61c5752430305a,True,True,,,False,False,securecafe_availableunits,0,0,0,0,0,"{""rentcafe_hosted_table"": 0, ""rentcafe_layout_tab_applyga"": 0, ""rentcafe_nestin_detail"": 0, ""rentcafe_ysi_unitslist"": 0, ""securecafe_availableunits"": 0}",[],
234385,Townhomes at Spring Valley,marketing_root,current_direct,http://www.mmgapts.com/spring-valley.htm,200,https://mmgapts.com/property/townhomes-at-spring-valley/,85398,0f50790d9f6ef671e3819a50d1ae3db3b336168c0c05ca4048f111618e3f889e,True,False,,,False,False,securecafe_availableunits,0,0,0,0,0,"{""rentcafe_hosted_table"": 0, ""rentcafe_layout_tab_applyga"": 0, ""rentcafe_nestin_detail"": 0, ""rentcafe_ysi_unitslist"": 0, ""securecafe_availableunits"": 0}",[],
241538,Block 88,marketing_root,current_direct,http://www.block88apts.com/,200,https://www.block88apts.com/,183933,c4e79212ce76857259c6f44f4184367e528213abd1f0aa5a0d0d45392827b2b2,True,True,,,False,False,securecafe_availableunits,0,0,0,0,0,"{""rentcafe_hosted_table"": 0, ""rentcafe_layout_tab_applyga"": 0, ""rentcafe_nestin_detail"": 0, ""rentcafe_ysi_unitslist"": 0, ""securecafe_availableunits"": 0}",[],
244756,Town Commons,marketing_root,current_direct,https://harvest-properties.com/project/town-commons-apartments/,200,https://harvest-properties.com/project/town-commons-apartments/,391762,e62aa70224b840cfa0fb9d9c7305e321b2cffe0b9292348ec707ce400857577d,True,True,,,False,False,securecafe_availableunits,0,0,0,0,0,"{""rentcafe_hosted_table"": 0, ""rentcafe_layout_tab_applyga"": 0, ""rentcafe_nestin_detail"": 0, ""rentcafe_ysi_unitslist"": 0, ""securecafe_availableunits"": 0}",[],
262799,220 East 72nd,marketing_root,current_direct,https://www.dermotcompany.com/building/220-east-72nd-street#availability,200,https://www.dermotcompany.com/building/220-east-72nd-street#availability,394692,bfc55697c77c5a4c852a3bb98ba0c714dd53d1f8cc38963d9a1a891c6c6eb0a3,True,True,,,False,False,securecafe_availableunits,0,0,0,0,0,"{""rentcafe_hosted_table"": 0, ""rentcafe_layout_tab_applyga"": 0, ""rentcafe_nestin_detail"": 0, ""rentcafe_ysi_unitslist"": 0, ""securecafe_availableunits"": 0}",[],
266766,101 Oxford,marketing_root,current_direct,https://www.101oxford.com/,200,https://www.101oxford.com/,153845,cd69622493668d19957db62c8250166597c77bfaabf3c92f15849a537ff71bfb,True,True,,,False,False,securecafe_availableunits,0,0,0,0,0,"{""rentcafe_hosted_table"": 0, ""rentcafe_layout_tab_applyga"": 0, ""rentcafe_nestin_detail"": 0, ""rentcafe_ysi_unitslist"": 0, ""securecafe_availableunits"": 0}",[],
277913,Redwood Perrysburg Oregon Road,marketing_root,current_direct,https://www.byredwood.com/apartments/oh/perrysburg/redwood-perrysburg-oregon-road/index.aspx,200,https://rentatredwood.com/apartments/oh/perrysburg/redwood-perrysburg-oregon-road/,293576,300cf69345abfb6ee098072fb8e90c889be860e805c1bd5ef6a5d1158f9eac89,True,True,,,False,False,securecafe_availableunits,0,0,0,0,0,"{""rentcafe_hosted_table"": 0, ""rentcafe_layout_tab_applyga"": 0, ""rentcafe_nestin_detail"": 0, ""rentcafe_ysi_unitslist"": 0, ""securecafe_availableunits"": 0}",[],
289338,201 Walnut,marketing_root,current_direct,https://www.201walnut.com/,200,https://www.201walnut.com/,163869,dfe8031b55a83567a8276881d2d2215273e40cab40a429133c5206d75836f1d1,True,True,,,False,False,securecafe_availableunits,0,0,0,0,0,"{""rentcafe_hosted_table"": 0, ""rentcafe_layout_tab_applyga"": 0, ""rentcafe_nestin_detail"": 0, ""rentcafe_ysi_unitslist"": 0, ""securecafe_availableunits"": 0}",[],
24337,Colonial House,same_origin_anchor,current_direct_published,https://residential.eprodesse.com/colonial-house-apartments/floorplans.aspx,200,https://residential.eprodesse.com/colonial-house-apartments/floorplans.aspx,83940,e89581bfae4c14b7eec2e345256e415cd4cade875b16ef58b411bef34630751f,True,True,,,False,False,securecafe_availableunits,0,0,0,0,0,"{""rentcafe_hosted_table"": 0, ""rentcafe_layout_tab_applyga"": 0, ""rentcafe_nestin_detail"": 0, ""rentcafe_ysi_unitslist"": 0, ""securecafe_availableunits"": 0}",[],
594,Harbinwood,same_origin_anchor,current_direct_published,https://www.harbinwoodbyelon.com/floorplans.aspx,200,https://www.harbinwoodbyelon.com/floorplans.aspx,75049,ce1651e4ca9871236305cc4b624ff6caaa3c268be0013a721981ad9fa90daef9,True,False,,,False,False,securecafe_availableunits,0,0,0,0,0,"{""rentcafe_hosted_table"": 0, ""rentcafe_layout_tab_applyga"": 0, ""rentcafe_nestin_detail"": 0, ""rentcafe_ysi_unitslist"": 0, ""securecafe_availableunits"": 0}",[],
29566,Heatherwood I,same_origin_anchor,current_direct_published,https://heatherwoodfl.com/floor-plans/,200,https://heatherwoodfl.com/floor-plans/,391345,78e39b4ee9a6b96d0e57ec85e6bc88b594dc0f3757e11e5b2078bd4435871b43,True,True,,,False,False,securecafe_availableunits,0,0,0,0,0,"{""rentcafe_hosted_table"": 0, ""rentcafe_layout_tab_applyga"": 0, ""rentcafe_nestin_detail"": 0, ""rentcafe_ysi_unitslist"": 0, ""securecafe_availableunits"": 0}",[],
223248,Royal Oaks,same_origin_anchor,current_direct_published,https://www.metrocityapts.com/floor-plans,200,https://www.metrocityapts.com/floor-plans,1389940,cc886f770c6c1903f3183da5bbc60d2e0f0e9d0c26562b760b5da42348871bdc,True,True,,,False,False,securecafe_availableunits,0,0,0,0,0,"{""rentcafe_hosted_table"": 0, ""rentcafe_layout_tab_applyga"": 0, ""rentcafe_nestin_detail"": 0, ""rentcafe_ysi_unitslist"": 0, ""securecafe_availableunits"": 0}",[],
46915,Barberton,same_origin_anchor,current_direct_published,https://www.barbertonapt.com/floorplans,200,https://www.barbertonapt.com/floorplans,139564,dd85dfb3a01b2c9b900f1d3bf619f271b5dfe991ad966a3676121904a05983fe,True,True,,,False,False,securecafe_availableunits,0,0,0,0,0,"{""rentcafe_hosted_table"": 0, ""rentcafe_layout_tab_applyga"": 0, ""rentcafe_nestin_detail"": 0, ""rentcafe_ysi_unitslist"": 0, ""securecafe_availableunits"": 0}",[],
231543,Autumn Hills,same_origin_anchor,current_direct_published,https://bestrentnj.com/wp-content/uploads/247/FloorplanWebNew/582__000001_1200.png,200,https://bestrentnj.com/wp-content/uploads/247/FloorplanWebNew/582__000001_1200.png,2718080,a5a6ec092ce68f75c830c33d59113c24fae2bf940b4f65fa7599e7c41fdc42b4,False,False,,,False,False,securecafe_availableunits,0,0,0,0,0,"{""rentcafe_hosted_table"": 0, ""rentcafe_layout_tab_applyga"": 0, ""rentcafe_nestin_detail"": 0, ""rentcafe_ysi_unitslist"": 0, ""securecafe_availableunits"": 0}",[],
17186,The Park at Tivoli,same_origin_anchor,current_direct_published,https://www.theparkattivoli.com/floorplans,404,https://www.theparkattivoli.com/floorplans,128491,da14e7006ee3a6e69c66f71f3221fa80db88cb204cbec7a6d6d2fbf916708023,True,False,,,False,False,securecafe_availableunits,0,0,0,0,0,"{""rentcafe_hosted_table"": 0, ""rentcafe_layout_tab_applyga"": 0, ""rentcafe_nestin_detail"": 0, ""rentcafe_ysi_unitslist"": 0, ""securecafe_availableunits"": 0}",[],
58390,30 Lancaster,same_origin_anchor,current_direct_published,https://www.live30lancaster.com/floorplans,200,https://www.live30lancaster.com/floorplans,250768,40ee84fdc64a2f9b9f2fa02afb03f2a05b61aeb9f5c0565c7ba1d1e8bd3cb370,True,True,,,False,False,securecafe_availableunits,0,0,0,0,0,"{""rentcafe_hosted_table"": 0, ""rentcafe_layout_tab_applyga"": 0, ""rentcafe_nestin_detail"": 0, ""rentcafe_ysi_unitslist"": 0, ""securecafe_availableunits"": 0}",[],
234385,Townhomes at Spring Valley,same_origin_anchor,current_direct_published,https://mmgapts.com/property/townhomes-at-spring-valley-floor-plans/,200,https://mmgapts.com/property/townhomes-at-spring-valley-floor-plans/,88837,70f0a56a8b235a9b0e93fc47fd7e812f9f581ab26176fd65bfa8ffb97937461c,True,False,,,False,False,securecafe_availableunits,0,0,0,0,0,"{""rentcafe_hosted_table"": 0, ""rentcafe_layout_tab_applyga"": 0, ""rentcafe_nestin_detail"": 0, ""rentcafe_ysi_unitslist"": 0, ""securecafe_availableunits"": 0}",[],
5782,Springfield,same_origin_anchor,current_direct_published,https://www.springfieldrenton.com/floorplans,200,https://www.springfieldrenton.com/floorplans,207194,1eb87f4256ecb4c3eb7122441843e199a4c3a5d40e67dcc6e933f5c9c43841c5,True,True,,,False,False,securecafe_availableunits,0,0,0,0,0,"{""rentcafe_hosted_table"": 0, ""rentcafe_layout_tab_applyga"": 0, ""rentcafe_nestin_detail"": 0, ""rentcafe_ysi_unitslist"": 0, ""securecafe_availableunits"": 0}",[],
231543,Autumn Hills,same_origin_anchor,current_direct_published,https://bestrentnj.com/wp-content/uploads/247/FloorplanWebNew/581__000001_1200.png,200,https://bestrentnj.com/wp-content/uploads/247/FloorplanWebNew/581__000001_1200.png,2684909,38169bcd40fe84a20a50d5ecee9cd75296f418428c83a4a625c30f0d6bfead17,False,False,,,False,False,securecafe_availableunits,0,0,0,0,0,"{""rentcafe_hosted_table"": 0, ""rentcafe_layout_tab_applyga"": 0, ""rentcafe_nestin_detail"": 0, ""rentcafe_ysi_unitslist"": 0, ""securecafe_availableunits"": 0}",[],
231543,Autumn Hills,same_origin_anchor,current_direct_published,https://bestrentnj.com/wp-content/uploads/247/FloorplanWebNew/580__000001_1200.png,200,https://bestrentnj.com/wp-content/uploads/247/FloorplanWebNew/580__000001_1200.png,2888798,3fd45d33c2edc0e4ec503ecbc7c91d15a9c6fa42cd654d451519fe7811e93216,False,False,,,False,False,securecafe_availableunits,0,0,0,0,0,"{""rentcafe_hosted_table"": 0, ""rentcafe_layout_tab_applyga"": 0, ""rentcafe_nestin_detail"": 0, ""rentcafe_ysi_unitslist"": 0, ""securecafe_availableunits"": 0}",[],
74519,The Jamestown,same_origin_anchor,current_direct_published,https://www.thejamestownapartments.com/floorplans.aspx,200,https://www.thejamestownapartments.com/floorplans.aspx,149342,7aeb80d3da515b63e33ab01f03085d410cf9cc66d61a3f3a8e4eff58d438ce4a,True,True,,,False,False,securecafe_availableunits,0,0,0,0,0,"{""rentcafe_hosted_table"": 0, ""rentcafe_layout_tab_applyga"": 0, ""rentcafe_nestin_detail"": 0, ""rentcafe_ysi_unitslist"": 0, ""securecafe_availableunits"": 0}",[],
225886,Casa Baywood,same_origin_anchor,current_direct_published,https://www.casabaywoodapts.com/floorplans,200,https://www.casabaywoodapts.com/floorplans,184851,0929f57a61e252908ffaa8e07967bd332ee1a8a890a3c07827c78d71af16690b,True,True,,,False,False,securecafe_availableunits,0,0,0,0,0,"{""rentcafe_hosted_table"": 0, ""rentcafe_layout_tab_applyga"": 0, ""rentcafe_nestin_detail"": 0, ""rentcafe_ysi_unitslist"": 0, ""securecafe_availableunits"": 0}",[],
244756,Town Commons,same_origin_anchor,current_direct_published,https://harvest-properties.com/wp-content/uploads/2022/05/Georgetown-Floorplan_2.jpg,403,https://harvest-properties.com/wp-content/uploads/2022/05/Georgetown-Floorplan_2.jpg,75193,ac4f780358ba4326a07c3a9bb83dff5a70cbb95a22be0f4c9385efe182cd722f,False,False,,,False,False,securecafe_availableunits,0,0,0,0,0,"{""rentcafe_hosted_table"": 0, ""rentcafe_layout_tab_applyga"": 0, ""rentcafe_nestin_detail"": 0, ""rentcafe_ysi_unitslist"": 0, ""securecafe_availableunits"": 0}",[],
277913,Redwood Perrysburg Oregon Road,same_origin_anchor,current_direct_published,https://rentatredwood.com/apartments/oh/perrysburg/redwood-perrysburg-oregon-road/floorplans,200,https://rentatredwood.com/apartments/oh/perrysburg/redwood-perrysburg-oregon-road/floorplans/,281966,243af3eeff8663b78eac26d8ed313edf51fe462e6d649ac1b4244ba94c0c7d2f,True,False,,,False,False,securecafe_availableunits,0,0,0,0,0,"{""rentcafe_hosted_table"": 0, ""rentcafe_layout_tab_applyga"": 0, ""rentcafe_nestin_detail"": 0, ""rentcafe_ysi_unitslist"": 0, ""securecafe_availableunits"": 0}",[],
266766,101 Oxford,same_origin_anchor,current_direct_published,https://www.101oxford.com/floorplans,200,https://www.101oxford.com/floorplans,146706,ca3400c53ea856c276a7d220f154a7812ab07b0f6fe632cbbd406201e91808b5,True,True,,,False,False,securecafe_availableunits,0,0,0,0,0,"{""rentcafe_hosted_table"": 0, ""rentcafe_layout_tab_applyga"": 0, ""rentcafe_nestin_detail"": 0, ""rentcafe_ysi_unitslist"": 0, ""securecafe_availableunits"": 0}",[],
241538,Block 88,same_origin_anchor,current_direct_published,https://www.block88apts.com/floorplans,200,https://www.block88apts.com/floorplans,198294,26461935d8e832226adb8a0aeac67cbf79e67953dcfd51bbf38913894aac786f,True,True,,,False,False,securecafe_availableunits,0,0,0,0,0,"{""rentcafe_hosted_table"": 0, ""rentcafe_layout_tab_applyga"": 0, ""rentcafe_nestin_detail"": 0, ""rentcafe_ysi_unitslist"": 0, ""securecafe_availableunits"": 0}",[],
289338,201 Walnut,same_origin_anchor,current_direct_published,https://www.201walnut.com/floorplans,200,https://www.201walnut.com/floorplans,153159,edf3078a3fd01e400ef47b8e1aae1f3946d769c46e8dbc62c9c1e5273787c3de,True,True,,,False,False,securecafe_availableunits,0,0,0,0,0,"{""rentcafe_hosted_table"": 0, ""rentcafe_layout_tab_applyga"": 0, ""rentcafe_nestin_detail"": 0, ""rentcafe_ysi_unitslist"": 0, ""securecafe_availableunits"": 0}",[],
241538,Block 88,same_origin_anchor,current_direct_published,https://www.block88apts.com/floorplans.aspx,200,https://www.block88apts.com/floorplans,198294,3787a4a1d8e155f4921f579c9fa5fc874c1cbec4a25566a3ba6feb837cf6199d,True,True,,,False,False,securecafe_availableunits,0,0,0,0,0,"{""rentcafe_hosted_table"": 0, ""rentcafe_layout_tab_applyga"": 0, ""rentcafe_nestin_detail"": 0, ""rentcafe_ysi_unitslist"": 0, ""securecafe_availableunits"": 0}",[],
289338,201 Walnut,same_origin_anchor,current_direct_published,https://www.201walnut.com/floorplans/1-bedroom%2c-1-bathroom,200,https://www.201walnut.com/floorplans/1-bedroom%2c-1-bathroom,152765,f9014e692343972c6251c6e5c1602d4aebfd895bd7f93d03e1141418e30d1cdd,True,True,,,False,False,securecafe_availableunits,0,0,0,0,0,"{""rentcafe_hosted_table"": 0, ""rentcafe_layout_tab_applyga"": 0, ""rentcafe_nestin_detail"": 0, ""rentcafe_ysi_unitslist"": 0, ""securecafe_availableunits"": 0}",[],
289338,201 Walnut,same_origin_anchor,current_direct_published,https://www.201walnut.com/floorplans/2-bedrooms%2c-2-bathrooms,200,https://www.201walnut.com/floorplans/2-bedrooms%2c-2-bathrooms,152773,10ffc1ad063f92ee77981e31005c8723289c062a3f9791cebbeee45b4c87d176,True,True,,,False,False,securecafe_availableunits,0,0,0,0,0,"{""rentcafe_hosted_table"": 0, ""rentcafe_layout_tab_applyga"": 0, ""rentcafe_nestin_detail"": 0, ""rentcafe_ysi_unitslist"": 0, ""securecafe_availableunits"": 0}",[],
289338,201 Walnut,same_origin_anchor,current_direct_published,https://www.201walnut.com/floorplans/2-bedrooms%2c-2-bathrooms-%2b-den,200,https://www.201walnut.com/floorplans/2-bedrooms%2c-2-bathrooms-%2b-den,152936,a420abc87754e0e90a4f8a1109a22be1c6db7ed26632388c83cc2c7b69db8d7a,True,True,,,False,False,securecafe_availableunits,0,0,0,0,0,"{""rentcafe_hosted_table"": 0, ""rentcafe_layout_tab_applyga"": 0, ""rentcafe_nestin_detail"": 0, ""rentcafe_ysi_unitslist"": 0, ""securecafe_availableunits"": 0}",[],
277913,Redwood Perrysburg Oregon Road,same_origin_anchor,current_direct_published,https://rentatredwood.com/apartments/oh/perrysburg/redwood-perrysburg-oregon-road/floorplans/,200,https://rentatredwood.com/apartments/oh/perrysburg/redwood-perrysburg-oregon-road/floorplans/,281966,5d83f9e198c352f2c3d38c7b7164ec146fb380c6d64064dc18c0567a6df37ca7,True,False,,,False,False,securecafe_availableunits,0,0,0,0,0,"{""rentcafe_hosted_table"": 0, ""rentcafe_layout_tab_applyga"": 0, ""rentcafe_nestin_detail"": 0, ""rentcafe_ysi_unitslist"": 0, ""securecafe_availableunits"": 0}",[],
289338,201 Walnut,same_origin_form,current_direct_published,https://www.201walnut.com/availableunits,200,https://www.201walnut.com/availableunits,150999,6566240abe32e21432e42114c8b0062d19c8cffe773d8ffe90765564f7be9eac,True,True,,,False,False,securecafe_availableunits,0,0,0,0,0,"{""rentcafe_hosted_table"": 0, ""rentcafe_layout_tab_applyga"": 0, ""rentcafe_nestin_detail"": 0, ""rentcafe_ysi_unitslist"": 0, ""securecafe_availableunits"": 0}",[],
46915,Barberton,same_origin_form,current_direct_published,https://www.barbertonapt.com/availableunits,200,https://www.barbertonapt.com/availableunits,118466,91ba2dbaa7df80d32065f20e479390d397e8db12c076e23cf5cefc6a7a439a59,True,True,,,False,False,rentcafe_nestin_detail,4,4,0,4,0,"{""rentcafe_hosted_table"": 0, ""rentcafe_layout_tab_applyga"": 0, ""rentcafe_nestin_detail"": 4, ""rentcafe_ysi_unitslist"": 0, ""securecafe_availableunits"": 0}","[{""availability_date"": """", ""bathrooms"": """", ""bedrooms"": """", ""floor_plan_name"": """", ""market_rent_high"": 815, ""market_rent_low"": 815, ""source_api_url"": ""https://www.barbertonapt.com/availableunits"", ""source_ids"": {}, ""sqft"": """", ""unit_number"": ""B107""}, {""availability_date"": """", ""bathrooms"": """", ""bedrooms"": """", ""floor_plan_name"": """", ""market_rent_high"": 1000, ""market_rent_low"": 1000, ""source_api_url"": ""https://www.barbertonapt.com/availableunits"", ""source_ids"": {}, ""sqft"": """", ""unit_number"": ""06""}, {""availability_date"": """", ""bathrooms"": """", ""bedrooms"": """", ""floor_plan_name"": """", ""market_rent_high"": 815, ""market_rent_low"": 815, ""source_api_url"": ""https://www.barbertonapt.com/availableunits"", ""source_ids"": {}, ""sqft"": """", ""unit_number"": ""C207""}]",
58390,30 Lancaster,same_origin_form,current_direct_published,https://www.live30lancaster.com/availableunits,200,https://www.live30lancaster.com/availableunits,139503,7d743e1ee8603a395cfbfacb9aab6f6e05c0fb5de47e9f027cb400b518240440,True,True,,,False,False,securecafe_availableunits,0,0,0,0,0,"{""rentcafe_hosted_table"": 0, ""rentcafe_layout_tab_applyga"": 0, ""rentcafe_nestin_detail"": 0, ""rentcafe_ysi_unitslist"": 0, ""securecafe_availableunits"": 0}",[],
29566,Heatherwood I,securecafe_availableunits,archived_0731+current_direct,https://heatherwoodfl.securecafe.com/onlineleasing/heatherwood-apartments0/availableunits.aspx,200,https://heatherwoodfl.securecafeapplicant.com/onlineleasing/content3/access/heatherwood-apartments0/availableunits,2822,c1f507e841a09baee23d198385c159d82ae2032387727c56b1bfa9715bb2d970,False,False,,,False,False,securecafe_availableunits,0,0,0,0,0,"{""rentcafe_hosted_table"": 0, ""rentcafe_layout_tab_applyga"": 0, ""rentcafe_nestin_detail"": 0, ""rentcafe_ysi_unitslist"": 0, ""securecafe_availableunits"": 0}",[],
27080,Easton North,securecafe_availableunits,archived_0731+current_direct,https://oxfordrealtygroup.securecafe.com/onlineleasing/easton-north/availableunits.aspx,200,https://oxfordrealtygroup.securecafe.com/onlineleasing/easton-north/availableunits.aspx,64377,0b6cba6bc2716297ff857a2deee05937defa11db991f0919b1512f534d4a1ac4,True,False,,,False,False,securecafe_availableunits,0,0,0,0,0,"{""rentcafe_hosted_table"": 0, ""rentcafe_layout_tab_applyga"": 0, ""rentcafe_nestin_detail"": 0, ""rentcafe_ysi_unitslist"": 0, ""securecafe_availableunits"": 0}",[],
594,Harbinwood,securecafe_availableunits,archived_0731+current_direct,https://harbinwoodbyelon.securecafe.com/onlineleasing/harbinwood/availableunits.aspx,200,https://harbinwoodbyelon.securecafe.com/onlineleasing/harbinwood/availableunits.aspx,65060,d5a849703e972e48268a3726e3f95601319d53980684ae61d6b0e50b80a342a7,True,False,,,False,False,securecafe_availableunits,0,0,0,0,0,"{""rentcafe_hosted_table"": 0, ""rentcafe_layout_tab_applyga"": 0, ""rentcafe_nestin_detail"": 0, ""rentcafe_ysi_unitslist"": 0, ""securecafe_availableunits"": 0}",[],
24337,Colonial House,securecafe_availableunits,current_direct,https://residential-eprodesse.securecafe.com/onlineleasing/colonial-house-apartments/availableunits.aspx,200,https://residential-eprodesse.securecafe.com/onlineleasing/colonial-house-apartments/availableunits.aspx,93029,5640ee2fc91bfc7fe6ffe5cb294e7f898f6ec2d3c12467e1f7b8f9458a961ee3,True,False,,,False,False,securecafe_availableunits,0,0,0,0,0,"{""rentcafe_hosted_table"": 0, ""rentcafe_layout_tab_applyga"": 0, ""rentcafe_nestin_detail"": 0, ""rentcafe_ysi_unitslist"": 0, ""securecafe_availableunits"": 0}",[],
5782,Springfield,securecafe_availableunits,archived_0731+current_direct,https://springfieldrenton.securecafe.com/onlineleasing/springfield-apartments-5/availableunits.aspx,200,https://springfieldrenton.securecafe.com/onlineleasing/springfield-apartments-5/availableunits.aspx,101412,1fca1c02785c462e9524e15efe421da8e758d1d99cbc197a093366bb965703b1,True,True,,,False,False,securecafe_availableunits,0,0,0,0,0,"{""rentcafe_hosted_table"": 0, ""rentcafe_layout_tab_applyga"": 0, ""rentcafe_nestin_detail"": 0, ""rentcafe_ysi_unitslist"": 0, ""securecafe_availableunits"": 0}",[],
17674,Hollywood Terrace,securecafe_availableunits,current_direct,https://hpgmanagement.securecafe.com/onlineleasing/apartmentsforrent/availableunits.aspx,404,https://hpgmanagement.securecafe.com/onlineleasing/apartmentsforrent/availableunits.aspx,2959,64b63d2155eb56ed85ff39e126e839f08850c725e56bdb31771482e9553dbd50,False,False,,,False,False,securecafe_availableunits,0,0,0,0,0,"{""rentcafe_hosted_table"": 0, ""rentcafe_layout_tab_applyga"": 0, ""rentcafe_nestin_detail"": 0, ""rentcafe_ysi_unitslist"": 0, ""securecafe_availableunits"": 0}",[],
60303,Ironworks At Keystone,securecafe_availableunits,archived_0731+current_direct,https://ironworksindy.securecafe.com/onlineleasing/ironworks-at-keystone0/availableunits.aspx,200,https://ironworksindy.securecafeapplicant.com/onlineleasing/content3/access/ironworks-at-keystone0/availableunits,2822,f437977d37a659c48153ed9d7c1e2ec367cd7e6276a20e14267db5c4677d2700,False,False,,,False,False,securecafe_availableunits,0,0,0,0,0,"{""rentcafe_hosted_table"": 0, ""rentcafe_layout_tab_applyga"": 0, ""rentcafe_nestin_detail"": 0, ""rentcafe_ysi_unitslist"": 0, ""securecafe_availableunits"": 0}",[],
72743,Della Plaza,securecafe_availableunits,archived_0731,https://brandywinecommunities.securecafe.com/onlineleasing/apartmentsforrent/availableunits.aspx,404,https://brandywinecommunities.securecafe.com/onlineleasing/apartmentsforrent/availableunits.aspx,2959,b8bd59d8a5e467752e5aae918e9ad89f8f687a2c40f53c9b04fdd9603abaae74,False,False,,,False,False,securecafe_availableunits,0,0,0,0,0,"{""rentcafe_hosted_table"": 0, ""rentcafe_layout_tab_applyga"": 0, ""rentcafe_nestin_detail"": 0, ""rentcafe_ysi_unitslist"": 0, ""securecafe_availableunits"": 0}",[],
58390,30 Lancaster,securecafe_availableunits,archived_0731+current_direct,https://live30lancaster.securecafe.com/onlineleasing/new-30-lancaster/availableunits.aspx,200,https://live30lancaster.securecafe.com/onlineleasing/new-30-lancaster/availableunits.aspx,67955,0544ad260b45e9b0c6a9e30784c302194b1a87285e92493ffb4ff99733f60769,True,True,,,False,False,securecafe_availableunits,0,0,0,0,0,"{""rentcafe_hosted_table"": 0, ""rentcafe_layout_tab_applyga"": 0, ""rentcafe_nestin_detail"": 0, ""rentcafe_ysi_unitslist"": 0, ""securecafe_availableunits"": 0}",[],
58390,30 Lancaster,securecafe_availableunits,archived_0731+current_direct,https://bozzuto.securecafe.com/onlineleasing/apartmentsforrent/availableunits.aspx,404,https://bozzuto.securecafe.com/onlineleasing/apartmentsforrent/availableunits.aspx,2959,8336532575f7b792def5b3681562a4ce63874d4f70dbc655eee3b3e182f45a15,False,False,,,False,False,securecafe_availableunits,0,0,0,0,0,"{""rentcafe_hosted_table"": 0, ""rentcafe_layout_tab_applyga"": 0, ""rentcafe_nestin_detail"": 0, ""rentcafe_ysi_unitslist"": 0, ""securecafe_availableunits"": 0}",[],
69558,Spring Hill Apartments,securecafe_availableunits,archived_0731+current_direct,https://goldberg-realty.securecafe.com/onlineleasing/apartmentsforrent/availableunits.aspx,404,https://goldberg-realty.securecafe.com/onlineleasing/apartmentsforrent/availableunits.aspx,2959,f0a2a13afa32192f9bb0644048f7332ab95df4b2e09230fd80e0a22844a97977,False,False,,,False,False,securecafe_availableunits,0,0,0,0,0,"{""rentcafe_hosted_table"": 0, ""rentcafe_layout_tab_applyga"": 0, ""rentcafe_nestin_detail"": 0, ""rentcafe_ysi_unitslist"": 0, ""securecafe_availableunits"": 0}",[],
71534,Riverwalk on the Falls I,securecafe_availableunits,archived_0731+current_direct,https://wimmercommunities.securecafe.com/onlineleasing/apartmentsforrent/availableunits.aspx,404,https://wimmercommunities.securecafe.com/onlineleasing/apartmentsforrent/availableunits.aspx,2959,5f51f8203911a0fea86d6f3c9524ec911624974538cacca38b2b55c14b028ab9,False,False,,,False,False,securecafe_availableunits,0,0,0,0,0,"{""rentcafe_hosted_table"": 0, ""rentcafe_layout_tab_applyga"": 0, ""rentcafe_nestin_detail"": 0, ""rentcafe_ysi_unitslist"": 0, ""securecafe_availableunits"": 0}",[],
218786,Cooper's Landing,securecafe_availableunits,current_direct,https://landcoapartments.securecafe.com/onlineleasing/apartmentsforrent/availableunits.aspx,404,https://landcoapartments.securecafe.com/onlineleasing/apartmentsforrent/availableunits.aspx,2959,0965bbd925930b88dfefcd306d236ad5d9b1f650b2f493845e661ddcd7cf4d1c,False,False,,,False,False,securecafe_availableunits,0,0,0,0,0,"{""rentcafe_hosted_table"": 0, ""rentcafe_layout_tab_applyga"": 0, ""rentcafe_nestin_detail"": 0, ""rentcafe_ysi_unitslist"": 0, ""securecafe_availableunits"": 0}",[],
72743,Della Plaza,securecafe_availableunits,archived_0731,https://listings-brandywinecommunities.securecafe.com/onlineleasing/apartmentsforrent/availableunits.aspx,404,https://listings-brandywinecommunities.securecafe.com/onlineleasing/apartmentsforrent/availableunits.aspx,2959,3235b14a180a013046b8635c08ca4f874a05700d959a7e18aa1bbf80e89939c7,False,False,,,False,False,securecafe_availableunits,0,0,0,0,0,"{""rentcafe_hosted_table"": 0, ""rentcafe_layout_tab_applyga"": 0, ""rentcafe_nestin_detail"": 0, ""rentcafe_ysi_unitslist"": 0, ""securecafe_availableunits"": 0}",[],
74519,The Jamestown,securecafe_availableunits,archived_0731+current_direct,https://thejamestownapartments.securecafe.com/onlineleasing/jamestown-apartments/availableunits.aspx,200,https://thejamestownapartments.securecafe.com/onlineleasing/jamestown-apartments/availableunits.aspx,65557,17992dfbb787075003c44c603a62679bddcbfcdf2607aa6d50f4eaed986a6963,True,False,,,False,False,securecafe_availableunits,0,0,0,0,0,"{""rentcafe_hosted_table"": 0, ""rentcafe_layout_tab_applyga"": 0, ""rentcafe_nestin_detail"": 0, ""rentcafe_ysi_unitslist"": 0, ""securecafe_availableunits"": 0}",[],
218786,Cooper's Landing,securecafe_availableunits,current_direct,https://dunbarwoodsapts.securecafe.com/onlineleasing/dunbar-woods-apartments/availableunits.aspx,200,https://dunbarwoodsapts.securecafe.com/onlineleasing/dunbar-woods-apartments/availableunits.aspx,129015,4cdfb9954ee05ba34be0db519c2c3e4c3903e32fe0ee82e3881a72ffb3bc6aba,False,False,,,False,False,securecafe_availableunits,0,0,0,0,0,"{""rentcafe_hosted_table"": 0, ""rentcafe_layout_tab_applyga"": 0, ""rentcafe_nestin_detail"": 0, ""rentcafe_ysi_unitslist"": 0, ""securecafe_availableunits"": 0}",[],
218786,Cooper's Landing,securecafe_availableunits,current_direct,https://burtonslandingapts.securecafe.com/onlineleasing/burtons-landing-apartments/availableunits.aspx,200,https://burtonslandingapts.securecafe.com/onlineleasing/burtons-landing-apartments/availableunits.aspx,129516,28f352dd8614b640ae65a75e910edc4c61148e609589d790cc23f0ed8bb40f14,False,False,,,False,False,securecafe_availableunits,0,0,0,0,0,"{""rentcafe_hosted_table"": 0, ""rentcafe_layout_tab_applyga"": 0, ""rentcafe_nestin_detail"": 0, ""rentcafe_ysi_unitslist"": 0, ""securecafe_availableunits"": 0}",[],
219752,Lamphouse,securecafe_availableunits,hb_exact_clean,https://203-main-llc-rentcafewebsite.securecafe.com/onlineleasing/203-main-llc/availableunits.aspx,200,https://203-main-llc-rentcafewebsite.rentcafe.com/applicant/203-main-llc/availableunits,2822,07d52721b78974864ef66cd6287bd0562a2ccff8da47529b25bfa12490930a7a,False,False,,,False,False,securecafe_availableunits,0,0,0,0,0,"{""rentcafe_hosted_table"": 0, ""rentcafe_layout_tab_applyga"": 0, ""rentcafe_nestin_detail"": 0, ""rentcafe_ysi_unitslist"": 0, ""securecafe_availableunits"": 0}",[],
220907,Reserve At Bradbury Place,securecafe_availableunits,hb_exact_clean,https://keystonemanagement.securecafe.com/onlineleasing/apartmentsforrent/availableunits.aspx,404,https://keystonemanagement.securecafe.com/onlineleasing/apartmentsforrent/availableunits.aspx,2959,ff244131dae9be662760b59d3d0b14415aba52371ba43e53dcaa0273f4372c95,False,False,,,False,False,securecafe_availableunits,0,0,0,0,0,"{""rentcafe_hosted_table"": 0, ""rentcafe_layout_tab_applyga"": 0, ""rentcafe_nestin_detail"": 0, ""rentcafe_ysi_unitslist"": 0, ""securecafe_availableunits"": 0}",[],
218786,Cooper's Landing,securecafe_availableunits,archived_0731+current_direct,https://cooperslandingapts.securecafe.com/onlineleasing/coopers-landing-apartments/availableunits.aspx,200,https://cooperslandingapts.securecafe.com/onlineleasing/coopers-landing-apartments/availableunits.aspx,135252,ae6e58978c96afa33c6c03571107a1d281de783e29cf5b8d101c0872b86d2594,False,True,,,False,False,securecafe_availableunits,0,0,0,0,0,"{""rentcafe_hosted_table"": 0, ""rentcafe_layout_tab_applyga"": 0, ""rentcafe_nestin_detail"": 0, ""rentcafe_ysi_unitslist"": 0, ""securecafe_availableunits"": 0}",[],
223248,Royal Oaks,securecafe_availableunits,current_direct,https://metrocityapts.securecafe.com/onlineleasing/royal-oaks-and-east-gardens/availableunits.aspx,200,https://metrocityapts.securecafeapplicant.com/onlineleasing/content3/access/royal-oaks-and-east-gardens/availableunits,2822,48051111cbaa056d8c5dd05779a24b4f27b51e0b5f1e8b3665394a8831dc7cfe,False,False,,,False,False,securecafe_availableunits,0,0,0,0,0,"{""rentcafe_hosted_table"": 0, ""rentcafe_layout_tab_applyga"": 0, ""rentcafe_nestin_detail"": 0, ""rentcafe_ysi_unitslist"": 0, ""securecafe_availableunits"": 0}",[],
234385,Townhomes at Spring Valley,securecafe_availableunits,current_direct,https://townhomesatspringvalley-mmgapts.securecafe.com/onlineleasing/townhomes-at-spring-valley/availableunits.aspx,200,https://townhomesatspringvalley-mmgapts.securecafeapplicant.com/onlineleasing/content3/access/townhomes-at-spring-valley/availableunits,2822,4f0ae9364547f5315f03b2af2c7b39639d336df568dfc7a3490b7d2901939bc4,False,False,,,False,False,securecafe_availableunits,0,0,0,0,0,"{""rentcafe_hosted_table"": 0, ""rentcafe_layout_tab_applyga"": 0, ""rentcafe_nestin_detail"": 0, ""rentcafe_ysi_unitslist"": 0, ""securecafe_availableunits"": 0}",[],
218786,Cooper's Landing,securecafe_availableunits,current_direct,https://thecrossroadsapts.securecafe.com/onlineleasing/crossroads-apartments/availableunits.aspx,200,https://thecrossroadsapts.securecafe.com/onlineleasing/crossroads-apartments/availableunits.aspx,128997,2d6ea76b1d1b42f9823033e7a9a8802f3964754d822540b01445740f2efb4427,False,False,,,False,False,securecafe_availableunits,0,0,0,0,0,"{""rentcafe_hosted_table"": 0, ""rentcafe_layout_tab_applyga"": 0, ""rentcafe_nestin_detail"": 0, ""rentcafe_ysi_unitslist"": 0, ""securecafe_availableunits"": 0}",[],
241538,Block 88,securecafe_availableunits,archived_0731+current_direct,https://block88apts.securecafe.com/onlineleasing/block-88/availableunits.aspx,200,https://block88apts.securecafe.com/onlineleasing/block-88/availableunits.aspx,69181,17339627bb381f3fffdf931feeb62db840e5ea9fa63536dd1b682b87a0f8dfc2,True,True,,,False,False,securecafe_availableunits,0,0,0,0,0,"{""rentcafe_hosted_table"": 0, ""rentcafe_layout_tab_applyga"": 0, ""rentcafe_nestin_detail"": 0, ""rentcafe_ysi_unitslist"": 0, ""securecafe_availableunits"": 0}",[],
244756,Town Commons,securecafe_availableunits,current_direct,https://harvest-properties.securecafe.com/onlineleasing/apartmentsforrent/availableunits.aspx,404,https://harvest-properties.securecafe.com/onlineleasing/apartmentsforrent/availableunits.aspx,2959,224f23e5c804bb7f052fc361120b65b4e1c3e3d12a6206344e2e4c6ad7f645c4,False,False,,,False,False,securecafe_availableunits,0,0,0,0,0,"{""rentcafe_hosted_table"": 0, ""rentcafe_layout_tab_applyga"": 0, ""rentcafe_nestin_detail"": 0, ""rentcafe_ysi_unitslist"": 0, ""securecafe_availableunits"": 0}",[],
277913,Redwood Perrysburg Oregon Road,securecafe_availableunits,archived_0731+current_direct,https://byredwood.securecafe.com/onlineleasing/apartmentsforrent/availableunits.aspx,404,https://byredwood.securecafe.com/onlineleasing/apartmentsforrent/availableunits.aspx,2959,9fa949e14862d135e281868ce95d12428c7b003635bcff390383f91b05893184,False,False,,,False,False,securecafe_availableunits,0,0,0,0,0,"{""rentcafe_hosted_table"": 0, ""rentcafe_layout_tab_applyga"": 0, ""rentcafe_nestin_detail"": 0, ""rentcafe_ysi_unitslist"": 0, ""securecafe_availableunits"": 0}",[],
266766,101 Oxford,securecafe_availableunits,archived_0731+current_direct,https://101oxford.securecafe.com/onlineleasing/101-w-oxford/availableunits.aspx,200,https://101oxford.securecafe.com/onlineleasing/101-w-oxford/availableunits.aspx,99514,f1bad90beff5625fe3e7e89a0cd35f2546dc7982db5ddff581ccf87337b29458,True,True,,,False,False,securecafe_availableunits,0,0,0,0,0,"{""rentcafe_hosted_table"": 0, ""rentcafe_layout_tab_applyga"": 0, ""rentcafe_nestin_detail"": 0, ""rentcafe_ysi_unitslist"": 0, ""securecafe_availableunits"": 0}",[],
220907,Reserve At Bradbury Place,securecafe_availableunits,hb_exact_clean,https://reserve-at-bradbury-place-0-rentcafewebsite.securecafe.com/onlineleasing/reserve-at-bradbury-place-0/availableunits.aspx,200,https://reserve-at-bradbury-place-0-rentcafewebsite.securecafe.com/onlineleasing/reserve-at-bradbury-place-0/availableunits.aspx,78349,e236cd2701e3cc868351edacb8ca4c0259312fe628630699555522281990fff7,True,False,,,False,False,securecafe_availableunits,21,21,0,21,21,"{""rentcafe_hosted_table"": 0, ""rentcafe_layout_tab_applyga"": 0, ""rentcafe_nestin_detail"": 0, ""rentcafe_ysi_unitslist"": 0, ""securecafe_availableunits"": 21}","[{""availability_date"": """", ""bathrooms"": ""2.0"", ""bedrooms"": ""2"", ""floor_plan_name"": ""Biltmore"", ""market_rent_high"": 1525, ""market_rent_low"": 1525, ""source_api_url"": ""https://reserve-at-bradbury-place-0-rentcafewebsite.securecafe.com/onlineleasing/reserve-at-bradbury-place-0/availableunits.aspx"", ""source_ids"": {}, ""sqft"": ""1053"", ""unit_number"": ""554B7""}, {""availability_date"": """", ""bathrooms"": ""2.0"", ""bedrooms"": ""2"", ""floor_plan_name"": ""Biltmore"", ""market_rent_high"": 1525, ""market_rent_low"": 1525, ""source_api_url"": ""https://reserve-at-bradbury-place-0-rentcafewebsite.securecafe.com/onlineleasing/reserve-at-bradbury-place-0/availableunits.aspx"", ""source_ids"": {}, ""sqft"": ""1053"", ""unit_number"": ""554C2""}, {""availability_date"": """", ""bathrooms"": ""2.0"", ""bedrooms"": ""2"", ""floor_plan_name"": ""Biltmore"", ""market_rent_high"": 1525, ""market_rent_low"": 1525, ""source_api_url"": ""https://reserve-at-bradbury-place-0-rentcafewebsite.securecafe.com/onlineleasing/reserve-at-bradbury-place-0/availableunits.aspx"", ""source_ids"": {}, ""sqft"": ""1053"", ""unit_number"": ""524A2""}]",
231543,Autumn Hills,securecafe_availableunits,archived_0731+current_direct,https://autumnhills-bestrentnj.securecafe.com/onlineleasing/village-at-autumn-hills/availableunits.aspx,200,https://autumnhills-bestrentnj.securecafe.com/onlineleasing/village-at-autumn-hills/availableunits.aspx,186024,99743b443ef3064dd58f4d14b7895ce52c4047749e9da49e20e23871f86e8f58,True,True,,,False,False,securecafe_availableunits,0,0,0,0,0,"{""rentcafe_hosted_table"": 0, ""rentcafe_layout_tab_applyga"": 0, ""rentcafe_nestin_detail"": 0, ""rentcafe_ysi_unitslist"": 0, ""securecafe_availableunits"": 0}",[],
262799,220 East 72nd,securecafe_availableunits,archived_0731+current_direct,https://preserveatdeercreek-living.securecafe.com/onlineleasing/palm-haven/availableunits.aspx,200,https://www.rentcafe.com/,286555,d297e788d6c3b9f6af463801407510741141882de0b17564db4c655b24727cfb,False,False,,,False,False,securecafe_availableunits,0,0,0,0,0,"{""rentcafe_hosted_table"": 0, ""rentcafe_layout_tab_applyga"": 0, ""rentcafe_nestin_detail"": 0, ""rentcafe_ysi_unitslist"": 0, ""securecafe_availableunits"": 0}",[],
225886,Casa Baywood,securecafe_availableunits,archived_0731+current_direct,https://casabaywoodapts.securecafe.com/onlineleasing/casa-baywood/availableunits.aspx,520,https://casabaywoodapts.securecafe.com/onlineleasing/casa-baywood/availableunits.aspx,7420,0bd3eca5b3f8bcea57e22cbaaeb369d440e33dcddf545078006adc85808e8c67,False,False,,,False,False,securecafe_availableunits,0,0,0,0,0,"{""rentcafe_hosted_table"": 0, ""rentcafe_layout_tab_applyga"": 0, ""rentcafe_nestin_detail"": 0, ""rentcafe_ysi_unitslist"": 0, ""securecafe_availableunits"": 0}",[],
277913,Redwood Perrysburg Oregon Road,securecafe_availableunits,current_direct,https://byredwood.securecafe.com/onlineleasing/redwood-perrysburg-oregon-road/availableunits.aspx,200,https://byredwood.securecafe.com/onlineleasing/redwood-perrysburg-oregon-road/availableunits.aspx,100193,d9a739a702361a898b6360caebfbf0614ca74f2d38015a54376998f76dff1eac,True,True,,,False,False,securecafe_availableunits,6,6,0,6,6,"{""rentcafe_hosted_table"": 0, ""rentcafe_layout_tab_applyga"": 0, ""rentcafe_nestin_detail"": 0, ""rentcafe_ysi_unitslist"": 0, ""securecafe_availableunits"": 6}","[{""availability_date"": """", ""bathrooms"": ""2.0"", ""bedrooms"": ""2"", ""floor_plan_name"": ""Fernwood"", ""market_rent_high"": 2267, ""market_rent_low"": 1880, ""source_api_url"": ""https://byredwood.securecafe.com/onlineleasing/redwood-perrysburg-oregon-road/availableunits.aspx"", ""source_ids"": {""securecafe_floorplan_id"": ""3165581""}, ""sqft"": ""1123"", ""unit_number"": ""D30""}, {""availability_date"": """", ""bathrooms"": ""2.0"", ""bedrooms"": ""2"", ""floor_plan_name"": ""Fernwood"", ""market_rent_high"": 2250, ""market_rent_low"": 1824, ""source_api_url"": ""https://byredwood.securecafe.com/onlineleasing/redwood-perrysburg-oregon-road/availableunits.aspx"", ""source_ids"": {""securecafe_floorplan_id"": ""3165581""}, ""sqft"": ""1123"", ""unit_number"": ""G69""}, {""availability_date"": """", ""bathrooms"": ""2.0"", ""bedrooms"": ""2"", ""floor_plan_name"": ""Hazelwood"", ""market_rent_high"": 2367, ""market_rent_low"": 1983, ""source_api_url"": ""https://byredwood.securecafe.com/onlineleasing/redwood-perrysburg-oregon-road/availableunits.aspx"", ""source_ids"": {""securecafe_floorplan_id"": ""3165582""}, ""sqft"": ""1200"", ""unit_number"": ""H88""}]",
289338,201 Walnut,securecafe_availableunits,archived_0731+current_direct,https://201walnut.securecafe.com/onlineleasing/201-walnut-avenue/availableunits.aspx,200,https://201walnut.securecafe.com/onlineleasing/201-walnut-avenue/availableunits.aspx,92879,fda0255e697be941985c5fa8685705c9df698ee56392f5d5af8889ae5c3b1338,True,True,,,False,False,securecafe_availableunits,0,0,0,0,0,"{""rentcafe_hosted_table"": 0, ""rentcafe_layout_tab_applyga"": 0, ""rentcafe_nestin_detail"": 0, ""rentcafe_ysi_unitslist"": 0, ""securecafe_availableunits"": 0}",[],
218786,Cooper's Landing,securecafe_applicant_api,current_direct,https://thecrossroadsapts.securecafeapplicant.com/onlineleasing/api/floorplan/getfloorplanandavailableunits?propertyId=465143&RequestBeforeLogin=true&isPropertyList=false,200,https://thecrossroadsapts.securecafeapplicant.com/onlineleasing/api/floorplan/getfloorplanandavailableunits?propertyId=465143&RequestBeforeLogin=true&isPropertyList=false,14864,f0675a6aecac78ac3e80d158573c6e745518b8a71947e4d8965b29e2a25a69d9,False,False,Crossroads Apartments,881 44th Street SW,False,False,securecafe_applicant,3,3,3,0,0,"{""securecafe_applicant"": 3}","[{""availability_date"": ""10/21/2015"", ""bathrooms"": ""1.0"", ""bedrooms"": ""2"", ""floor_plan_name"": ""2 Bed, 1 Bath - 800 sq ft"", ""market_rent_high"": 1220, ""market_rent_low"": 1220, ""source_api_url"": ""https://thecrossroadsapts.securecafeapplicant.com/onlineleasing/api/floorplan/getfloorplanandavailableunits?propertyId=465143&RequestBeforeLogin=true&isPropertyList=false"", ""source_ids"": {""property_name"": ""Crossroads Apartments"", ""securecafe_apartment_id"": ""5816389"", ""securecafe_floorplan_id"": ""2315406""}, ""sqft"": ""800"", ""unit_number"": ""WAIT2BD""}, {""availability_date"": ""10/21/2015"", ""bathrooms"": ""1.0"", ""bedrooms"": ""1"", ""floor_plan_name"": ""1 Bed, 1 Bath - 600 sq ft"", ""market_rent_high"": 1095, ""market_rent_low"": 1095, ""source_api_url"": ""https://thecrossroadsapts.securecafeapplicant.com/onlineleasing/api/floorplan/getfloorplanandavailableunits?propertyId=465143&RequestBeforeLogin=true&isPropertyList=false"", ""source_ids"": {""property_name"": ""Crossroads Apartments"", ""securecafe_apartment_id"": ""5816387"", ""securecafe_floorplan_id"": ""2315407""}, ""sqft"": ""600"", ""unit_number"": ""WAITAPP""}, {""availability_date"": ""10/21/2015"", ""bathrooms"": ""1.0"", ""bedrooms"": ""1"", ""floor_plan_name"": ""1 Bed, 1 Bath - 600 sq ft"", ""market_rent_high"": 1095, ""market_rent_low"": 1095, ""source_api_url"": ""https://thecrossroadsapts.securecafeapplicant.com/onlineleasing/api/floorplan/getfloorplanandavailableunits?propertyId=465143&RequestBeforeLogin=true&isPropertyList=false"", ""source_ids"": {""property_name"": ""Crossroads Apartments"", ""securecafe_apartment_id"": ""5816388"", ""securecafe_floorplan_id"": ""2315407""}, ""sqft"": ""600"", ""unit_number"": ""WAIT1BD""}]",
69558,Spring Hill Apartments,securecafe_applicant_api,current_direct,https://goldberg-realty.securecafeapplicant.com/onlineleasing/api/floorplan/getfloorplanandavailableunits?propertyId=420762&RequestBeforeLogin=true&isPropertyList=false,200,https://goldberg-realty.securecafeapplicant.com/onlineleasing/api/floorplan/getfloorplanandavailableunits?propertyId=420762&RequestBeforeLogin=true&isPropertyList=false,2020,5d5e2c42c9b59045ffec2072e05341f92963318ecdfdf4daab8e52566d4423f8,True,True,Spring Hill Apartments,767 Springfield Avenue,True,True,securecafe_applicant,1,0,0,0,0,"{""securecafe_applicant"": 1}",[],
231543,Autumn Hills,securecafe_applicant_api,archived_0731+current_direct,https://autumnhills-bestrentnj.securecafeapplicant.com/onlineleasing/api/floorplan/getfloorplanandavailableunits?propertyId=1026013&RequestBeforeLogin=true&isPropertyList=false,200,https://autumnhills-bestrentnj.securecafeapplicant.com/onlineleasing/api/floorplan/getfloorplanandavailableunits?propertyId=1026013&RequestBeforeLogin=true&isPropertyList=false,6489,c945cc61ac70f24e5641c1a77e314a8b177d8ad363b052d559c9192312381950,True,True,Autumn Hills,400 Hoover Way,True,True,securecafe_applicant,3,0,0,0,0,"{""securecafe_applicant"": 3}",[],
29566,Heatherwood I,securecafe_applicant_api,archived_0731+current_direct,https://heatherwoodfl.securecafeapplicant.com/onlineleasing/api/floorplan/getfloorplanandavailableunits?propertyId=1723103&RequestBeforeLogin=true&isPropertyList=false,200,https://heatherwoodfl.securecafeapplicant.com/onlineleasing/api/floorplan/getfloorplanandavailableunits?propertyId=1723103&RequestBeforeLogin=true&isPropertyList=false,17083,3dfdeb2f43c6aec8ca6c35d6c05fe86b1d6be20b1631a62b42e7954ec508cbd2,True,True,Heatherwood Apartments,1105A North Hoagland Avenue,True,True,securecafe_applicant,6,3,0,3,3,"{""securecafe_applicant"": 6}","[{""availability_date"": ""09/02/2026"", ""bathrooms"": ""1.0"", ""bedrooms"": ""1"", ""floor_plan_name"": ""One Bedroom"", ""market_rent_high"": 1175, ""market_rent_low"": 1175, ""source_api_url"": ""https://heatherwoodfl.securecafeapplicant.com/onlineleasing/api/floorplan/getfloorplanandavailableunits?propertyId=1723103&RequestBeforeLogin=true&isPropertyList=false"", ""source_ids"": {""property_name"": ""Heatherwood Apartments"", ""securecafe_apartment_id"": ""38161013"", ""securecafe_floorplan_id"": ""5188822""}, ""sqft"": ""576"", ""unit_number"": ""1101E""}, {""availability_date"": ""09/02/2026"", ""bathrooms"": ""1.0"", ""bedrooms"": ""1"", ""floor_plan_name"": ""One Bedroom"", ""market_rent_high"": 1175, ""market_rent_low"": 1175, ""source_api_url"": ""https://heatherwoodfl.securecafeapplicant.com/onlineleasing/api/floorplan/getfloorplanandavailableunits?propertyId=1723103&RequestBeforeLogin=true&isPropertyList=false"", ""source_ids"": {""property_name"": ""Heatherwood Apartments"", ""securecafe_apartment_id"": ""38161087"", ""securecafe_floorplan_id"": ""5188822""}, ""sqft"": ""576"", ""unit_number"": ""1013J""}, {""availability_date"": ""09/01/2026"", ""bathrooms"": ""1.0"", ""bedrooms"": ""1"", ""floor_plan_name"": ""One Bedroom"", ""market_rent_high"": 1175, ""market_rent_low"": 1175, ""source_api_url"": ""https://heatherwoodfl.securecafeapplicant.com/onlineleasing/api/floorplan/getfloorplanandavailableunits?propertyId=1723103&RequestBeforeLogin=true&isPropertyList=false"", ""source_ids"": {""property_name"": ""Heatherwood Apartments"", ""securecafe_apartment_id"": ""38161054"", ""securecafe_floorplan_id"": ""5188822""}, ""sqft"": ""576"", ""unit_number"": ""1007K""}]",
220907,Reserve At Bradbury Place,securecafe_applicant_api,hb_exact_clean,https://reserve-at-bradbury-place-0-rentcafewebsite.securecafeapplicant.com/onlineleasing/api/floorplan/getfloorplanandavailableunits?propertyId=1282237&RequestBeforeLogin=true&isPropertyList=false,200,https://reserve-at-bradbury-place-0-rentcafewebsite.securecafeapplicant.com/onlineleasing/api/floorplan/getfloorplanandavailableunits?propertyId=1282237&RequestBeforeLogin=true&isPropertyList=false,80014,548de6ffdf973c267d789e06c5cc0173be5a5316d8a40ab163081c76abba3fbf,True,True,Reserve at Bradbury Place,560 W New Hope Rd,True,True,securecafe_applicant,23,21,0,21,21,"{""securecafe_applicant"": 23}","[{""availability_date"": ""08/31/2026"", ""bathrooms"": ""1.0"", ""bedrooms"": ""1"", ""floor_plan_name"": ""Havencrest - Sunroom"", ""market_rent_high"": 1400, ""market_rent_low"": 1400, ""source_api_url"": ""https://reserve-at-bradbury-place-0-rentcafewebsite.securecafeapplicant.com/onlineleasing/api/floorplan/getfloorplanandavailableunits?propertyId=1282237&RequestBeforeLogin=true&isPropertyList=false"", ""source_ids"": {""property_name"": ""Reserve at Bradbury Place"", ""securecafe_apartment_id"": ""27861947"", ""securecafe_floorplan_id"": ""3544939""}, ""sqft"": ""811"", ""unit_number"": ""520B1""}, {""availability_date"": ""07/31/2026"", ""bathrooms"": ""1.0"", ""bedrooms"": ""1"", ""floor_plan_name"": ""Havencrest - Sunroom"", ""market_rent_high"": 1400, ""market_rent_low"": 1400, ""source_api_url"": ""https://reserve-at-bradbury-place-0-rentcafewebsite.securecafeapplicant.com/onlineleasing/api/floorplan/getfloorplanandavailableunits?propertyId=1282237&RequestBeforeLogin=true&isPropertyList=false"", ""source_ids"": {""property_name"": ""Reserve at Bradbury Place"", ""securecafe_apartment_id"": ""27862132"", ""securecafe_floorplan_id"": ""3544939""}, ""sqft"": ""826"", ""unit_number"": ""546B1""}, {""availability_date"": ""03/28/2026"", ""bathrooms"": ""1.0"", ""bedrooms"": ""1"", ""floor_plan_name"": ""Havencrest - Sunroom"", ""market_rent_high"": 1400, ""market_rent_low"": 1400, ""source_api_url"": ""https://reserve-at-bradbury-place-0-rentcafewebsite.securecafeapplicant.com/onlineleasing/api/floorplan/getfloorplanandavailableunits?propertyId=1282237&RequestBeforeLogin=true&isPropertyList=false"", ""source_ids"": {""property_name"": ""Reserve at Bradbury Place"", ""securecafe_apartment_id"": ""27861939"", ""securecafe_floorplan_id"": ""3544939""}, ""sqft"": ""811"", ""unit_number"": ""520A1""}]",
74519,The Jamestown,securecafe_applicant_api,archived_0731,https://thejamestownapartments.securecafeapplicant.com/onlineleasing/api/floorplan/getfloorplanandavailableunits?propertyId=955691&RequestBeforeLogin=true&isPropertyList=false,200,https://thejamestownapartments.securecafeapplicant.com/onlineleasing/api/floorplan/getfloorplanandavailableunits?propertyId=955691&RequestBeforeLogin=true&isPropertyList=false,33500,0062e045e5777a6a59db9b20eb3080ee8c935df28c586cba41793850376cb222,True,True,The Jamestown Apartments,127 Yeardley Drive,True,True,securecafe_applicant,20,0,0,0,0,"{""securecafe_applicant"": 20}",[],
218786,Cooper's Landing,securecafe_applicant_api,current_direct,https://cooperslandingapts.securecafeapplicant.com/onlineleasing/api/floorplan/getfloorplanandavailableunits?propertyId=480033&RequestBeforeLogin=true&isPropertyList=false,200,https://cooperslandingapts.securecafeapplicant.com/onlineleasing/api/floorplan/getfloorplanandavailableunits?propertyId=480033&RequestBeforeLogin=true&isPropertyList=false,169997,2fe4f6b24e6c16940f9595b614545edf1293c9c95563a70d46da673a9ee2fba0,True,True,Coopers Landing Apartments,5001 Coopers Landing Dr.,False,True,securecafe_applicant,53,29,29,0,0,"{""securecafe_applicant"": 53}","[{""availability_date"": ""10/21/2015"", ""bathrooms"": ""1.0"", ""bedrooms"": ""1"", ""floor_plan_name"": ""1 Bed, 1 Bath - 670 sq ft"", ""market_rent_high"": 1055, ""market_rent_low"": 1055, ""source_api_url"": ""https://cooperslandingapts.securecafeapplicant.com/onlineleasing/api/floorplan/getfloorplanandavailableunits?propertyId=480033&RequestBeforeLogin=true&isPropertyList=false"", ""source_ids"": {""property_name"": ""Coopers Landing Apartments"", ""securecafe_apartment_id"": ""5816377"", ""securecafe_floorplan_id"": ""2330097""}, ""sqft"": ""670"", ""unit_number"": ""WAITAPP""}, {""availability_date"": ""10/21/2015"", ""bathrooms"": ""1.0"", ""bedrooms"": ""1"", ""floor_plan_name"": ""1 Bed, 1 Bath - 670 sq ft"", ""market_rent_high"": 1075, ""market_rent_low"": 1075, ""source_api_url"": ""https://cooperslandingapts.securecafeapplicant.com/onlineleasing/api/floorplan/getfloorplanandavailableunits?propertyId=480033&RequestBeforeLogin=true&isPropertyList=false"", ""source_ids"": {""property_name"": ""Coopers Landing Apartments"", ""securecafe_apartment_id"": ""5816378"", ""securecafe_floorplan_id"": ""2330097""}, ""sqft"": ""670"", ""unit_number"": ""WAIT1BD""}, {""availability_date"": ""10/21/2015"", ""bathrooms"": ""1.0"", ""bedrooms"": ""1"", ""floor_plan_name"": ""1 Bed, 1 Bath - 670 sq ft"", ""market_rent_high"": 1055, ""market_rent_low"": 1055, ""source_api_url"": ""https://cooperslandingapts.securecafeapplicant.com/onlineleasing/api/floorplan/getfloorplanandavailableunits?propertyId=480033&RequestBeforeLogin=true&isPropertyList=false"", ""source_ids"": {""property_name"": ""Coopers Landing Apartments"", ""securecafe_apartment_id"": ""27112644"", ""securecafe_floorplan_id"": ""2330097""}, ""sqft"": ""670"", ""unit_number"": ""WAITAPP""}]",
