apartmentid,name,cluster,role,baseline_adapter,baseline_verdict,baseline_unit_count,evidence,post_fix_gate
2709,Wellington Place at Olde Town,identity_natural_id,control,generic,SUCCESS,37,"The 1,000-property run emitted 89 avoidable synthetic IDs for Mercer Park and Waterford Landings even though immutable pre-format rows contained natural apartment numbers.",Natural pre-format apartment numbers are canonical; no inferred_ or unkeyable_ ID is emitted for the two affected properties.
11130,Mercer Park,identity_natural_id,affected,generic,SUCCESS,18,"The 1,000-property run emitted 89 avoidable synthetic IDs for Mercer Park and Waterford Landings even though immutable pre-format rows contained natural apartment numbers.",Natural pre-format apartment numbers are canonical; no inferred_ or unkeyable_ ID is emitted for the two affected properties.
12727,Riverway,identity_natural_id,control,generic,SUCCESS,152,"The 1,000-property run emitted 89 avoidable synthetic IDs for Mercer Park and Waterford Landings even though immutable pre-format rows contained natural apartment numbers.",Natural pre-format apartment numbers are canonical; no inferred_ or unkeyable_ ID is emitted for the two affected properties.
241798,Waterford Landings,identity_natural_id,affected,generic,SUCCESS,71,"The 1,000-property run emitted 89 avoidable synthetic IDs for Mercer Park and Waterford Landings even though immutable pre-format rows contained natural apartment numbers.",Natural pre-format apartment numbers are canonical; no inferred_ or unkeyable_ ID is emitted for the two affected properties.
5091,Rise Broadway,entrata_parallel_roster,affected,entrata,SUCCESS,48,Eight Entrata properties emitted the same visible apartment roster from both modern-card and per-plan-card response families.,"One coherent comparable Entrata family wins, canonical IDs are unique, and the actual unit-producing response is archived."
26523,Concierge Apartments,entrata_parallel_roster,affected,entrata,SUCCESS,54,Eight Entrata properties emitted the same visible apartment roster from both modern-card and per-plan-card response families.,"One coherent comparable Entrata family wins, canonical IDs are unique, and the actual unit-producing response is archived."
29448,Manor Homes of Fox Crest,entrata_parallel_roster,affected,entrata,SUCCESS,26,Eight Entrata properties emitted the same visible apartment roster from both modern-card and per-plan-card response families.,"One coherent comparable Entrata family wins, canonical IDs are unique, and the actual unit-producing response is archived."
37065,Pointe Inverness,entrata_parallel_roster,affected,entrata,SUCCESS,4,Eight Entrata properties emitted the same visible apartment roster from both modern-card and per-plan-card response families.,"One coherent comparable Entrata family wins, canonical IDs are unique, and the actual unit-producing response is archived."
48052,Summerville Station,entrata_parallel_roster,affected,entrata,SUCCESS,16,Eight Entrata properties emitted the same visible apartment roster from both modern-card and per-plan-card response families.,"One coherent comparable Entrata family wins, canonical IDs are unique, and the actual unit-producing response is archived."
48092,Edgewater Village,entrata_parallel_roster,affected,entrata,SUCCESS,108,Eight Entrata properties emitted the same visible apartment roster from both modern-card and per-plan-card response families.,"One coherent comparable Entrata family wins, canonical IDs are unique, and the actual unit-producing response is archived."
62743,Residences at Falcon North,entrata_parallel_roster,affected,entrata,SUCCESS,48,Eight Entrata properties emitted the same visible apartment roster from both modern-card and per-plan-card response families.,"One coherent comparable Entrata family wins, canonical IDs are unique, and the actual unit-producing response is archived."
280797,Aspire,entrata_parallel_roster,affected,entrata,SUCCESS,18,Eight Entrata properties emitted the same visible apartment roster from both modern-card and per-plan-card response families.,"One coherent comparable Entrata family wins, canonical IDs are unique, and the actual unit-producing response is archived."
2709,Wellington Place at Olde Town,negative_status_date,control,generic,SUCCESS,37,Beechwood emitted capture-date availability for eight PENDING or LEASED apartments because relative Available Now text outranked status.,Negative status suppresses relative capture-date availability while explicit future dates and positive Available Now dates survive.
4170,Beechwood,negative_status_date,affected,generic,SUCCESS,36,Beechwood emitted capture-date availability for eight PENDING or LEASED apartments because relative Available Now text outranked status.,Negative status suppresses relative capture-date availability while explicit future dates and positive Available Now dates survive.
12727,Riverway,negative_status_date,control,generic,SUCCESS,152,Beechwood emitted capture-date availability for eight PENDING or LEASED apartments because relative Available Now text outranked status.,Negative status suppresses relative capture-date availability while explicit future dates and positive Available Now dates survive.
4579,Laurel Crossing,dead_entry_salvage,affected,entrata,DEAD_URL,5,Six properties were stamped DEAD_URL despite 107 priced physical units recovered from bounded sub-routes.,A dead entry URL remains terminal only when no physical inventory was recovered; recovered units reach the normal success verdict.
12566,High Point Crossing,dead_entry_salvage,affected,g5,DEAD_URL,7,Six properties were stamped DEAD_URL despite 107 priced physical units recovered from bounded sub-routes.,A dead entry URL remains terminal only when no physical inventory was recovered; recovered units reach the normal success verdict.
36168,Bennington Hills,dead_entry_salvage,affected,encoreskyline_template,DEAD_URL,3,Six properties were stamped DEAD_URL despite 107 priced physical units recovered from bounded sub-routes.,A dead entry URL remains terminal only when no physical inventory was recovered; recovered units reach the normal success verdict.
46108,Stratford Mill,dead_entry_salvage,affected,realpage_oll,DEAD_URL,68,Six properties were stamped DEAD_URL despite 107 priced physical units recovered from bounded sub-routes.,A dead entry URL remains terminal only when no physical inventory was recovered; recovered units reach the normal success verdict.
218893,Volta at Voyager I,dead_entry_salvage,affected,repli360,DEAD_URL,14,Six properties were stamped DEAD_URL despite 107 priced physical units recovered from bounded sub-routes.,A dead entry URL remains terminal only when no physical inventory was recovered; recovered units reach the normal success verdict.
226992,Forest Ridge,dead_entry_salvage,affected,knock,DEAD_URL,10,Six properties were stamped DEAD_URL despite 107 priced physical units recovered from bounded sub-routes.,A dead entry URL remains terminal only when no physical inventory was recovered; recovered units reach the normal success verdict.
1084,Black Hawk,timeout_diagnostics,affected,UNATTRIBUTED,FAILED_NO_DATA,0,"Seven timed-out properties lost final-count, canonical-identity, raw-source, or provenance diagnostics even after an extraction checkpoint existed.","Every terminal result, including a timeout, writes an extraction snapshot and retains any source/provenance evidence available before cancellation."
27165,Regatta Apartments Homes,timeout_diagnostics,affected,UNATTRIBUTED,FAILED_NO_DATA,0,"Seven timed-out properties lost final-count, canonical-identity, raw-source, or provenance diagnostics even after an extraction checkpoint existed.","Every terminal result, including a timeout, writes an extraction snapshot and retains any source/provenance evidence available before cancellation."
32097,Clemmons Trace Village,timeout_diagnostics,affected,UNATTRIBUTED,SUCCESS_PLAN_LEVEL,0,"Seven timed-out properties lost final-count, canonical-identity, raw-source, or provenance diagnostics even after an extraction checkpoint existed.","Every terminal result, including a timeout, writes an extraction snapshot and retains any source/provenance evidence available before cancellation."
52697,Clearview,timeout_diagnostics,affected,UNATTRIBUTED,FAILED_NO_DATA,0,"Seven timed-out properties lost final-count, canonical-identity, raw-source, or provenance diagnostics even after an extraction checkpoint existed.","Every terminal result, including a timeout, writes an extraction snapshot and retains any source/provenance evidence available before cancellation."
70238,Grace Apartments,timeout_diagnostics,affected,UNATTRIBUTED,SUCCESS_PLAN_LEVEL,0,"Seven timed-out properties lost final-count, canonical-identity, raw-source, or provenance diagnostics even after an extraction checkpoint existed.","Every terminal result, including a timeout, writes an extraction snapshot and retains any source/provenance evidence available before cancellation."
272772,Hawkeye Village,timeout_diagnostics,affected,UNATTRIBUTED,FAILED_NO_DATA,0,"Seven timed-out properties lost final-count, canonical-identity, raw-source, or provenance diagnostics even after an extraction checkpoint existed.","Every terminal result, including a timeout, writes an extraction snapshot and retains any source/provenance evidence available before cancellation."
274909,The Sinclair II,timeout_diagnostics,affected,UNATTRIBUTED,FAILED_NO_DATA,0,"Seven timed-out properties lost final-count, canonical-identity, raw-source, or provenance diagnostics even after an extraction checkpoint existed.","Every terminal result, including a timeout, writes an extraction snapshot and retains any source/provenance evidence available before cancellation."
14943,Estates at Eagle's Pointe,managebuilding_archive,control,NOT_IN_1000_RUN,NOT_IN_1000_RUN,,Town Center emitted 17 unit lineage hashes without archiving the actual ManageBuilding response; the two controls guard property-bound routing.,"Actual public rental-index bytes and lineage are archived, and neither control admits Town Center or sibling-community inventory."
74528,Grand Oaks,managebuilding_archive,control,NOT_IN_1000_RUN,NOT_IN_1000_RUN,,Town Center emitted 17 unit lineage hashes without archiving the actual ManageBuilding response; the two controls guard property-bound routing.,"Actual public rental-index bytes and lineage are archived, and neither control admits Town Center or sibling-community inventory."
280355,Town Center Apartments,managebuilding_archive,affected,squarespace_nopms,SUCCESS,17,Town Center emitted 17 unit lineage hashes without archiving the actual ManageBuilding response; the two controls guard property-bound routing.,"Actual public rental-index bytes and lineage are archived, and neither control admits Town Center or sibling-community inventory."
