category,property_id,source_row_id,source_semantic,source_raw_availability,source_normalized_availability_date,adapter_row_present,adapter_availability_key,adapter_availability_value,jugnu_available_date,jugnu_availability_date_provenance,explicit_future_preserved_by_jugnu,jugnu_trace_error,source_evidence_url
REALPAGE_OLL,2114,10,historical_embedded,2026-04-08 00:00 -0500,2026-04-08,true,availability_date,2026-04-08,2026-04-08,historical_embedded,false,,https://api.ws.realpage.com/v2/property/8175735/units?available=true&honordisplayorder=true
REALPAGE_OLL,2114,08,historical_embedded,2026-04-02 00:00 -0500,2026-04-02,true,availability_date,2026-04-02,2026-04-02,historical_embedded,false,,https://api.ws.realpage.com/v2/property/8175735/units?available=true&honordisplayorder=true
REALPAGE_OLL,2114,10,historical_embedded,2026-05-30 00:00 -0500,2026-05-30,true,availability_date,2026-05-30,2026-05-30,historical_embedded,false,,https://api.ws.realpage.com/v2/property/8175735/units?available=true&honordisplayorder=true
REALPAGE_OLL,2114,05,historical_embedded,2026-06-13 00:00 -0500,2026-06-13,true,availability_date,2026-06-13,2026-06-13,historical_embedded,false,,https://api.ws.realpage.com/v2/property/8175735/units?available=true&honordisplayorder=true
REALPAGE_OLL,2114,06,historical_embedded,2026-06-19 00:00 -0500,2026-06-19,true,availability_date,2026-06-19,2026-06-19,historical_embedded,false,,https://api.ws.realpage.com/v2/property/8175735/units?available=true&honordisplayorder=true
REALPAGE_OLL,2114,2,historical_embedded,2026-06-17 00:00 -0500,2026-06-17,true,availability_date,2026-06-17,2026-06-17,historical_embedded,false,,https://api.ws.realpage.com/v2/property/8175735/units?available=true&honordisplayorder=true
REALPAGE_OLL,2114,03,historical_embedded,2026-07-14 00:00 -0500,2026-07-14,true,availability_date,2026-07-14,2026-07-14,historical_embedded,false,,https://api.ws.realpage.com/v2/property/8175735/units?available=true&honordisplayorder=true
REALPAGE_OLL,2114,1,historical_embedded,2026-06-23 00:00 -0500,2026-06-23,true,availability_date,2026-06-23,2026-06-23,historical_embedded,false,,https://api.ws.realpage.com/v2/property/8175735/units?available=true&honordisplayorder=true
REALPAGE_OLL,2114,06,historical_embedded,2026-07-25 00:00 -0500,2026-07-25,true,availability_date,2026-07-25,2026-07-25,historical_embedded,false,,https://api.ws.realpage.com/v2/property/8175735/units?available=true&honordisplayorder=true
REALPAGE_OLL,2114,6,historical_embedded,2026-07-04 00:00 -0500,2026-07-04,true,availability_date,2026-07-04,2026-07-04,historical_embedded,false,,https://api.ws.realpage.com/v2/property/8175735/units?available=true&honordisplayorder=true
REALPAGE_OLL,2114,04,historical_embedded,2026-05-14 00:00 -0500,2026-05-14,true,availability_date,2026-05-14,2026-05-14,historical_embedded,false,,https://api.ws.realpage.com/v2/property/8175735/units?available=true&honordisplayorder=true
REALPAGE_OLL,2114,02,historical_embedded,2026-07-14 00:00 -0500,2026-07-14,true,availability_date,2026-07-14,2026-07-14,historical_embedded,false,,https://api.ws.realpage.com/v2/property/8175735/units?available=true&honordisplayorder=true
REALPAGE_OLL,2114,5,historical_embedded,2026-07-18 00:00 -0500,2026-07-18,true,availability_date,2026-07-18,2026-07-18,historical_embedded,false,,https://api.ws.realpage.com/v2/property/8175735/units?available=true&honordisplayorder=true
REALPAGE_OLL,2114,06,historical_embedded,2026-07-06 00:00 -0500,2026-07-06,true,availability_date,2026-07-06,2026-07-06,historical_embedded,false,,https://api.ws.realpage.com/v2/property/8175735/units?available=true&honordisplayorder=true
REALPAGE_OLL,2114,01,historical_embedded,2026-07-21 00:00 -0500,2026-07-21,true,availability_date,2026-07-21,2026-07-21,historical_embedded,false,,https://api.ws.realpage.com/v2/property/8175735/units?available=true&honordisplayorder=true
REALPAGE_OLL,2114,08,explicit_future,2026-08-15 00:00 -0500,2026-08-15,true,availability_date,2026-08-15,2026-08-15,explicit_future,true,,https://api.ws.realpage.com/v2/property/8175735/units?available=true&honordisplayorder=true
REALPAGE_OLL,2114,11,explicit_future,2026-08-15 00:00 -0500,2026-08-15,true,availability_date,2026-08-15,2026-08-15,explicit_future,true,,https://api.ws.realpage.com/v2/property/8175735/units?available=true&honordisplayorder=true
REALPAGE_OLL,263789,2113,historical_embedded,2026-07-17 00:00 -0500,2026-07-17,true,availability_date,2026-07-17,2026-07-17,historical_embedded,false,,https://api.ws.realpage.com/v2/property/8648527/units?available=true&honordisplayorder=true
REALPAGE_OLL,263789,438,historical_embedded,2026-07-17 00:00 -0500,2026-07-17,true,availability_date,2026-07-17,2026-07-17,historical_embedded,false,,https://api.ws.realpage.com/v2/property/8648527/units?available=true&honordisplayorder=true
REALPAGE_OLL,263789,133,historical_embedded,2026-07-07 00:00 -0500,2026-07-07,true,availability_date,2026-07-07,2026-07-07,historical_embedded,false,,https://api.ws.realpage.com/v2/property/8648527/units?available=true&honordisplayorder=true
REALPAGE_OLL,263789,439,historical_embedded,2026-07-28 00:00 -0500,2026-07-28,true,availability_date,2026-07-28,2026-07-28,historical_embedded,false,,https://api.ws.realpage.com/v2/property/8648527/units?available=true&honordisplayorder=true
REALPAGE_OLL,263789,239,historical_embedded,2026-07-31 00:00 -0500,2026-07-31,true,availability_date,2026-07-31,2026-07-31,historical_embedded,false,,https://api.ws.realpage.com/v2/property/8648527/units?available=true&honordisplayorder=true
REALPAGE_OLL,263789,117,explicit_capture_date,2026-08-01 00:00 -0500,2026-08-01,true,availability_date,2026-08-01,2026-08-01,explicit_capture_date,false,,https://api.ws.realpage.com/v2/property/8648527/units?available=true&honordisplayorder=true
REALPAGE_OLL,263789,424,explicit_future,2026-08-04 00:00 -0500,2026-08-04,true,availability_date,2026-08-04,2026-08-04,explicit_future,true,,https://api.ws.realpage.com/v2/property/8648527/units?available=true&honordisplayorder=true
REALPAGE_OLL,263789,121,explicit_future,2026-08-04 00:00 -0500,2026-08-04,true,availability_date,2026-08-04,2026-08-04,explicit_future,true,,https://api.ws.realpage.com/v2/property/8648527/units?available=true&honordisplayorder=true
REALPAGE_OLL,263789,131,explicit_future,2026-08-09 00:00 -0500,2026-08-09,true,availability_date,2026-08-09,2026-08-09,explicit_future,true,,https://api.ws.realpage.com/v2/property/8648527/units?available=true&honordisplayorder=true
REALPAGE_OLL,263789,2213,explicit_future,2026-08-11 00:00 -0500,2026-08-11,true,availability_date,2026-08-11,2026-08-11,explicit_future,true,,https://api.ws.realpage.com/v2/property/8648527/units?available=true&honordisplayorder=true
REALPAGE_OLL,263789,4310,explicit_future,2026-08-18 00:00 -0500,2026-08-18,true,availability_date,2026-08-18,2026-08-18,explicit_future,true,,https://api.ws.realpage.com/v2/property/8648527/units?available=true&honordisplayorder=true
REALPAGE_OLL,263789,327,explicit_future,2026-08-25 00:00 -0500,2026-08-25,true,availability_date,2026-08-25,2026-08-25,explicit_future,true,,https://api.ws.realpage.com/v2/property/8648527/units?available=true&honordisplayorder=true
REALPAGE_OLL,263789,311,explicit_future,2026-09-01 00:00 -0500,2026-09-01,true,availability_date,2026-09-01,2026-09-01,explicit_future,true,,https://api.ws.realpage.com/v2/property/8648527/units?available=true&honordisplayorder=true
REALPAGE_OLL,263789,129,explicit_future,2026-09-22 00:00 -0500,2026-09-22,true,availability_date,2026-09-22,2026-09-22,explicit_future,true,,https://api.ws.realpage.com/v2/property/8648527/units?available=true&honordisplayorder=true
REALPAGE_OLL,263789,128,explicit_future,2026-09-22 00:00 -0500,2026-09-22,true,availability_date,2026-09-22,2026-09-22,explicit_future,true,,https://api.ws.realpage.com/v2/property/8648527/units?available=true&honordisplayorder=true
REALPAGE_OLL,263789,419,explicit_future,2026-09-22 00:00 -0500,2026-09-22,true,availability_date,2026-09-22,2026-09-22,explicit_future,true,,https://api.ws.realpage.com/v2/property/8648527/units?available=true&honordisplayorder=true
REALPAGE_OLL,263789,334,explicit_future,2026-09-24 00:00 -0500,2026-09-24,true,availability_date,2026-09-24,2026-09-24,explicit_future,true,,https://api.ws.realpage.com/v2/property/8648527/units?available=true&honordisplayorder=true
REALPAGE_OLL,263789,227,explicit_future,2026-10-01 00:00 -0500,2026-10-01,true,availability_date,2026-10-01,2026-10-01,explicit_future,true,,https://api.ws.realpage.com/v2/property/8648527/units?available=true&honordisplayorder=true
REALPAGE_OLL,263789,134,explicit_future,2026-10-01 00:00 -0500,2026-10-01,true,availability_date,2026-10-01,2026-10-01,explicit_future,true,,https://api.ws.realpage.com/v2/property/8648527/units?available=true&honordisplayorder=true
REALPAGE_OLL,263081,2102,historical_embedded,2025-07-21 00:00 -0500,2025-07-21,true,availability_date,2025-07-21,2025-07-21,historical_embedded,false,,https://api.ws.realpage.com/v2/property/8420144/units?available=true&honordisplayorder=true
REALPAGE_OLL,263081,1227,historical_embedded,2025-11-26 00:00 -0600,2025-11-26,true,availability_date,2025-11-26,2025-11-26,historical_embedded,false,,https://api.ws.realpage.com/v2/property/8420144/units?available=true&honordisplayorder=true
REALPAGE_OLL,263081,3310,historical_embedded,2026-03-09 00:00 -0500,2026-03-09,true,availability_date,2026-03-09,2026-03-09,historical_embedded,false,,https://api.ws.realpage.com/v2/property/8420144/units?available=true&honordisplayorder=true
REALPAGE_OLL,263081,2200,historical_embedded,2026-01-23 00:00 -0600,2026-01-23,true,availability_date,2026-01-23,2026-01-23,historical_embedded,false,,https://api.ws.realpage.com/v2/property/8420144/units?available=true&honordisplayorder=true
REALPAGE_OLL,263081,3202,historical_embedded,2026-01-23 00:00 -0600,2026-01-23,true,availability_date,2026-01-23,2026-01-23,historical_embedded,false,,https://api.ws.realpage.com/v2/property/8420144/units?available=true&honordisplayorder=true
REALPAGE_OLL,263081,5202,historical_embedded,2026-05-09 00:00 -0500,2026-05-09,true,availability_date,2026-05-09,2026-05-09,historical_embedded,false,,https://api.ws.realpage.com/v2/property/8420144/units?available=true&honordisplayorder=true
REALPAGE_OLL,263081,3303,historical_embedded,2026-05-15 00:00 -0500,2026-05-15,true,availability_date,2026-05-15,2026-05-15,historical_embedded,false,,https://api.ws.realpage.com/v2/property/8420144/units?available=true&honordisplayorder=true
REALPAGE_OLL,263081,1220,historical_embedded,2026-06-02 00:00 -0500,2026-06-02,true,availability_date,2026-06-02,2026-06-02,historical_embedded,false,,https://api.ws.realpage.com/v2/property/8420144/units?available=true&honordisplayorder=true
REALPAGE_OLL,263081,1232,historical_embedded,2026-06-13 00:00 -0500,2026-06-13,true,availability_date,2026-06-13,2026-06-13,historical_embedded,false,,https://api.ws.realpage.com/v2/property/8420144/units?available=true&honordisplayorder=true
REALPAGE_OLL,263081,1301,historical_embedded,2026-06-16 00:00 -0500,2026-06-16,true,availability_date,2026-06-16,2026-06-16,historical_embedded,false,,https://api.ws.realpage.com/v2/property/8420144/units?available=true&honordisplayorder=true
REALPAGE_OLL,263081,1321,historical_embedded,2026-06-20 00:00 -0500,2026-06-20,true,availability_date,2026-06-20,2026-06-20,historical_embedded,false,,https://api.ws.realpage.com/v2/property/8420144/units?available=true&honordisplayorder=true
REALPAGE_OLL,263081,2305,historical_embedded,2026-06-23 00:00 -0500,2026-06-23,true,availability_date,2026-06-23,2026-06-23,historical_embedded,false,,https://api.ws.realpage.com/v2/property/8420144/units?available=true&honordisplayorder=true
REALPAGE_OLL,263081,7305,historical_embedded,2026-06-20 00:00 -0500,2026-06-20,true,availability_date,2026-06-20,2026-06-20,historical_embedded,false,,https://api.ws.realpage.com/v2/property/8420144/units?available=true&honordisplayorder=true
REALPAGE_OLL,263081,3225,historical_embedded,2026-06-02 00:00 -0500,2026-06-02,true,availability_date,2026-06-02,2026-06-02,historical_embedded,false,,https://api.ws.realpage.com/v2/property/8420144/units?available=true&honordisplayorder=true
REALPAGE_OLL,263081,7308,historical_embedded,2026-06-27 00:00 -0500,2026-06-27,true,availability_date,2026-06-27,2026-06-27,historical_embedded,false,,https://api.ws.realpage.com/v2/property/8420144/units?available=true&honordisplayorder=true
REALPAGE_OLL,263081,1305,historical_embedded,2026-06-27 00:00 -0500,2026-06-27,true,availability_date,2026-06-27,2026-06-27,historical_embedded,false,,https://api.ws.realpage.com/v2/property/8420144/units?available=true&honordisplayorder=true
REALPAGE_OLL,263081,1122,historical_embedded,2026-06-28 00:00 -0500,2026-06-28,true,availability_date,2026-06-28,2026-06-28,historical_embedded,false,,https://api.ws.realpage.com/v2/property/8420144/units?available=true&honordisplayorder=true
REALPAGE_OLL,263081,7102,historical_embedded,2026-07-01 00:00 -0500,2026-07-01,true,availability_date,2026-07-01,2026-07-01,historical_embedded,false,,https://api.ws.realpage.com/v2/property/8420144/units?available=true&honordisplayorder=true
REALPAGE_OLL,263081,4208,historical_embedded,2026-06-28 00:00 -0500,2026-06-28,true,availability_date,2026-06-28,2026-06-28,historical_embedded,false,,https://api.ws.realpage.com/v2/property/8420144/units?available=true&honordisplayorder=true
REALPAGE_OLL,263081,4107,historical_embedded,2026-07-11 00:00 -0500,2026-07-11,true,availability_date,2026-07-11,2026-07-11,historical_embedded,false,,https://api.ws.realpage.com/v2/property/8420144/units?available=true&honordisplayorder=true
REALPAGE_OLL,263081,1117,historical_embedded,2026-07-29 00:00 -0500,2026-07-29,true,availability_date,2026-07-29,2026-07-29,historical_embedded,false,,https://api.ws.realpage.com/v2/property/8420144/units?available=true&honordisplayorder=true
REALPAGE_OLL,263081,1208,historical_embedded,2026-07-29 00:00 -0500,2026-07-29,true,availability_date,2026-07-29,2026-07-29,historical_embedded,false,,https://api.ws.realpage.com/v2/property/8420144/units?available=true&honordisplayorder=true
REALPAGE_OLL,263081,1221,explicit_capture_date,2026-08-01 00:00 -0500,2026-08-01,true,availability_date,2026-08-01,2026-08-01,explicit_capture_date,false,,https://api.ws.realpage.com/v2/property/8420144/units?available=true&honordisplayorder=true
REALPAGE_OLL,263081,7205,historical_embedded,2026-07-22 00:00 -0500,2026-07-22,true,availability_date,2026-07-22,2026-07-22,historical_embedded,false,,https://api.ws.realpage.com/v2/property/8420144/units?available=true&honordisplayorder=true
REALPAGE_OLL,263081,3103,explicit_future,2026-08-04 00:00 -0500,2026-08-04,true,availability_date,2026-08-04,2026-08-04,explicit_future,true,,https://api.ws.realpage.com/v2/property/8420144/units?available=true&honordisplayorder=true
REALPAGE_OLL,263081,3210,explicit_future,2026-08-04 00:00 -0500,2026-08-04,true,availability_date,2026-08-04,2026-08-04,explicit_future,true,,https://api.ws.realpage.com/v2/property/8420144/units?available=true&honordisplayorder=true
REALPAGE_OLL,263081,7209,explicit_future,2026-08-04 00:00 -0500,2026-08-04,true,availability_date,2026-08-04,2026-08-04,explicit_future,true,,https://api.ws.realpage.com/v2/property/8420144/units?available=true&honordisplayorder=true
REALPAGE_OLL,263081,3301,explicit_future,2026-08-07 00:00 -0500,2026-08-07,true,availability_date,2026-08-07,2026-08-07,explicit_future,true,,https://api.ws.realpage.com/v2/property/8420144/units?available=true&honordisplayorder=true
REALPAGE_OLL,263081,2108,explicit_future,2026-08-08 00:00 -0500,2026-08-08,true,availability_date,2026-08-08,2026-08-08,explicit_future,true,,https://api.ws.realpage.com/v2/property/8420144/units?available=true&honordisplayorder=true
ENTRATA_API,257301,card-1,unavailable,Get Notified,,true,,,,missing,false,,https://www.sonalofts.com/west-allis/sona-lofts/conventional/
ENTRATA_API,257301,card-2,unavailable,Get Notified,,true,,,,missing,false,,https://www.sonalofts.com/west-allis/sona-lofts/conventional/
ENTRATA_API,257301,card-3,unavailable,Get Notified,,true,,,,missing,false,,https://www.sonalofts.com/west-allis/sona-lofts/conventional/
ENTRATA_API,257301,card-4,unavailable,Get Notified,,true,,,,missing,false,,https://www.sonalofts.com/west-allis/sona-lofts/conventional/
ENTRATA_API,257301,card-5,unavailable,Get Notified,,true,,,,missing,false,,https://www.sonalofts.com/west-allis/sona-lofts/conventional/
ENTRATA_API,257301,card-6,unavailable,Get Notified,,true,,,,missing,false,,https://www.sonalofts.com/west-allis/sona-lofts/conventional/
ENTRATA_API,257301,card-7,unavailable,Get Notified,,true,,,,missing,false,,https://www.sonalofts.com/west-allis/sona-lofts/conventional/
ENTRATA_API,257301,card-8,explicit_future,"Available Sep 17, 2026",2026-09-17,true,available_date,"Sep 17, 2026",2026-09-17,explicit_future,true,,https://www.sonalofts.com/west-allis/sona-lofts/conventional/
ENTRATA_API,257301,card-9,unavailable,Get Notified,,true,,,,missing,false,,https://www.sonalofts.com/west-allis/sona-lofts/conventional/
ENTRATA_API,257301,card-10,unavailable,Get Notified,,true,,,,missing,false,,https://www.sonalofts.com/west-allis/sona-lofts/conventional/
ENTRATA_API,257301,card-11,unavailable,Get Notified,,true,,,,missing,false,,https://www.sonalofts.com/west-allis/sona-lofts/conventional/
ENTRATA_API,257301,card-12,unavailable,Get Notified,,true,,,,missing,false,,https://www.sonalofts.com/west-allis/sona-lofts/conventional/
ENTRATA_API,257301,card-13,unavailable,Get Notified,,true,,,,missing,false,,https://www.sonalofts.com/west-allis/sona-lofts/conventional/
ENTRATA_API,257301,card-14,unavailable,Get Notified,,true,,,,missing,false,,https://www.sonalofts.com/west-allis/sona-lofts/conventional/
ENTRATA_API,257301,card-15,unavailable,Get Notified,,true,,,,missing,false,,https://www.sonalofts.com/west-allis/sona-lofts/conventional/
ENTRATA_API,257301,card-16,unavailable,Get Notified,,true,,,,missing,false,,https://www.sonalofts.com/west-allis/sona-lofts/conventional/
ENTRATA_API,293343,card-1,unavailable,Not Available - Get Notified,,true,,,,missing,false,,https://www.nordenrange.com/oconomowoc/norden-range-apartments/conventional/
ENTRATA_API,293343,card-2,unavailable,Not Available - Get Notified,,true,,,,missing,false,,https://www.nordenrange.com/oconomowoc/norden-range-apartments/conventional/
ENTRATA_API,293343,card-3,unavailable,Not Available - Get Notified,,true,,,,missing,false,,https://www.nordenrange.com/oconomowoc/norden-range-apartments/conventional/
ENTRATA_API,293343,card-4,unavailable,Not Available - Get Notified,,true,,,,missing,false,,https://www.nordenrange.com/oconomowoc/norden-range-apartments/conventional/
ENTRATA_API,293343,card-5,unavailable,Not Available - Get Notified,,true,,,,missing,false,,https://www.nordenrange.com/oconomowoc/norden-range-apartments/conventional/
ENTRATA_API,293343,card-6,unavailable,Not Available - Get Notified,,true,,,,missing,false,,https://www.nordenrange.com/oconomowoc/norden-range-apartments/conventional/
ENTRATA_API,293343,card-7,unavailable,Not Available - Get Notified,,true,,,,missing,false,,https://www.nordenrange.com/oconomowoc/norden-range-apartments/conventional/
ENTRATA_API,293343,card-8,unavailable,Not Available - Get Notified,,true,,,,missing,false,,https://www.nordenrange.com/oconomowoc/norden-range-apartments/conventional/
ENTRATA_API,293343,card-9,unavailable,Not Available - Get Notified,,true,,,,missing,false,,https://www.nordenrange.com/oconomowoc/norden-range-apartments/conventional/
ENTRATA_API,293343,card-10,explicit_future,"Available Aug 17, 2026",2026-08-17,true,available_date,"Aug 17, 2026",2026-08-17,explicit_future,true,,https://www.nordenrange.com/oconomowoc/norden-range-apartments/conventional/
ENTRATA_API,293343,card-11,explicit_future,"Available Aug 24, 2026",2026-08-24,true,available_date,"Aug 24, 2026",2026-08-24,explicit_future,true,,https://www.nordenrange.com/oconomowoc/norden-range-apartments/conventional/
ENTRATA_API,293343,card-12,available_state_no_date,Only 1 Unit Available!,,true,,,2026-08-01,capture_date_default,false,,https://www.nordenrange.com/oconomowoc/norden-range-apartments/conventional/
ENTRATA_API,293343,card-13,unavailable,Not Available - Get Notified,,true,,,,missing,false,,https://www.nordenrange.com/oconomowoc/norden-range-apartments/conventional/
ENTRATA_API,293343,card-14,unavailable,Not Available - Get Notified,,true,,,,missing,false,,https://www.nordenrange.com/oconomowoc/norden-range-apartments/conventional/
ENTRATA_API,293343,card-15,available_state_no_date,Only 1 Unit Available!,,true,,,2026-08-01,capture_date_default,false,,https://www.nordenrange.com/oconomowoc/norden-range-apartments/conventional/
ENTRATA_API,293343,card-16,unavailable,Not Available - Get Notified,,true,,,,missing,false,,https://www.nordenrange.com/oconomowoc/norden-range-apartments/conventional/
ENTRATA_API,293343,card-17,available_state_no_date,Only 1 Unit Available!,,true,,,2026-08-01,capture_date_default,false,,https://www.nordenrange.com/oconomowoc/norden-range-apartments/conventional/
ENTRATA_API,293343,card-18,available_state_no_date,Only 1 Unit Available!,,true,,,2026-08-01,capture_date_default,false,,https://www.nordenrange.com/oconomowoc/norden-range-apartments/conventional/
ENTRATA_API,293343,card-19,unavailable,Not Available - Get Notified,,true,,,,missing,false,,https://www.nordenrange.com/oconomowoc/norden-range-apartments/conventional/
ENTRATA_API,293343,card-20,explicit_future,"Available Aug 22, 2026",2026-08-22,true,available_date,"Aug 22, 2026",2026-08-22,explicit_future,true,,https://www.nordenrange.com/oconomowoc/norden-range-apartments/conventional/
ENTRATA_API,293343,card-21,unavailable,Not Available - Get Notified,,true,,,,missing,false,,https://www.nordenrange.com/oconomowoc/norden-range-apartments/conventional/
ENTRATA_API,67722,card-1,available_state_no_date,Only 1 Unit Available!,,true,,,2026-08-01,capture_date_default,false,,https://www.thenorthendapartments.com/milwaukee/north-end-phase-i-llc/conventional/
ENTRATA_API,67722,card-2,source_blank,,,true,,,,missing,false,,https://www.thenorthendapartments.com/milwaukee/north-end-phase-i-llc/conventional/
ENTRATA_API,67722,card-3,source_blank,,,true,,,,missing,false,,https://www.thenorthendapartments.com/milwaukee/north-end-phase-i-llc/conventional/
ENTRATA_API,67722,card-4,source_blank,,,true,,,,missing,false,,https://www.thenorthendapartments.com/milwaukee/north-end-phase-i-llc/conventional/
ENTRATA_API,67722,card-5,source_blank,,,true,,,,missing,false,,https://www.thenorthendapartments.com/milwaukee/north-end-phase-i-llc/conventional/
ENTRATA_API,67722,card-6,explicit_future,"Available Sep 04, 2026",2026-09-04,true,available_date,"Sep 04, 2026",2026-09-04,explicit_future,true,,https://www.thenorthendapartments.com/milwaukee/north-end-phase-i-llc/conventional/
ENTRATA_API,67722,card-7,source_blank,,,true,,,,missing,false,,https://www.thenorthendapartments.com/milwaukee/north-end-phase-i-llc/conventional/
ENTRATA_API,67722,card-8,explicit_future,"Available Oct 09, 2026",2026-10-09,true,available_date,"Oct 09, 2026",2026-10-09,explicit_future,true,,https://www.thenorthendapartments.com/milwaukee/north-end-phase-i-llc/conventional/
ENTRATA_API,67722,card-9,explicit_future,"Available Aug 12, 2026",2026-08-12,true,available_date,"Aug 12, 2026",2026-08-12,explicit_future,true,,https://www.thenorthendapartments.com/milwaukee/north-end-phase-i-llc/conventional/
ENTRATA_API,67722,card-10,source_blank,,,true,,,,missing,false,,https://www.thenorthendapartments.com/milwaukee/north-end-phase-i-llc/conventional/
ENTRATA_API,67722,card-11,explicit_future,"Available Aug 29, 2026",2026-08-29,true,available_date,"Aug 29, 2026",2026-08-29,explicit_future,true,,https://www.thenorthendapartments.com/milwaukee/north-end-phase-i-llc/conventional/
ENTRATA_API,67722,card-12,source_blank,,,true,,,,missing,false,,https://www.thenorthendapartments.com/milwaukee/north-end-phase-i-llc/conventional/
ENTRATA_API,67722,card-13,explicit_future,"Available Sep 12, 2026",2026-09-12,true,available_date,"Sep 12, 2026",2026-09-12,explicit_future,true,,https://www.thenorthendapartments.com/milwaukee/north-end-phase-i-llc/conventional/
ENTRATA_API,67722,card-14,explicit_future,"Available Aug 26, 2026",2026-08-26,true,available_date,"Aug 26, 2026",2026-08-26,explicit_future,true,,https://www.thenorthendapartments.com/milwaukee/north-end-phase-i-llc/conventional/
ENTRATA_API,67722,card-15,source_blank,,,true,,,,missing,false,,https://www.thenorthendapartments.com/milwaukee/north-end-phase-i-llc/conventional/
ENTRATA_API,67722,card-16,source_blank,,,true,,,,missing,false,,https://www.thenorthendapartments.com/milwaukee/north-end-phase-i-llc/conventional/
ENTRATA_API,67722,card-17,source_blank,,,true,,,,missing,false,,https://www.thenorthendapartments.com/milwaukee/north-end-phase-i-llc/conventional/
ENTRATA_API,67722,card-18,source_blank,,,true,,,,missing,false,,https://www.thenorthendapartments.com/milwaukee/north-end-phase-i-llc/conventional/
ENTRATA_API,67722,card-19,source_blank,,,true,,,,missing,false,,https://www.thenorthendapartments.com/milwaukee/north-end-phase-i-llc/conventional/
ENTRATA_API,67722,card-20,explicit_future,"Available Aug 30, 2026",2026-08-30,true,available_date,"Aug 30, 2026",2026-08-30,explicit_future,true,,https://www.thenorthendapartments.com/milwaukee/north-end-phase-i-llc/conventional/
ENTRATA_API,67722,card-21,explicit_future,"Available Aug 12, 2026",2026-08-12,true,available_date,"Aug 12, 2026",2026-08-12,explicit_future,true,,https://www.thenorthendapartments.com/milwaukee/north-end-phase-i-llc/conventional/
ENTRATA_API,67722,card-22,explicit_future,"Available Aug 08, 2026",2026-08-08,true,available_date,"Aug 08, 2026",2026-08-08,explicit_future,true,,https://www.thenorthendapartments.com/milwaukee/north-end-phase-i-llc/conventional/
ENTRATA_API,67722,card-23,source_blank,,,true,,,,missing,false,,https://www.thenorthendapartments.com/milwaukee/north-end-phase-i-llc/conventional/
ENTRATA_API,67722,card-24,source_blank,,,true,,,,missing,false,,https://www.thenorthendapartments.com/milwaukee/north-end-phase-i-llc/conventional/
ENTRATA_API,67722,card-25,source_blank,,,false,,,,,false,,https://www.thenorthendapartments.com/milwaukee/north-end-phase-i-llc/conventional/
ENTRATA_API,67722,card-26,source_blank,,,true,,,,missing,false,,https://www.thenorthendapartments.com/milwaukee/north-end-phase-i-llc/conventional/
ENTRATA_API,67722,card-27,available_state_no_date,Only 1 Unit Available!,,true,,,2026-08-01,capture_date_default,false,,https://www.thenorthendapartments.com/milwaukee/north-end-phase-i-llc/conventional/
ENTRATA_API,67722,card-28,source_blank,,,true,,,,missing,false,,https://www.thenorthendapartments.com/milwaukee/north-end-phase-i-llc/conventional/
ENTRATA_API,67722,card-29,source_blank,,,true,,,,missing,false,,https://www.thenorthendapartments.com/milwaukee/north-end-phase-i-llc/conventional/
ENTRATA_API,67722,card-30,source_blank,,,true,,,,missing,false,,https://www.thenorthendapartments.com/milwaukee/north-end-phase-i-llc/conventional/
ENTRATA_API,67722,card-31,explicit_future,"Available Oct 17, 2026",2026-10-17,true,available_date,"Oct 17, 2026",2026-10-17,explicit_future,true,,https://www.thenorthendapartments.com/milwaukee/north-end-phase-i-llc/conventional/
ENTRATA_API,67722,card-32,available_state_no_date,Only 1 Unit Available!,,true,,,2026-08-01,capture_date_default,false,,https://www.thenorthendapartments.com/milwaukee/north-end-phase-i-llc/conventional/
ENTRATA_API,67722,card-33,source_blank,,,true,,,,missing,false,,https://www.thenorthendapartments.com/milwaukee/north-end-phase-i-llc/conventional/
ENTRATA_API,67722,card-34,source_blank,,,true,,,,missing,false,,https://www.thenorthendapartments.com/milwaukee/north-end-phase-i-llc/conventional/
ENTRATA_API,67722,card-35,source_blank,,,true,,,,missing,false,,https://www.thenorthendapartments.com/milwaukee/north-end-phase-i-llc/conventional/
ENTRATA_API,67722,card-36,explicit_future,"Available Oct 08, 2026",2026-10-08,true,available_date,"Oct 08, 2026",2026-10-08,explicit_future,true,,https://www.thenorthendapartments.com/milwaukee/north-end-phase-i-llc/conventional/
ENTRATA_API,67722,card-37,source_blank,,,true,,,,missing,false,,https://www.thenorthendapartments.com/milwaukee/north-end-phase-i-llc/conventional/
ENTRATA_API,67722,card-38,available_state_no_date,Only 1 Unit Available!,,true,,,2026-08-01,capture_date_default,false,,https://www.thenorthendapartments.com/milwaukee/north-end-phase-i-llc/conventional/
ENTRATA_API,67722,card-39,source_blank,,,true,,,,missing,false,,https://www.thenorthendapartments.com/milwaukee/north-end-phase-i-llc/conventional/
ENTRATA_API,67722,card-40,explicit_future,"Available Sep 17, 2026",2026-09-17,true,available_date,"Sep 17, 2026",2026-09-17,explicit_future,true,,https://www.thenorthendapartments.com/milwaukee/north-end-phase-i-llc/conventional/
ENTRATA_API,67722,card-41,source_blank,,,true,,,,missing,false,,https://www.thenorthendapartments.com/milwaukee/north-end-phase-i-llc/conventional/
ENTRATA_API,67722,card-42,source_blank,,,true,,,,missing,false,,https://www.thenorthendapartments.com/milwaukee/north-end-phase-i-llc/conventional/
ENTRATA_API,67722,card-43,source_blank,,,true,,,,missing,false,,https://www.thenorthendapartments.com/milwaukee/north-end-phase-i-llc/conventional/
ENTRATA_API,67722,card-44,source_blank,,,true,,,,missing,false,,https://www.thenorthendapartments.com/milwaukee/north-end-phase-i-llc/conventional/
ENTRATA_API,67722,card-45,source_blank,,,true,,,,missing,false,,https://www.thenorthendapartments.com/milwaukee/north-end-phase-i-llc/conventional/
ENTRATA_API,67722,card-46,source_blank,,,true,,,,missing,false,,https://www.thenorthendapartments.com/milwaukee/north-end-phase-i-llc/conventional/
ENTRATA_API,67722,card-47,source_blank,,,true,,,,missing,false,,https://www.thenorthendapartments.com/milwaukee/north-end-phase-i-llc/conventional/
ENTRATA_API,67722,card-48,source_blank,,,true,,,,missing,false,,https://www.thenorthendapartments.com/milwaukee/north-end-phase-i-llc/conventional/
ENTRATA_API,67722,card-49,source_blank,,,true,,,,missing,false,,https://www.thenorthendapartments.com/milwaukee/north-end-phase-i-llc/conventional/
ENTRATA_API,67722,card-50,source_blank,,,true,,,,missing,false,,https://www.thenorthendapartments.com/milwaukee/north-end-phase-i-llc/conventional/
ENTRATA_API,67722,card-51,source_blank,,,true,,,,missing,false,,https://www.thenorthendapartments.com/milwaukee/north-end-phase-i-llc/conventional/
ENTRATA_API,67722,card-52,explicit_future,"Available Aug 07, 2026",2026-08-07,true,available_date,"Aug 07, 2026",2026-08-07,explicit_future,true,,https://www.thenorthendapartments.com/milwaukee/north-end-phase-i-llc/conventional/
ENTRATA_API,67722,card-53,explicit_future,"Available Oct 10, 2026",2026-10-10,true,available_date,"Oct 10, 2026",2026-10-10,explicit_future,true,,https://www.thenorthendapartments.com/milwaukee/north-end-phase-i-llc/conventional/
ENTRATA_API,67722,card-54,source_blank,,,true,,,,missing,false,,https://www.thenorthendapartments.com/milwaukee/north-end-phase-i-llc/conventional/
ENTRATA_API,67722,card-55,source_blank,,,true,,,,missing,false,,https://www.thenorthendapartments.com/milwaukee/north-end-phase-i-llc/conventional/
ENTRATA_API,67722,card-56,source_blank,,,true,,,,missing,false,,https://www.thenorthendapartments.com/milwaukee/north-end-phase-i-llc/conventional/
ENTRATA_API,67722,card-57,source_blank,,,true,,,,missing,false,,https://www.thenorthendapartments.com/milwaukee/north-end-phase-i-llc/conventional/
ENTRATA_API,67722,card-58,explicit_future,"Available Oct 10, 2026",2026-10-10,true,available_date,"Oct 10, 2026",2026-10-10,explicit_future,true,,https://www.thenorthendapartments.com/milwaukee/north-end-phase-i-llc/conventional/
ENTRATA_API,67722,card-59,source_blank,,,true,,,,missing,false,,https://www.thenorthendapartments.com/milwaukee/north-end-phase-i-llc/conventional/
ENTRATA_API,67722,card-60,explicit_future,"Available Aug 26, 2026",2026-08-26,true,available_date,"Aug 26, 2026",2026-08-26,explicit_future,true,,https://www.thenorthendapartments.com/milwaukee/north-end-phase-i-llc/conventional/
ENTRATA_API,67722,card-61,explicit_future,"Available Sep 14, 2026",2026-09-14,true,available_date,"Sep 14, 2026",2026-09-14,explicit_future,true,,https://www.thenorthendapartments.com/milwaukee/north-end-phase-i-llc/conventional/
ENTRATA_API,67722,card-62,source_blank,,,true,,,,missing,false,,https://www.thenorthendapartments.com/milwaukee/north-end-phase-i-llc/conventional/
ENTRATA_API,67722,card-63,source_blank,,,true,,,,missing,false,,https://www.thenorthendapartments.com/milwaukee/north-end-phase-i-llc/conventional/
ENTRATA_API,67722,card-64,source_blank,,,true,,,,missing,false,,https://www.thenorthendapartments.com/milwaukee/north-end-phase-i-llc/conventional/
ENTRATA_API,67722,card-65,source_blank,,,true,,,,missing,false,,https://www.thenorthendapartments.com/milwaukee/north-end-phase-i-llc/conventional/
ENTRATA_API,67722,card-66,source_blank,,,true,,,,missing,false,,https://www.thenorthendapartments.com/milwaukee/north-end-phase-i-llc/conventional/
ENTRATA_API,67722,card-67,source_blank,,,true,,,,missing,false,,https://www.thenorthendapartments.com/milwaukee/north-end-phase-i-llc/conventional/
ENTRATA_API,67722,card-68,source_blank,,,true,,,,missing,false,,https://www.thenorthendapartments.com/milwaukee/north-end-phase-i-llc/conventional/
ENTRATA_API,67722,card-69,explicit_future,"Available Oct 16, 2026",2026-10-16,true,available_date,"Oct 16, 2026",2026-10-16,explicit_future,true,,https://www.thenorthendapartments.com/milwaukee/north-end-phase-i-llc/conventional/
ENTRATA_API,67722,card-70,source_blank,,,true,,,,missing,false,,https://www.thenorthendapartments.com/milwaukee/north-end-phase-i-llc/conventional/
ENTRATA_API,67722,card-71,source_blank,,,true,,,,missing,false,,https://www.thenorthendapartments.com/milwaukee/north-end-phase-i-llc/conventional/
ENTRATA_API,67722,card-72,source_blank,,,true,,,,missing,false,,https://www.thenorthendapartments.com/milwaukee/north-end-phase-i-llc/conventional/
ENTRATA_API,67722,card-73,source_blank,,,true,,,,missing,false,,https://www.thenorthendapartments.com/milwaukee/north-end-phase-i-llc/conventional/
ENTRATA_API,67722,card-74,explicit_future,"Available Oct 06, 2026",2026-10-06,true,available_date,"Oct 06, 2026",2026-10-06,explicit_future,true,,https://www.thenorthendapartments.com/milwaukee/north-end-phase-i-llc/conventional/
ENTRATA_API,67722,card-75,source_blank,,,true,,,,missing,false,,https://www.thenorthendapartments.com/milwaukee/north-end-phase-i-llc/conventional/
ENTRATA_API,67722,card-76,source_blank,,,true,,,,missing,false,,https://www.thenorthendapartments.com/milwaukee/north-end-phase-i-llc/conventional/
ENTRATA_API,67722,card-77,source_blank,,,true,,,,missing,false,,https://www.thenorthendapartments.com/milwaukee/north-end-phase-i-llc/conventional/
ENTRATA_API,67722,card-78,source_blank,,,true,,,,missing,false,,https://www.thenorthendapartments.com/milwaukee/north-end-phase-i-llc/conventional/
ENTRATA_API,67722,card-79,source_blank,,,true,,,,missing,false,,https://www.thenorthendapartments.com/milwaukee/north-end-phase-i-llc/conventional/
ENTRATA_API,67722,card-80,explicit_future,"Available Sep 10, 2026",2026-09-10,true,available_date,"Sep 10, 2026",2026-09-10,explicit_future,true,,https://www.thenorthendapartments.com/milwaukee/north-end-phase-i-llc/conventional/
ENTRATA_API,67722,card-81,source_blank,,,true,,,,missing,false,,https://www.thenorthendapartments.com/milwaukee/north-end-phase-i-llc/conventional/
ENTRATA_API,67722,card-82,explicit_future,"Available Oct 03, 2026",2026-10-03,true,available_date,"Oct 03, 2026",2026-10-03,explicit_future,true,,https://www.thenorthendapartments.com/milwaukee/north-end-phase-i-llc/conventional/
ENTRATA_API,67722,card-83,explicit_future,"Available Oct 24, 2026",2026-10-24,true,available_date,"Oct 24, 2026",2026-10-24,explicit_future,true,,https://www.thenorthendapartments.com/milwaukee/north-end-phase-i-llc/conventional/
ENTRATA_API,67722,card-84,source_blank,,,true,,,,missing,false,,https://www.thenorthendapartments.com/milwaukee/north-end-phase-i-llc/conventional/
ENTRATA_API,67722,card-85,source_blank,,,true,,,,missing,false,,https://www.thenorthendapartments.com/milwaukee/north-end-phase-i-llc/conventional/
ENTRATA_API,67722,card-86,source_blank,,,true,,,,missing,false,,https://www.thenorthendapartments.com/milwaukee/north-end-phase-i-llc/conventional/
ENTRATA_API,67722,card-87,source_blank,,,true,,,,missing,false,,https://www.thenorthendapartments.com/milwaukee/north-end-phase-i-llc/conventional/
ENTRATA_API,67722,card-88,source_blank,,,true,,,,missing,false,,https://www.thenorthendapartments.com/milwaukee/north-end-phase-i-llc/conventional/
ENTRATA_API,67722,card-89,source_blank,,,true,,,,missing,false,,https://www.thenorthendapartments.com/milwaukee/north-end-phase-i-llc/conventional/
ENTRATA_API,67722,card-90,source_blank,,,true,,,,missing,false,,https://www.thenorthendapartments.com/milwaukee/north-end-phase-i-llc/conventional/
ENTRATA_API,67722,card-91,explicit_future,"Available Aug 14, 2026",2026-08-14,true,available_date,"Aug 14, 2026",2026-08-14,explicit_future,true,,https://www.thenorthendapartments.com/milwaukee/north-end-phase-i-llc/conventional/
ENTRATA_API,67722,card-92,explicit_future,"Available Sep 16, 2026",2026-09-16,true,available_date,"Sep 16, 2026",2026-09-16,explicit_future,true,,https://www.thenorthendapartments.com/milwaukee/north-end-phase-i-llc/conventional/
ENTRATA_API,67722,card-93,explicit_future,"Available Sep 22, 2026",2026-09-22,true,available_date,"Sep 22, 2026",2026-09-22,explicit_future,true,,https://www.thenorthendapartments.com/milwaukee/north-end-phase-i-llc/conventional/
ENTRATA_API,67722,card-94,source_blank,,,true,,,,missing,false,,https://www.thenorthendapartments.com/milwaukee/north-end-phase-i-llc/conventional/
ONESITE_API,25395,41,historical_embedded,2025-12-31 00:00 -0600,2025-12-31,true,availability_date,2025-12-31,2025-12-31,historical_embedded,false,,https://api.ws.realpage.com/v2/property/51634/units?available=true&honordisplayorder=true
ONESITE_API,25395,50,explicit_future,2026-08-24 00:00 -0500,2026-08-24,true,availability_date,2026-08-24,2026-08-24,explicit_future,true,,https://api.ws.realpage.com/v2/property/51634/units?available=true&honordisplayorder=true
ONESITE_API,15079,1054,historical_embedded,2025-09-01 00:00 -0500,2025-09-01,true,availability_date,2025-09-01,2025-09-01,historical_embedded,false,,https://api.ws.realpage.com/v2/property/8171945/units?available=true&honordisplayorder=true
ONESITE_API,15079,3062,historical_embedded,2025-10-24 00:00 -0500,2025-10-24,true,availability_date,2025-10-24,2025-10-24,historical_embedded,false,,https://api.ws.realpage.com/v2/property/8171945/units?available=true&honordisplayorder=true
ONESITE_API,15079,3068,historical_embedded,2025-12-01 00:00 -0600,2025-12-01,true,availability_date,2025-12-01,2025-12-01,historical_embedded,false,,https://api.ws.realpage.com/v2/property/8171945/units?available=true&honordisplayorder=true
ONESITE_API,15079,1055,historical_embedded,2026-05-01 00:00 -0500,2026-05-01,true,availability_date,2026-05-01,2026-05-01,historical_embedded,false,,https://api.ws.realpage.com/v2/property/8171945/units?available=true&honordisplayorder=true
ONESITE_API,15079,2070,historical_embedded,2026-05-01 00:00 -0500,2026-05-01,true,availability_date,2026-05-01,2026-05-01,historical_embedded,false,,https://api.ws.realpage.com/v2/property/8171945/units?available=true&honordisplayorder=true
ONESITE_API,15079,2072,historical_embedded,2026-06-10 00:00 -0500,2026-06-10,true,availability_date,2026-06-10,2026-06-10,historical_embedded,false,,https://api.ws.realpage.com/v2/property/8171945/units?available=true&honordisplayorder=true
ONESITE_API,15079,1075,historical_embedded,2026-07-01 00:00 -0500,2026-07-01,true,availability_date,2026-07-01,2026-07-01,historical_embedded,false,,https://api.ws.realpage.com/v2/property/8171945/units?available=true&honordisplayorder=true
ONESITE_API,15079,4009,historical_embedded,2026-07-02 00:00 -0500,2026-07-02,true,availability_date,2026-07-02,2026-07-02,historical_embedded,false,,https://api.ws.realpage.com/v2/property/8171945/units?available=true&honordisplayorder=true
ONESITE_API,15079,3059,historical_embedded,2026-07-11 00:00 -0500,2026-07-11,true,availability_date,2026-07-11,2026-07-11,historical_embedded,false,,https://api.ws.realpage.com/v2/property/8171945/units?available=true&honordisplayorder=true
ONESITE_API,15079,1063,historical_embedded,2026-07-18 00:00 -0500,2026-07-18,true,availability_date,2026-07-18,2026-07-18,historical_embedded,false,,https://api.ws.realpage.com/v2/property/8171945/units?available=true&honordisplayorder=true
ONESITE_API,15079,1069,explicit_capture_date,2026-08-01 00:00 -0500,2026-08-01,true,availability_date,2026-08-01,2026-08-01,explicit_capture_date,false,,https://api.ws.realpage.com/v2/property/8171945/units?available=true&honordisplayorder=true
ONESITE_API,15079,1078,explicit_capture_date,2026-08-01 00:00 -0500,2026-08-01,true,availability_date,2026-08-01,2026-08-01,explicit_capture_date,false,,https://api.ws.realpage.com/v2/property/8171945/units?available=true&honordisplayorder=true
ONESITE_API,15079,2044,explicit_capture_date,2026-08-01 00:00 -0500,2026-08-01,true,availability_date,2026-08-01,2026-08-01,explicit_capture_date,false,,https://api.ws.realpage.com/v2/property/8171945/units?available=true&honordisplayorder=true
ONESITE_API,15079,2071,explicit_capture_date,2026-08-01 00:00 -0500,2026-08-01,true,availability_date,2026-08-01,2026-08-01,explicit_capture_date,false,,https://api.ws.realpage.com/v2/property/8171945/units?available=true&honordisplayorder=true
ONESITE_API,15079,3048,explicit_capture_date,2026-08-01 00:00 -0500,2026-08-01,true,availability_date,2026-08-01,2026-08-01,explicit_capture_date,false,,https://api.ws.realpage.com/v2/property/8171945/units?available=true&honordisplayorder=true
ONESITE_API,7886,3878-2,historical_embedded,2025-11-18 00:00 -0600,2025-11-18,true,availability_date,2025-11-18,2025-11-18,historical_embedded,false,,https://api.ws.realpage.com/v2/property/9178700/units?available=true&honordisplayorder=true
ONESITE_API,7886,2958-5,historical_embedded,2026-03-04 00:00 -0600,2026-03-04,true,availability_date,2026-03-04,2026-03-04,historical_embedded,false,,https://api.ws.realpage.com/v2/property/9178700/units?available=true&honordisplayorder=true
ONESITE_API,7886,2954-1,historical_embedded,2026-07-18 00:00 -0500,2026-07-18,true,availability_date,2026-07-18,2026-07-18,historical_embedded,false,,https://api.ws.realpage.com/v2/property/9178700/units?available=true&honordisplayorder=true
ONESITE_API,7886,2958-3,historical_embedded,2025-09-16 00:00 -0500,2025-09-16,true,availability_date,2025-09-16,2025-09-16,historical_embedded,false,,https://api.ws.realpage.com/v2/property/9178700/units?available=true&honordisplayorder=true
ONESITE_API,7886,2958-9,historical_embedded,2026-02-13 00:00 -0600,2026-02-13,true,availability_date,2026-02-13,2026-02-13,historical_embedded,false,,https://api.ws.realpage.com/v2/property/9178700/units?available=true&honordisplayorder=true
ONESITE_API,7886,2943-3,historical_embedded,2025-09-25 00:00 -0500,2025-09-25,true,availability_date,2025-09-25,2025-09-25,historical_embedded,false,,https://api.ws.realpage.com/v2/property/9178700/units?available=true&honordisplayorder=true
ONESITE_API,7886,3900-4,historical_embedded,2026-07-21 00:00 -0500,2026-07-21,true,availability_date,2026-07-21,2026-07-21,historical_embedded,false,,https://api.ws.realpage.com/v2/property/9178700/units?available=true&honordisplayorder=true
ONESITE_API,7886,2845-4,historical_embedded,2025-10-20 00:00 -0500,2025-10-20,true,availability_date,2025-10-20,2025-10-20,historical_embedded,false,,https://api.ws.realpage.com/v2/property/9178700/units?available=true&honordisplayorder=true
ONESITE_API,7886,3921-4,historical_embedded,2025-09-05 00:00 -0500,2025-09-05,true,availability_date,2025-09-05,2025-09-05,historical_embedded,false,,https://api.ws.realpage.com/v2/property/9178700/units?available=true&honordisplayorder=true
ONESITE_API,7886,3917-2,historical_embedded,2026-02-12 00:00 -0600,2026-02-12,true,availability_date,2026-02-12,2026-02-12,historical_embedded,false,,https://api.ws.realpage.com/v2/property/9178700/units?available=true&honordisplayorder=true
ONESITE_API,7886,2888-2,historical_embedded,2026-06-14 00:00 -0500,2026-06-14,true,availability_date,2026-06-14,2026-06-14,historical_embedded,false,,https://api.ws.realpage.com/v2/property/9178700/units?available=true&honordisplayorder=true
ONESITE_API,7886,3895-2,historical_embedded,2026-02-14 00:00 -0600,2026-02-14,true,availability_date,2026-02-14,2026-02-14,historical_embedded,false,,https://api.ws.realpage.com/v2/property/9178700/units?available=true&honordisplayorder=true
ONESITE_API,7886,2911-2,historical_embedded,2026-02-16 00:00 -0600,2026-02-16,true,availability_date,2026-02-16,2026-02-16,historical_embedded,false,,https://api.ws.realpage.com/v2/property/9178700/units?available=true&honordisplayorder=true
ONESITE_API,7886,2911-4,historical_embedded,2026-05-08 00:00 -0500,2026-05-08,true,availability_date,2026-05-08,2026-05-08,historical_embedded,false,,https://api.ws.realpage.com/v2/property/9178700/units?available=true&honordisplayorder=true
ONESITE_API,7886,3925-1,historical_embedded,2026-06-01 00:00 -0500,2026-06-01,true,availability_date,2026-06-01,2026-06-01,historical_embedded,false,,https://api.ws.realpage.com/v2/property/9178700/units?available=true&honordisplayorder=true
ONESITE_API,7886,3911-1,historical_embedded,2026-06-16 00:00 -0500,2026-06-16,true,availability_date,2026-06-16,2026-06-16,historical_embedded,false,,https://api.ws.realpage.com/v2/property/9178700/units?available=true&honordisplayorder=true
ONESITE_API,7886,3911-4,unparsed_availability_text,1980-01-01 00:00 -0600,,true,availability_date,1980-01-01,2026-08-01,sentinel_clamped,false,,https://api.ws.realpage.com/v2/property/9178700/units?available=true&honordisplayorder=true
ONESITE_API,7886,3904-1,historical_embedded,2026-06-02 00:00 -0500,2026-06-02,true,availability_date,2026-06-02,2026-06-02,historical_embedded,false,,https://api.ws.realpage.com/v2/property/9178700/units?available=true&honordisplayorder=true
ONESITE_API,7886,3904-4,historical_embedded,2026-01-01 00:00 -0600,2026-01-01,true,availability_date,2026-01-01,2026-01-01,historical_embedded,false,,https://api.ws.realpage.com/v2/property/9178700/units?available=true&honordisplayorder=true
ONESITE_API,7886,3910-3,historical_embedded,2025-03-23 00:00 -0500,2025-03-23,true,availability_date,2025-03-23,2025-03-23,historical_embedded,false,,https://api.ws.realpage.com/v2/property/9178700/units?available=true&honordisplayorder=true
ONESITE_API,7886,3881-3,historical_embedded,2026-05-02 00:00 -0500,2026-05-02,true,availability_date,2026-05-02,2026-05-02,historical_embedded,false,,https://api.ws.realpage.com/v2/property/9178700/units?available=true&honordisplayorder=true
ONESITE_API,7886,3905-2,unparsed_availability_text,1980-01-01 00:00 -0600,,true,availability_date,1980-01-01,2026-08-01,sentinel_clamped,false,,https://api.ws.realpage.com/v2/property/9178700/units?available=true&honordisplayorder=true
ONESITE_API,7886,3882-6,historical_embedded,2026-02-08 00:00 -0600,2026-02-08,true,availability_date,2026-02-08,2026-02-08,historical_embedded,false,,https://api.ws.realpage.com/v2/property/9178700/units?available=true&honordisplayorder=true
ONESITE_API,7886,3882-7,historical_embedded,2026-04-28 00:00 -0500,2026-04-28,true,availability_date,2026-04-28,2026-04-28,historical_embedded,false,,https://api.ws.realpage.com/v2/property/9178700/units?available=true&honordisplayorder=true
ONESITE_API,7886,3882-8,historical_embedded,2026-01-08 00:00 -0600,2026-01-08,true,availability_date,2026-01-08,2026-01-08,historical_embedded,false,,https://api.ws.realpage.com/v2/property/9178700/units?available=true&honordisplayorder=true
ONESITE_API,7886,3884-2,historical_embedded,2026-06-02 00:00 -0500,2026-06-02,true,availability_date,2026-06-02,2026-06-02,historical_embedded,false,,https://api.ws.realpage.com/v2/property/9178700/units?available=true&honordisplayorder=true
ONESITE_API,7886,3884-6,historical_embedded,2026-05-12 00:00 -0500,2026-05-12,true,availability_date,2026-05-12,2026-05-12,historical_embedded,false,,https://api.ws.realpage.com/v2/property/9178700/units?available=true&honordisplayorder=true
ONESITE_API,7886,3864-1,historical_embedded,2025-08-20 00:00 -0500,2025-08-20,true,availability_date,2025-08-20,2025-08-20,historical_embedded,false,,https://api.ws.realpage.com/v2/property/9178700/units?available=true&honordisplayorder=true
ONESITE_API,7886,2958-10,historical_embedded,2025-07-22 00:00 -0500,2025-07-22,true,availability_date,2025-07-22,2025-07-22,historical_embedded,false,,https://api.ws.realpage.com/v2/property/9178700/units?available=true&honordisplayorder=true
ONESITE_API,7886,2958-6,historical_embedded,2025-09-30 00:00 -0500,2025-09-30,true,availability_date,2025-09-30,2025-09-30,historical_embedded,false,,https://api.ws.realpage.com/v2/property/9178700/units?available=true&honordisplayorder=true
ONESITE_API,7886,2962-1,historical_embedded,2025-07-23 00:00 -0500,2025-07-23,true,availability_date,2025-07-23,2025-07-23,historical_embedded,false,,https://api.ws.realpage.com/v2/property/9178700/units?available=true&honordisplayorder=true
ONESITE_API,7886,2962-10,historical_embedded,2025-11-05 00:00 -0600,2025-11-05,true,availability_date,2025-11-05,2025-11-05,historical_embedded,false,,https://api.ws.realpage.com/v2/property/9178700/units?available=true&honordisplayorder=true
ONESITE_API,7886,2962-3,historical_embedded,2025-06-01 00:00 -0500,2025-06-01,true,availability_date,2025-06-01,2025-06-01,historical_embedded,false,,https://api.ws.realpage.com/v2/property/9178700/units?available=true&honordisplayorder=true
ONESITE_API,7886,2962-7,historical_embedded,2026-02-25 00:00 -0600,2026-02-25,true,availability_date,2026-02-25,2026-02-25,historical_embedded,false,,https://api.ws.realpage.com/v2/property/9178700/units?available=true&honordisplayorder=true
ONESITE_API,7886,2954-2,historical_embedded,2026-07-02 00:00 -0500,2026-07-02,true,availability_date,2026-07-02,2026-07-02,historical_embedded,false,,https://api.ws.realpage.com/v2/property/9178700/units?available=true&honordisplayorder=true
ONESITE_API,7886,3876-2,historical_embedded,2026-06-02 00:00 -0500,2026-06-02,true,availability_date,2026-06-02,2026-06-02,historical_embedded,false,,https://api.ws.realpage.com/v2/property/9178700/units?available=true&honordisplayorder=true
ONESITE_API,7886,3878-3,historical_embedded,2025-11-16 00:00 -0600,2025-11-16,true,availability_date,2025-11-16,2025-11-16,historical_embedded,false,,https://api.ws.realpage.com/v2/property/9178700/units?available=true&honordisplayorder=true
ONESITE_API,7886,2942-2,historical_embedded,2026-04-06 00:00 -0500,2026-04-06,true,availability_date,2026-04-06,2026-04-06,historical_embedded,false,,https://api.ws.realpage.com/v2/property/9178700/units?available=true&honordisplayorder=true
ONESITE_API,7886,2942-3,historical_embedded,2026-06-09 00:00 -0500,2026-06-09,true,availability_date,2026-06-09,2026-06-09,historical_embedded,false,,https://api.ws.realpage.com/v2/property/9178700/units?available=true&honordisplayorder=true
ONESITE_API,7886,2916-1,historical_embedded,2026-07-16 00:00 -0500,2026-07-16,true,availability_date,2026-07-16,2026-07-16,historical_embedded,false,,https://api.ws.realpage.com/v2/property/9178700/units?available=true&honordisplayorder=true
ONESITE_API,7886,2916-3,historical_embedded,2025-12-16 00:00 -0600,2025-12-16,true,availability_date,2025-12-16,2025-12-16,historical_embedded,false,,https://api.ws.realpage.com/v2/property/9178700/units?available=true&honordisplayorder=true
ONESITE_API,7886,3869-5,historical_embedded,2026-03-13 00:00 -0500,2026-03-13,true,availability_date,2026-03-13,2026-03-13,historical_embedded,false,,https://api.ws.realpage.com/v2/property/9178700/units?available=true&honordisplayorder=true
ONESITE_API,7886,3889-2,historical_embedded,2026-02-25 00:00 -0600,2026-02-25,true,availability_date,2026-02-25,2026-02-25,historical_embedded,false,,https://api.ws.realpage.com/v2/property/9178700/units?available=true&honordisplayorder=true
ONESITE_API,7886,3892-1,historical_embedded,2025-10-31 00:00 -0500,2025-10-31,true,availability_date,2025-10-31,2025-10-31,historical_embedded,false,,https://api.ws.realpage.com/v2/property/9178700/units?available=true&honordisplayorder=true
ONESITE_API,7886,2890-2,historical_embedded,2026-05-02 00:00 -0500,2026-05-02,true,availability_date,2026-05-02,2026-05-02,historical_embedded,false,,https://api.ws.realpage.com/v2/property/9178700/units?available=true&honordisplayorder=true
ONESITE_API,7886,2882-1,historical_embedded,2026-06-09 00:00 -0500,2026-06-09,true,availability_date,2026-06-09,2026-06-09,historical_embedded,false,,https://api.ws.realpage.com/v2/property/9178700/units?available=true&honordisplayorder=true
ONESITE_API,7886,3904-3,unparsed_availability_text,1980-01-01 00:00 -0600,,true,availability_date,1980-01-01,2026-08-01,sentinel_clamped,false,,https://api.ws.realpage.com/v2/property/9178700/units?available=true&honordisplayorder=true
ONESITE_API,7886,3904-4,historical_embedded,2026-02-25 00:00 -0600,2026-02-25,true,availability_date,2026-02-25,2026-02-25,historical_embedded,false,,https://api.ws.realpage.com/v2/property/9178700/units?available=true&honordisplayorder=true
ONESITE_API,7886,2842-2,historical_embedded,2026-02-04 00:00 -0600,2026-02-04,true,availability_date,2026-02-04,2026-02-04,historical_embedded,false,,https://api.ws.realpage.com/v2/property/9178700/units?available=true&honordisplayorder=true
ONESITE_API,7886,2849-3,historical_embedded,2026-02-24 00:00 -0600,2026-02-24,true,availability_date,2026-02-24,2026-02-24,historical_embedded,false,,https://api.ws.realpage.com/v2/property/9178700/units?available=true&honordisplayorder=true
ONESITE_API,7886,2849-4,historical_embedded,2026-01-09 00:00 -0600,2026-01-09,true,availability_date,2026-01-09,2026-01-09,historical_embedded,false,,https://api.ws.realpage.com/v2/property/9178700/units?available=true&honordisplayorder=true
ONESITE_API,7886,2902-1,historical_embedded,2026-04-30 00:00 -0500,2026-04-30,true,availability_date,2026-04-30,2026-04-30,historical_embedded,false,,https://api.ws.realpage.com/v2/property/9178700/units?available=true&honordisplayorder=true
ONESITE_API,7886,3910-4,historical_embedded,2026-04-01 00:00 -0500,2026-04-01,true,availability_date,2026-04-01,2026-04-01,historical_embedded,false,,https://api.ws.realpage.com/v2/property/9178700/units?available=true&honordisplayorder=true
ONESITE_API,7886,2846-3,historical_embedded,2025-03-23 00:00 -0500,2025-03-23,true,availability_date,2025-03-23,2025-03-23,historical_embedded,false,,https://api.ws.realpage.com/v2/property/9178700/units?available=true&honordisplayorder=true
ONESITE_API,7886,2846-4,unparsed_availability_text,1980-01-01 00:00 -0600,,true,availability_date,1980-01-01,2026-08-01,sentinel_clamped,false,,https://api.ws.realpage.com/v2/property/9178700/units?available=true&honordisplayorder=true
ONESITE_API,7886,2854-3,unparsed_availability_text,1980-01-01 00:00 -0600,,true,availability_date,1980-01-01,2026-08-01,sentinel_clamped,false,,https://api.ws.realpage.com/v2/property/9178700/units?available=true&honordisplayorder=true
ONESITE_API,7886,2834-1,historical_embedded,2026-06-16 00:00 -0500,2026-06-16,true,availability_date,2026-06-16,2026-06-16,historical_embedded,false,,https://api.ws.realpage.com/v2/property/9178700/units?available=true&honordisplayorder=true
ONESITE_API,7886,3913-4,historical_embedded,2025-08-20 00:00 -0500,2025-08-20,true,availability_date,2025-08-20,2025-08-20,historical_embedded,false,,https://api.ws.realpage.com/v2/property/9178700/units?available=true&honordisplayorder=true
ONESITE_API,7886,3921-1,historical_embedded,2026-06-16 00:00 -0500,2026-06-16,true,availability_date,2026-06-16,2026-06-16,historical_embedded,false,,https://api.ws.realpage.com/v2/property/9178700/units?available=true&honordisplayorder=true
ONESITE_API,7886,3921-3,historical_embedded,2026-06-06 00:00 -0500,2026-06-06,true,availability_date,2026-06-06,2026-06-06,historical_embedded,false,,https://api.ws.realpage.com/v2/property/9178700/units?available=true&honordisplayorder=true
ONESITE_API,7886,2847-1,unparsed_availability_text,1980-01-01 00:00 -0600,,true,availability_date,1980-01-01,2026-08-01,sentinel_clamped,false,,https://api.ws.realpage.com/v2/property/9178700/units?available=true&honordisplayorder=true
ONESITE_API,7886,2847-2,historical_embedded,2025-12-05 00:00 -0600,2025-12-05,true,availability_date,2025-12-05,2025-12-05,historical_embedded,false,,https://api.ws.realpage.com/v2/property/9178700/units?available=true&honordisplayorder=true
ONESITE_API,7886,2853-1,historical_embedded,2026-06-17 00:00 -0500,2026-06-17,true,availability_date,2026-06-17,2026-06-17,historical_embedded,false,,https://api.ws.realpage.com/v2/property/9178700/units?available=true&honordisplayorder=true
ONESITE_API,7886,2839-2,historical_embedded,2026-04-21 00:00 -0500,2026-04-21,true,availability_date,2026-04-21,2026-04-21,historical_embedded,false,,https://api.ws.realpage.com/v2/property/9178700/units?available=true&honordisplayorder=true
ONESITE_API,7886,2843-2,unparsed_availability_text,1980-01-01 00:00 -0600,,true,availability_date,1980-01-01,2026-08-01,sentinel_clamped,false,,https://api.ws.realpage.com/v2/property/9178700/units?available=true&honordisplayorder=true
ONESITE_API,7886,2895-3,historical_embedded,2025-03-25 00:00 -0500,2025-03-25,true,availability_date,2025-03-25,2025-03-25,historical_embedded,false,,https://api.ws.realpage.com/v2/property/9178700/units?available=true&honordisplayorder=true
ONESITE_API,7886,3917-4,historical_embedded,2026-06-02 00:00 -0500,2026-06-02,true,availability_date,2026-06-02,2026-06-02,historical_embedded,false,,https://api.ws.realpage.com/v2/property/9178700/units?available=true&honordisplayorder=true
ONESITE_API,7886,3904-4,historical_embedded,2026-05-24 00:00 -0500,2026-05-24,true,availability_date,2026-05-24,2026-05-24,historical_embedded,false,,https://api.ws.realpage.com/v2/property/9178700/units?available=true&honordisplayorder=true
ONESITE_API,7886,2847-4,historical_embedded,2026-07-16 00:00 -0500,2026-07-16,true,availability_date,2026-07-16,2026-07-16,historical_embedded,false,,https://api.ws.realpage.com/v2/property/9178700/units?available=true&honordisplayorder=true
ONESITE_API,7886,3891-2,explicit_future,2026-08-02 00:00 -0500,2026-08-02,true,availability_date,2026-08-02,2026-08-02,explicit_future,true,,https://api.ws.realpage.com/v2/property/9178700/units?available=true&honordisplayorder=true
ONESITE_API,7886,3895-3,explicit_future,2026-08-03 00:00 -0500,2026-08-03,true,availability_date,2026-08-03,2026-08-03,explicit_future,true,,https://api.ws.realpage.com/v2/property/9178700/units?available=true&honordisplayorder=true
ONESITE_API,7886,3899-1,explicit_capture_date,2026-08-01 00:00 -0500,2026-08-01,true,availability_date,2026-08-01,2026-08-01,explicit_capture_date,false,,https://api.ws.realpage.com/v2/property/9178700/units?available=true&honordisplayorder=true
ONESITE_API,7886,3887-2,explicit_future,2026-08-04 00:00 -0500,2026-08-04,true,availability_date,2026-08-04,2026-08-04,explicit_future,true,,https://api.ws.realpage.com/v2/property/9178700/units?available=true&honordisplayorder=true
ONESITE_API,7886,3901-4,explicit_future,2026-08-04 00:00 -0500,2026-08-04,true,availability_date,2026-08-04,2026-08-04,explicit_future,true,,https://api.ws.realpage.com/v2/property/9178700/units?available=true&honordisplayorder=true
ONESITE_API,7886,2930-1,explicit_future,2026-08-04 00:00 -0500,2026-08-04,true,availability_date,2026-08-04,2026-08-04,explicit_future,true,,https://api.ws.realpage.com/v2/property/9178700/units?available=true&honordisplayorder=true
ONESITE_API,7886,3889-7,explicit_future,2026-08-04 00:00 -0500,2026-08-04,true,availability_date,2026-08-04,2026-08-04,explicit_future,true,,https://api.ws.realpage.com/v2/property/9178700/units?available=true&honordisplayorder=true
ONESITE_API,7886,2913-4,explicit_future,2026-08-04 00:00 -0500,2026-08-04,true,availability_date,2026-08-04,2026-08-04,explicit_future,true,,https://api.ws.realpage.com/v2/property/9178700/units?available=true&honordisplayorder=true
ONESITE_API,7886,2938-4,explicit_future,2026-08-08 00:00 -0500,2026-08-08,true,availability_date,2026-08-08,2026-08-08,explicit_future,true,,https://api.ws.realpage.com/v2/property/9178700/units?available=true&honordisplayorder=true
ONESITE_API,7886,2909-2,explicit_future,2026-08-08 00:00 -0500,2026-08-08,true,availability_date,2026-08-08,2026-08-08,explicit_future,true,,https://api.ws.realpage.com/v2/property/9178700/units?available=true&honordisplayorder=true
ONESITE_API,7886,2902-3,explicit_future,2026-08-11 00:00 -0500,2026-08-11,true,availability_date,2026-08-11,2026-08-11,explicit_future,true,,https://api.ws.realpage.com/v2/property/9178700/units?available=true&honordisplayorder=true
ONESITE_API,7886,2880-3,explicit_future,2026-08-19 00:00 -0500,2026-08-19,true,availability_date,2026-08-19,2026-08-19,explicit_future,true,,https://api.ws.realpage.com/v2/property/9178700/units?available=true&honordisplayorder=true
ONESITE_API,7886,3901-3,historical_embedded,2026-07-31 00:00 -0500,2026-07-31,true,availability_date,2026-07-31,2026-07-31,historical_embedded,false,,https://api.ws.realpage.com/v2/property/9178700/units?available=true&honordisplayorder=true
ONESITE_API,7886,2940-4,historical_embedded,2026-07-16 00:00 -0500,2026-07-16,true,availability_date,2026-07-16,2026-07-16,historical_embedded,false,,https://api.ws.realpage.com/v2/property/9178700/units?available=true&honordisplayorder=true
ONESITE_API,7886,2932-2,historical_embedded,2026-07-08 00:00 -0500,2026-07-08,true,availability_date,2026-07-08,2026-07-08,historical_embedded,false,,https://api.ws.realpage.com/v2/property/9178700/units?available=true&honordisplayorder=true
ONESITE_API,7886,2915-2,explicit_future,2026-09-01 00:00 -0500,2026-09-01,true,availability_date,2026-09-01,2026-09-01,explicit_future,true,,https://api.ws.realpage.com/v2/property/9178700/units?available=true&honordisplayorder=true
ONESITE_API,7886,3881-2,explicit_future,2026-09-01 00:00 -0500,2026-09-01,true,availability_date,2026-09-01,2026-09-01,explicit_future,true,,https://api.ws.realpage.com/v2/property/9178700/units?available=true&honordisplayorder=true
ONESITE_API,7886,3887-1,explicit_future,2026-09-01 00:00 -0500,2026-09-01,true,availability_date,2026-09-01,2026-09-01,explicit_future,true,,https://api.ws.realpage.com/v2/property/9178700/units?available=true&honordisplayorder=true
ONESITE_API,7886,2870-2,explicit_future,2026-09-01 00:00 -0500,2026-09-01,true,availability_date,2026-09-01,2026-09-01,explicit_future,true,,https://api.ws.realpage.com/v2/property/9178700/units?available=true&honordisplayorder=true
ONESITE_API,7886,2954-3,explicit_future,2026-09-02 00:00 -0500,2026-09-02,true,availability_date,2026-09-02,2026-09-02,explicit_future,true,,https://api.ws.realpage.com/v2/property/9178700/units?available=true&honordisplayorder=true
ONESITE_API,7886,3887-1,explicit_future,2026-09-02 00:00 -0500,2026-09-02,true,availability_date,2026-09-02,2026-09-02,explicit_future,true,,https://api.ws.realpage.com/v2/property/9178700/units?available=true&honordisplayorder=true
ONESITE_API,7886,2864-3,explicit_future,2026-09-08 00:00 -0500,2026-09-08,true,availability_date,2026-09-08,2026-09-08,explicit_future,true,,https://api.ws.realpage.com/v2/property/9178700/units?available=true&honordisplayorder=true
ONESITE_API,7886,2880-1,explicit_future,2026-09-22 00:00 -0500,2026-09-22,true,availability_date,2026-09-22,2026-09-22,explicit_future,true,,https://api.ws.realpage.com/v2/property/9178700/units?available=true&honordisplayorder=true
ONESITE_API,7886,3876-3,explicit_future,2026-10-01 00:00 -0500,2026-10-01,true,availability_date,2026-10-01,2026-10-01,explicit_future,true,,https://api.ws.realpage.com/v2/property/9178700/units?available=true&honordisplayorder=true
ONESITE_API,7886,2836-1,explicit_future,2026-10-01 00:00 -0500,2026-10-01,true,availability_date,2026-10-01,2026-10-01,explicit_future,true,,https://api.ws.realpage.com/v2/property/9178700/units?available=true&honordisplayorder=true
ONESITE_API,7886,2838-2,explicit_future,2026-10-02 00:00 -0500,2026-10-02,true,availability_date,2026-10-02,2026-10-02,explicit_future,true,,https://api.ws.realpage.com/v2/property/9178700/units?available=true&honordisplayorder=true
ONESITE_API,269984,354,historical_embedded,2026-05-10 00:00 -0500,2026-05-10,true,availability_date,2026-05-10,2026-05-10,historical_embedded,false,,https://api.ws.realpage.com/v2/property/9206852/units?available=true&honordisplayorder=true
ONESITE_API,269984,425,historical_embedded,2026-06-10 00:00 -0500,2026-06-10,true,availability_date,2026-06-10,2026-06-10,historical_embedded,false,,https://api.ws.realpage.com/v2/property/9206852/units?available=true&honordisplayorder=true
ONESITE_API,269984,350,historical_embedded,2026-07-03 00:00 -0500,2026-07-03,true,availability_date,2026-07-03,2026-07-03,historical_embedded,false,,https://api.ws.realpage.com/v2/property/9206852/units?available=true&honordisplayorder=true
ONESITE_API,269984,404,historical_embedded,2026-07-22 00:00 -0500,2026-07-22,true,availability_date,2026-07-22,2026-07-22,historical_embedded,false,,https://api.ws.realpage.com/v2/property/9206852/units?available=true&honordisplayorder=true
ONESITE_API,269984,302,historical_embedded,2026-07-19 00:00 -0500,2026-07-19,true,availability_date,2026-07-19,2026-07-19,historical_embedded,false,,https://api.ws.realpage.com/v2/property/9206852/units?available=true&honordisplayorder=true
ONESITE_API,269984,303,historical_embedded,2026-07-14 00:00 -0500,2026-07-14,true,availability_date,2026-07-14,2026-07-14,historical_embedded,false,,https://api.ws.realpage.com/v2/property/9206852/units?available=true&honordisplayorder=true
ONESITE_API,269984,211,historical_embedded,2026-07-22 00:00 -0500,2026-07-22,true,availability_date,2026-07-22,2026-07-22,historical_embedded,false,,https://api.ws.realpage.com/v2/property/9206852/units?available=true&honordisplayorder=true
ONESITE_API,269984,400,historical_embedded,2026-07-28 00:00 -0500,2026-07-28,true,availability_date,2026-07-28,2026-07-28,historical_embedded,false,,https://api.ws.realpage.com/v2/property/9206852/units?available=true&honordisplayorder=true
ONESITE_API,269984,331,historical_embedded,2026-07-30 00:00 -0500,2026-07-30,true,availability_date,2026-07-30,2026-07-30,historical_embedded,false,,https://api.ws.realpage.com/v2/property/9206852/units?available=true&honordisplayorder=true
ONESITE_WORKFLOW,15704,532,source_blank,,,true,,,2026-08-01,capture_date_default,false,,https://leasing.realpage.com/RP.Leasing.AppService.WebHost/workflowstartup/v1/3649780/English?BpmId=OLL.WorkflowStartUp&BpmSequence=0&LogSequence=3&ClientSessionID=2b4d01f6-ba81-4d99-9bb7-b1751f49ba00
ONESITE_WORKFLOW,15704,555,source_blank,,,true,,,2026-08-01,capture_date_default,false,,https://leasing.realpage.com/RP.Leasing.AppService.WebHost/workflowstartup/v1/3649780/English?BpmId=OLL.WorkflowStartUp&BpmSequence=0&LogSequence=3&ClientSessionID=2b4d01f6-ba81-4d99-9bb7-b1751f49ba00
ONESITE_WORKFLOW,15704,608,source_blank,,,true,,,2026-08-01,capture_date_default,false,,https://leasing.realpage.com/RP.Leasing.AppService.WebHost/workflowstartup/v1/3649780/English?BpmId=OLL.WorkflowStartUp&BpmSequence=0&LogSequence=3&ClientSessionID=2b4d01f6-ba81-4d99-9bb7-b1751f49ba00
ONESITE_WORKFLOW,15704,612,source_blank,,,true,,,2026-08-01,capture_date_default,false,,https://leasing.realpage.com/RP.Leasing.AppService.WebHost/workflowstartup/v1/3649780/English?BpmId=OLL.WorkflowStartUp&BpmSequence=0&LogSequence=3&ClientSessionID=2b4d01f6-ba81-4d99-9bb7-b1751f49ba00
ONESITE_WORKFLOW,15704,103,source_blank,,,true,,,2026-08-01,capture_date_default,false,,https://leasing.realpage.com/RP.Leasing.AppService.WebHost/workflowstartup/v1/3649780/English?BpmId=OLL.WorkflowStartUp&BpmSequence=0&LogSequence=3&ClientSessionID=2b4d01f6-ba81-4d99-9bb7-b1751f49ba00
ONESITE_WORKFLOW,15704,679,source_blank,,,true,,,2026-08-01,capture_date_default,false,,https://leasing.realpage.com/RP.Leasing.AppService.WebHost/workflowstartup/v1/3649780/English?BpmId=OLL.WorkflowStartUp&BpmSequence=0&LogSequence=3&ClientSessionID=2b4d01f6-ba81-4d99-9bb7-b1751f49ba00
ONESITE_WORKFLOW,15704,221,source_blank,,,true,,,2026-08-01,capture_date_default,false,,https://leasing.realpage.com/RP.Leasing.AppService.WebHost/workflowstartup/v1/3649780/English?BpmId=OLL.WorkflowStartUp&BpmSequence=0&LogSequence=3&ClientSessionID=2b4d01f6-ba81-4d99-9bb7-b1751f49ba00
ONESITE_WORKFLOW,15704,283,source_blank,,,true,,,2026-08-01,capture_date_default,false,,https://leasing.realpage.com/RP.Leasing.AppService.WebHost/workflowstartup/v1/3649780/English?BpmId=OLL.WorkflowStartUp&BpmSequence=0&LogSequence=3&ClientSessionID=2b4d01f6-ba81-4d99-9bb7-b1751f49ba00
ONESITE_WORKFLOW,15704,123,source_blank,,,true,,,2026-08-01,capture_date_default,false,,https://leasing.realpage.com/RP.Leasing.AppService.WebHost/workflowstartup/v1/3649780/English?BpmId=OLL.WorkflowStartUp&BpmSequence=0&LogSequence=3&ClientSessionID=2b4d01f6-ba81-4d99-9bb7-b1751f49ba00
ONESITE_WORKFLOW,15704,418,source_blank,,,true,,,2026-08-01,capture_date_default,false,,https://leasing.realpage.com/RP.Leasing.AppService.WebHost/workflowstartup/v1/3649780/English?BpmId=OLL.WorkflowStartUp&BpmSequence=0&LogSequence=3&ClientSessionID=2b4d01f6-ba81-4d99-9bb7-b1751f49ba00
ONESITE_WORKFLOW,15704,282,source_blank,,,true,,,2026-08-01,capture_date_default,false,,https://leasing.realpage.com/RP.Leasing.AppService.WebHost/workflowstartup/v1/3649780/English?BpmId=OLL.WorkflowStartUp&BpmSequence=0&LogSequence=3&ClientSessionID=2b4d01f6-ba81-4d99-9bb7-b1751f49ba00
ONESITE_WORKFLOW,15704,149,source_blank,,,true,,,2026-08-01,capture_date_default,false,,https://leasing.realpage.com/RP.Leasing.AppService.WebHost/workflowstartup/v1/3649780/English?BpmId=OLL.WorkflowStartUp&BpmSequence=0&LogSequence=3&ClientSessionID=2b4d01f6-ba81-4d99-9bb7-b1751f49ba00
ONESITE_WORKFLOW,15704,512,source_blank,,,true,,,2026-08-01,capture_date_default,false,,https://leasing.realpage.com/RP.Leasing.AppService.WebHost/workflowstartup/v1/3649780/English?BpmId=OLL.WorkflowStartUp&BpmSequence=0&LogSequence=3&ClientSessionID=2b4d01f6-ba81-4d99-9bb7-b1751f49ba00
ONESITE_WORKFLOW,15704,461,source_blank,,,true,,,2026-08-01,capture_date_default,false,,https://leasing.realpage.com/RP.Leasing.AppService.WebHost/workflowstartup/v1/3649780/English?BpmId=OLL.WorkflowStartUp&BpmSequence=0&LogSequence=3&ClientSessionID=2b4d01f6-ba81-4d99-9bb7-b1751f49ba00
ONESITE_WORKFLOW,15704,575,source_blank,,,true,,,2026-08-01,capture_date_default,false,,https://leasing.realpage.com/RP.Leasing.AppService.WebHost/workflowstartup/v1/3649780/English?BpmId=OLL.WorkflowStartUp&BpmSequence=0&LogSequence=3&ClientSessionID=2b4d01f6-ba81-4d99-9bb7-b1751f49ba00
ONESITE_WORKFLOW,15704,620,source_blank,,,true,,,2026-08-01,capture_date_default,false,,https://leasing.realpage.com/RP.Leasing.AppService.WebHost/workflowstartup/v1/3649780/English?BpmId=OLL.WorkflowStartUp&BpmSequence=0&LogSequence=3&ClientSessionID=2b4d01f6-ba81-4d99-9bb7-b1751f49ba00
ONESITE_WORKFLOW,15704,59,source_blank,,,true,,,2026-08-01,capture_date_default,false,,https://leasing.realpage.com/RP.Leasing.AppService.WebHost/workflowstartup/v1/3649780/English?BpmId=OLL.WorkflowStartUp&BpmSequence=0&LogSequence=3&ClientSessionID=2b4d01f6-ba81-4d99-9bb7-b1751f49ba00
ONESITE_WORKFLOW,15704,396,source_blank,,,true,,,2026-08-01,capture_date_default,false,,https://leasing.realpage.com/RP.Leasing.AppService.WebHost/workflowstartup/v1/3649780/English?BpmId=OLL.WorkflowStartUp&BpmSequence=0&LogSequence=3&ClientSessionID=2b4d01f6-ba81-4d99-9bb7-b1751f49ba00
ONESITE_WORKFLOW,15704,481,source_blank,,,true,,,2026-08-01,capture_date_default,false,,https://leasing.realpage.com/RP.Leasing.AppService.WebHost/workflowstartup/v1/3649780/English?BpmId=OLL.WorkflowStartUp&BpmSequence=0&LogSequence=3&ClientSessionID=2b4d01f6-ba81-4d99-9bb7-b1751f49ba00
ONESITE_WORKFLOW,15704,626,source_blank,,,true,,,2026-08-01,capture_date_default,false,,https://leasing.realpage.com/RP.Leasing.AppService.WebHost/workflowstartup/v1/3649780/English?BpmId=OLL.WorkflowStartUp&BpmSequence=0&LogSequence=3&ClientSessionID=2b4d01f6-ba81-4d99-9bb7-b1751f49ba00
ONESITE_WORKFLOW,15704,346,source_blank,,,true,,,2026-08-01,capture_date_default,false,,https://leasing.realpage.com/RP.Leasing.AppService.WebHost/workflowstartup/v1/3649780/English?BpmId=OLL.WorkflowStartUp&BpmSequence=0&LogSequence=3&ClientSessionID=2b4d01f6-ba81-4d99-9bb7-b1751f49ba00
ONESITE_WORKFLOW,15704,353,source_blank,,,true,,,2026-08-01,capture_date_default,false,,https://leasing.realpage.com/RP.Leasing.AppService.WebHost/workflowstartup/v1/3649780/English?BpmId=OLL.WorkflowStartUp&BpmSequence=0&LogSequence=3&ClientSessionID=2b4d01f6-ba81-4d99-9bb7-b1751f49ba00
ONESITE_WORKFLOW,15704,592,source_blank,,,true,,,2026-08-01,capture_date_default,false,,https://leasing.realpage.com/RP.Leasing.AppService.WebHost/workflowstartup/v1/3649780/English?BpmId=OLL.WorkflowStartUp&BpmSequence=0&LogSequence=3&ClientSessionID=2b4d01f6-ba81-4d99-9bb7-b1751f49ba00
ONESITE_WORKFLOW,15704,675,source_blank,,,true,,,2026-08-01,capture_date_default,false,,https://leasing.realpage.com/RP.Leasing.AppService.WebHost/workflowstartup/v1/3649780/English?BpmId=OLL.WorkflowStartUp&BpmSequence=0&LogSequence=3&ClientSessionID=2b4d01f6-ba81-4d99-9bb7-b1751f49ba00
ONESITE_WORKFLOW,283561,308,explicit_future,09-09-2026,2026-09-09,false,,,,,false,,https://www.946mlk.com/floorplans/
ONESITE_WORKFLOW,283561,213,available_now,Available Now,2026-08-01,false,,,,,false,,https://www.946mlk.com/floorplans/
ONESITE_WORKFLOW,283561,209,explicit_future,09-06-2026,2026-09-06,false,,,,,false,,https://www.946mlk.com/floorplans/
ONESITE_WORKFLOW,283561,18,source_blank,,,true,,,2026-08-01,capture_date_default,false,,https://leasing.realpage.com/RP.Leasing.AppService.WebHost/workflowstartup/v1/4615836/English?BpmId=OLL.WorkflowStartUp&BpmSequence=0&LogSequence=3&ClientSessionID=02678d31-68b5-4588-9e39-38103352de1d
ASPENSQUARE_OPERATOR,6526,15,historical_embedded,2026-07-24,2026-07-24,true,availability_date,2026-07-24,2026-07-24,historical_embedded,false,,https://doorway-api.knockrentals.com/v1/property/2007446/units
ASPENSQUARE_OPERATOR,6526,17,explicit_future,2026-08-15,2026-08-15,true,availability_date,2026-08-15,2026-08-15,explicit_future,true,,https://doorway-api.knockrentals.com/v1/property/2007446/units
ASPENSQUARE_OPERATOR,6526,98,historical_embedded,2026-07-08,2026-07-08,true,availability_date,2026-07-08,2026-07-08,historical_embedded,false,,https://doorway-api.knockrentals.com/v1/property/2007446/units
ASPENSQUARE_OPERATOR,6526,31,historical_embedded,2026-06-26,2026-06-26,true,availability_date,2026-06-26,2026-06-26,historical_embedded,false,,https://doorway-api.knockrentals.com/v1/property/2007446/units
ASPENSQUARE_OPERATOR,6526,109,explicit_future,2026-08-29,2026-08-29,true,availability_date,2026-08-29,2026-08-29,explicit_future,true,,https://doorway-api.knockrentals.com/v1/property/2007446/units
ASPENSQUARE_OPERATOR,6526,53,explicit_future,2026-09-16,2026-09-16,true,availability_date,2026-09-16,2026-09-16,explicit_future,true,,https://doorway-api.knockrentals.com/v1/property/2007446/units
ASPENSQUARE_OPERATOR,6526,119,explicit_future,2026-08-22,2026-08-22,true,availability_date,2026-08-22,2026-08-22,explicit_future,true,,https://doorway-api.knockrentals.com/v1/property/2007446/units
ASPENSQUARE_OPERATOR,6526,46,historical_embedded,2026-07-17,2026-07-17,true,availability_date,2026-07-17,2026-07-17,historical_embedded,false,,https://doorway-api.knockrentals.com/v1/property/2007446/units
ASPENSQUARE_OPERATOR,6526,34,explicit_future,2026-08-22,2026-08-22,true,availability_date,2026-08-22,2026-08-22,explicit_future,true,,https://doorway-api.knockrentals.com/v1/property/2007446/units
ASPENSQUARE_OPERATOR,6526,49,explicit_future,2026-09-05,2026-09-05,true,availability_date,2026-09-05,2026-09-05,explicit_future,true,,https://doorway-api.knockrentals.com/v1/property/2007446/units
ASPENSQUARE_OPERATOR,6526,D01,explicit_future,2026-09-08,2026-09-08,true,availability_date,2026-09-08,2026-09-08,explicit_future,true,,https://doorway-api.knockrentals.com/v1/property/2007446/units
ASPENSQUARE_OPERATOR,6526,115,explicit_future,2026-09-05,2026-09-05,true,availability_date,2026-09-05,2026-09-05,explicit_future,true,,https://doorway-api.knockrentals.com/v1/property/2007446/units
ASPENSQUARE_OPERATOR,6526,18,historical_embedded,2026-07-21,2026-07-21,true,availability_date,2026-07-21,2026-07-21,historical_embedded,false,,https://doorway-api.knockrentals.com/v1/property/2007446/units
ASPENSQUARE_OPERATOR,6526,33,historical_embedded,2026-07-17,2026-07-17,true,availability_date,2026-07-17,2026-07-17,historical_embedded,false,,https://doorway-api.knockrentals.com/v1/property/2007446/units
ASPENSQUARE_OPERATOR,6526,C02,explicit_future,2026-08-15,2026-08-15,true,availability_date,2026-08-15,2026-08-15,explicit_future,true,,https://doorway-api.knockrentals.com/v1/property/2007446/units
ASPENSQUARE_OPERATOR,16186,Common 1,historical_embedded,2025-09-23,2025-09-23,true,availability_date,2025-09-23,2025-09-23,historical_embedded,false,,https://doorway-api.knockrentals.com/v1/property/2007402/units
ASPENSQUARE_OPERATOR,4079,306,historical_embedded,2026-07-30,2026-07-30,true,availability_date,2026-07-30,2026-07-30,historical_embedded,false,,https://doorway-api.knockrentals.com/v1/property/2007449/units
ASPENSQUARE_OPERATOR,4079,103,explicit_future,2026-10-17,2026-10-17,true,availability_date,2026-10-17,2026-10-17,explicit_future,true,,https://doorway-api.knockrentals.com/v1/property/2007449/units
ASPENSQUARE_OPERATOR,4079,308,explicit_future,2026-09-29,2026-09-29,true,availability_date,2026-09-29,2026-09-29,explicit_future,true,,https://doorway-api.knockrentals.com/v1/property/2007449/units
ASPENSQUARE_OPERATOR,4079,203,explicit_future,2026-08-12,2026-08-12,true,availability_date,2026-08-12,2026-08-12,explicit_future,true,,https://doorway-api.knockrentals.com/v1/property/2007449/units
ASPENSQUARE_OPERATOR,4079,202,historical_embedded,2026-04-10,2026-04-10,true,availability_date,2026-04-10,2026-04-10,historical_embedded,false,,https://doorway-api.knockrentals.com/v1/property/2007449/units
ASPENSQUARE_OPERATOR,4079,303,historical_embedded,2026-05-27,2026-05-27,true,availability_date,2026-05-27,2026-05-27,historical_embedded,false,,https://doorway-api.knockrentals.com/v1/property/2007449/units
ASPENSQUARE_OPERATOR,4079,202,historical_embedded,2026-05-15,2026-05-15,true,availability_date,2026-05-15,2026-05-15,historical_embedded,false,,https://doorway-api.knockrentals.com/v1/property/2007449/units
ASPENSQUARE_OPERATOR,4079,103,explicit_future,2026-09-04,2026-09-04,true,availability_date,2026-09-04,2026-09-04,explicit_future,true,,https://doorway-api.knockrentals.com/v1/property/2007449/units
ASPENSQUARE_OPERATOR,4079,204,historical_embedded,2026-07-14,2026-07-14,true,availability_date,2026-07-14,2026-07-14,historical_embedded,false,,https://doorway-api.knockrentals.com/v1/property/2007449/units
ASPENSQUARE_OPERATOR,4079,201,historical_embedded,2026-05-08,2026-05-08,true,availability_date,2026-05-08,2026-05-08,historical_embedded,false,,https://doorway-api.knockrentals.com/v1/property/2007449/units
ASPENSQUARE_OPERATOR,4079,108,explicit_future,2026-08-08,2026-08-08,true,availability_date,2026-08-08,2026-08-08,explicit_future,true,,https://doorway-api.knockrentals.com/v1/property/2007449/units
ASPENSQUARE_OPERATOR,4079,205,explicit_future,2026-08-19,2026-08-19,true,availability_date,2026-08-19,2026-08-19,explicit_future,true,,https://doorway-api.knockrentals.com/v1/property/2007449/units
ASPENSQUARE_OPERATOR,4079,108,historical_embedded,2026-06-19,2026-06-19,true,availability_date,2026-06-19,2026-06-19,historical_embedded,false,,https://doorway-api.knockrentals.com/v1/property/2007449/units
ASPENSQUARE_OPERATOR,4079,201,explicit_future,2026-08-22,2026-08-22,true,availability_date,2026-08-22,2026-08-22,explicit_future,true,,https://doorway-api.knockrentals.com/v1/property/2007449/units
ASPENSQUARE_OPERATOR,4079,101,historical_embedded,2026-07-09,2026-07-09,true,availability_date,2026-07-09,2026-07-09,historical_embedded,false,,https://doorway-api.knockrentals.com/v1/property/2007449/units
ASPENSQUARE_OPERATOR,4079,104,historical_embedded,2026-07-09,2026-07-09,true,availability_date,2026-07-09,2026-07-09,historical_embedded,false,,https://doorway-api.knockrentals.com/v1/property/2007449/units
ASPENSQUARE_OPERATOR,4079,208,explicit_future,2026-09-23,2026-09-23,true,availability_date,2026-09-23,2026-09-23,explicit_future,true,,https://doorway-api.knockrentals.com/v1/property/2007449/units
ASPENSQUARE_OPERATOR,4079,106,explicit_future,2026-08-29,2026-08-29,true,availability_date,2026-08-29,2026-08-29,explicit_future,true,,https://doorway-api.knockrentals.com/v1/property/2007449/units
ASPENSQUARE_OPERATOR,4079,103,explicit_future,2026-09-19,2026-09-19,true,availability_date,2026-09-19,2026-09-19,explicit_future,true,,https://doorway-api.knockrentals.com/v1/property/2007449/units
ASPENSQUARE_OPERATOR,4079,112,historical_embedded,2026-07-06,2026-07-06,true,availability_date,2026-07-06,2026-07-06,historical_embedded,false,,https://doorway-api.knockrentals.com/v1/property/2007449/units
ASPENSQUARE_OPERATOR,4079,206,explicit_future,2026-08-29,2026-08-29,true,availability_date,2026-08-29,2026-08-29,explicit_future,true,,https://doorway-api.knockrentals.com/v1/property/2007449/units
ASPENSQUARE_OPERATOR,4079,203,historical_embedded,2026-06-25,2026-06-25,true,availability_date,2026-06-25,2026-06-25,historical_embedded,false,,https://doorway-api.knockrentals.com/v1/property/2007449/units
ASPENSQUARE_OPERATOR,4079,202,explicit_future,2026-10-03,2026-10-03,true,availability_date,2026-10-03,2026-10-03,explicit_future,true,,https://doorway-api.knockrentals.com/v1/property/2007449/units
ASPENSQUARE_OPERATOR,4079,107,explicit_future,2026-08-08,2026-08-08,true,availability_date,2026-08-08,2026-08-08,explicit_future,true,,https://doorway-api.knockrentals.com/v1/property/2007449/units
ASPENSQUARE_OPERATOR,4079,103,explicit_future,2026-08-08,2026-08-08,true,availability_date,2026-08-08,2026-08-08,explicit_future,true,,https://doorway-api.knockrentals.com/v1/property/2007449/units
ASPENSQUARE_OPERATOR,4079,102,historical_embedded,2026-07-29,2026-07-29,true,availability_date,2026-07-29,2026-07-29,historical_embedded,false,,https://doorway-api.knockrentals.com/v1/property/2007449/units
ASPENSQUARE_OPERATOR,4079,202,sentinel_future,2050-01-02,2050-01-02,false,,,,,false,,https://doorway-api.knockrentals.com/v1/property/2007449/units
ASPENSQUARE_OPERATOR,4079,103,explicit_future,2026-08-11,2026-08-11,true,availability_date,2026-08-11,2026-08-11,explicit_future,true,,https://doorway-api.knockrentals.com/v1/property/2007449/units
ASPENSQUARE_OPERATOR,4079,108,historical_embedded,2026-06-25,2026-06-25,true,availability_date,2026-06-25,2026-06-25,historical_embedded,false,,https://doorway-api.knockrentals.com/v1/property/2007449/units
ASPENSQUARE_OPERATOR,4079,201,historical_embedded,2026-07-27,2026-07-27,true,availability_date,2026-07-27,2026-07-27,historical_embedded,false,,https://doorway-api.knockrentals.com/v1/property/2007449/units
ASPENSQUARE_OPERATOR,4079,208,historical_embedded,2026-06-19,2026-06-19,true,availability_date,2026-06-19,2026-06-19,historical_embedded,false,,https://doorway-api.knockrentals.com/v1/property/2007449/units
ASPENSQUARE_OPERATOR,4079,308,sentinel_future,2050-01-02,2050-01-02,false,,,,,false,,https://doorway-api.knockrentals.com/v1/property/2007449/units
ASPENSQUARE_OPERATOR,4079,304,historical_embedded,2026-05-08,2026-05-08,true,availability_date,2026-05-08,2026-05-08,historical_embedded,false,,https://doorway-api.knockrentals.com/v1/property/2007449/units
SQUARESPACE_UNIT_BLOCK,241432,406,available_now,Available Now,2026-08-01,true,available_date,Available Now,2026-08-01,available_now,false,,https://cricketflats.com/availability
SQUARESPACE_UNIT_BLOCK,241432,514,explicit_capture_date,Available 8/1,2026-08-01,true,available_date,Available 8/1,2026-08-01,explicit_capture_date,false,,https://cricketflats.com/availability
SQUARESPACE_UNIT_BLOCK,241432,303,explicit_future,Available 9/1,2026-09-01,true,available_date,Available 9/1,2026-09-01,explicit_future,true,,https://cricketflats.com/availability
SQUARESPACE_UNIT_BLOCK,241432,517,explicit_capture_date,Available 8/1,2026-08-01,true,available_date,Available 8/1,2026-08-01,explicit_capture_date,false,,https://cricketflats.com/availability
SQUARESPACE_UNIT_BLOCK,241432,217,explicit_future,Available 9/3,2026-09-03,true,available_date,Available 9/3,2026-09-03,explicit_future,true,,https://cricketflats.com/availability
SQUARESPACE_UNIT_BLOCK,241432,213,available_now,Available Now,2026-08-01,true,available_date,Available Now,2026-08-01,available_now,false,,https://cricketflats.com/availability
SQUARESPACE_UNIT_BLOCK,241432,318,explicit_capture_date,Available 8/1,2026-08-01,true,available_date,Available 8/1,2026-08-01,explicit_capture_date,false,,https://cricketflats.com/availability
SQUARESPACE_UNIT_BLOCK,241432,212,explicit_future,Available 9/4,2026-09-04,true,available_date,Available 9/4,2026-09-04,explicit_future,true,,https://cricketflats.com/availability
