property_id,property_name,website,source_adapter_0731,current_detected_adapter,exact_entrata_anchor,securecafe_base_count,rp_oracle_native_unit_rows,rp_oracle_distinct_floorplans,disposition
228341,The Commons at Cowan Boulevard,http://commonsatcowanboulevard.com/,encoreskyline_template,encoreskyline_template,,0,7,5,residual_unconverted
257761,The Emory,https://www.theemoryplano.com/,entrata,entrata,https://www.theemoryplano.com/plano/the-emory/conventional/,0,270,33,hyperbrowser_exact_entrata_anchor_pending_native_unit_drill
299847,Mirabella,https://www.mirabellamcallen.com/,generic,generic_plan_text,,0,5,5,direct_or_archived_lane_exhausted_no_strict_win
69912,Creekwood,http://www.creekwoodapartmenthomes.com/,entrata,entrata,https://www.creekwoodapartmenthomes.com/hayward/creekwood/conventional/,0,0,0,hyperbrowser_exact_entrata_anchor_pending_native_unit_drill
37798,Covington Place,http://www.covingtonplace.com/,resman,resman,,0,4,4,residual_unconverted
223248,Royal Oaks,http://www.metroplexapts.com,rentcafe,rentcafe,,0,0,0,residual_unconverted
29970,Delane Glen,https://www.lernerapartments.com/Delane-Glen-Apartments,generic,generic_plan_text,,0,3,3,direct_or_archived_lane_exhausted_no_strict_win
71345,Westgate Village Townhouses,https://www.westgate-village-townhouses.com/,wix_nopms,wix_nopms,,0,1,1,direct_or_archived_lane_exhausted_no_strict_win
251597,,https://www.wyndhamridgecolumbus.com/,,unknown,,0,6,2,residual_unconverted
36530,The Point at Monroe Place,https://www.thepointatmonroeplace.com/,entrata,entrata,,0,10,9,residual_unconverted
18389,Westgate Village,https://www.fmgnj.com/apartments/pa/malvern/westgate-village/,g5,g5,,0,6,3,residual_unconverted
71534,,https://www.wimmercommunities.com/apartments/menomonee-falls/riverwalk-on-the-falls/,,rentcafe,,0,6,6,residual_unconverted
254973,Oakwood Hills,https://www.oakwoodhillsapts.com/,entrata,unknown,,0,3,3,residual_unconverted
247179,Lerner Parc at Gatlin Commons,https://livelerner.com/lerner-parc-at-gatlin-commons/,rentcafe,rentcafe,,1,0,0,securecafe_exact_base_direct_blocked_or_pending_hb
289338,201 Walnut,https://www.201walnut.com/,rentcafe,rentcafe,,1,0,0,securecafe_exact_base_direct_blocked_or_pending_hb
246962,Portola Bridge Creek,http://www.bridgecreekapthomes.com/,generic,unknown,,0,13,9,residual_unconverted
25489,Cortland North Dallas,https://cortland.com/apartments/cortland-north-dallas/,entrata,cortland,,0,0,0,residual_unconverted
35347,717 Olympic,https://www.717olympic.com/,generic_plan_text,generic_plan_text,,0,0,0,direct_or_archived_lane_exhausted_no_strict_win
61979,Villa Milano,https://www.villamilano.us/,rentcafe,rentcafe,,1,12,8,securecafe_exact_base_direct_blocked_or_pending_hb
247119,Riverside Place,https://www.riversidegp.com/,entrata,entrata,https://www.riversidegp.com/grand-prairie/riverside-place-apartments/conventional/,0,18,12,hyperbrowser_exact_entrata_anchor_pending_native_unit_drill
40733,Country Club,https://www.smdproperty.com/resident-properties/country-club-apartments/,generic,unknown,,0,6,6,residual_unconverted
218378,The Terraces Apartments,http://www.equityapartments.com/california/san-francisco-bay-apartments/lower-nob-hill/the-terraces-apartments.aspx,equity,equity,,0,0,0,residual_unconverted
22552,,https://www.lavinaapts.com/,,entrata,https://www.lavinaapts.com/livermore/la-vina/conventional/,0,0,0,hyperbrowser_exact_entrata_anchor_pending_native_unit_drill
232583,Custer Crossing Apartments,https://princetonmanagement.com/communities/custer-crossing-apartments/,generic,unknown,,0,4,4,residual_unconverted
234945,IMT Belasera at Superior,https://www.imtresidential.com/imtbelaseraatsuperior/,sightmap,sightmap,,0,0,0,residual_unconverted
52541,,https://princetonmanagement.com/communities/woodbridge-manor-apartments/,,unknown,,0,7,7,residual_unconverted
53567,Trafalgar Square Apartments,https://princetonmanagement.com/communities/trafalgar-square-apartments/,generic,unknown,,0,3,3,residual_unconverted
60145,Woodmont Mews,https://www.woodmontmewsapartments.com/,encoreskyline_template,generic_plan_text,,0,10,4,direct_or_archived_lane_exhausted_no_strict_win
22962,Fox Lane,https://princetonmanagement.com/communities/fox-lane-apartments/,generic,unknown,,0,3,3,residual_unconverted
52182,Woodside Village Apartments,http://www.woodsideapartments.net,generic_plan_text,generic_plan_text,,0,3,3,direct_or_archived_lane_exhausted_no_strict_win
34785,,http://adaraportal.yottareal.com/pages/HomePage.aspx?Id=55,,unknown,,0,15,6,residual_unconverted
295542,Enclave Crystal Lake,https://www.liveenclavecrystallake.com/,rentcafe,rentcafe,,0,20,5,residual_unconverted
301417,Marlowe Live Oak,https://www.marloweliveoak.com/,entrata,entrata,https://www.marloweliveoak.com/st-cloud/marlowe-live-oak/conventional/,0,44,4,hyperbrowser_exact_entrata_anchor_pending_native_unit_drill
230598,The Ridge,https://www.theridgehagerstown.com/,repli360,sightmap,,0,42,11,residual_unconverted
24139,,https://prometheusapartments.com/ca/santa-clara-apartments/boardwalk/,,unknown,,0,14,3,residual_unconverted
273828,,https://www.pointegrandsouthlake.com/,,funnel,,0,15,1,residual_unconverted
32996,TGM Ridge,https://tgmridge.com/,generic,unknown,,0,34,7,residual_unconverted
46915,Barberton,https://www.barbertonapt.com/,rentcafe,rentcafe,,0,3,3,residual_unconverted
234385,Townhomes at Spring Valley,http://www.mmgapts.com/spring-valley.htm,rentcafe,rentcafe,,0,0,0,residual_unconverted
53932,Misty Hollow,http://www.landmarkrealty.org/misty-hollow/,generic,unknown,,0,3,2,residual_unconverted
63191,Avenir on Fifteenth,http://avenirphilly.com/,sightmap,sightmap,,0,11,4,residual_unconverted
16509,,http://brooklawngardensapts.com/property/brooklawn/,,unknown,,0,0,0,residual_unconverted
1765,Annaberg,https://www.augustarentalhomes.net/_system/listings/56/2905-Arrowhead-Drive---D3-Augusta-GA-30909-US,generic,unknown,,0,0,0,residual_unconverted
3788,,http://www.citadelvillageco.com/,,appfolio,,0,0,0,direct_or_archived_lane_exhausted_no_strict_win
75912,TGM Creekside Village,www.tgmcreeksidevillage.com,generic,unknown,,0,24,6,residual_unconverted
24982,Fisher Building,https://www.cityclubapartments.com/usa/chicago-il/downtown/fisher-building-city-club/?lvcode=890940,generic,unknown,,0,6,4,residual_unconverted
27080,Easton North,http://www.oxfordrealtygroup.com/properties/new-jersey/easton-north/,rentcafe,rentcafe,,1,0,0,securecafe_exact_base_direct_blocked_or_pending_hb
23572,,https://www.riveroaksmgmt.com/vacancies-sommerset-la-costa,,appfolio,,0,0,0,direct_or_archived_lane_exhausted_no_strict_win
26527,Aquila Park,https://finelivingapts.com/,rentmanager,rentmanager,,0,13,4,direct_or_archived_lane_exhausted_no_strict_win
12586,Avondale at Warner Center,https://www.essexapartmenthomes.com/apartments/woodland-hills/avondale-at-warner-center,essex,essex,,0,18,3,residual_unconverted
30101,Apartments at Bel Air,https://www.seasonsbelair.com/,entrata,entrata,,0,72,18,residual_unconverted
61459,,http://www.thiestalle.com/properties/oakstreet-st-cloud.html,,knock,,0,0,0,residual_unconverted
76138,Covey Chase,https://morrowapartments.net/wdk-listing/covey-chase-apartments/,generic_plan_text,generic_plan_text,,0,3,3,direct_or_archived_lane_exhausted_no_strict_win
49096,Pondview Apartments,https://tvcproperties.com/community-detail/?pid=19,rentmanager,rentmanager,,0,4,3,direct_or_archived_lane_exhausted_no_strict_win
68497,Maya,http://www.liveatmaya.com/,knock,knock,,0,0,0,residual_unconverted
75314,Village Park at Paladin,https://pettinaro.com/village-park-paladin/,generic,unknown,,0,6,2,residual_unconverted
26736,The Boro - Phipps,https://www.theboroapartments.com/?switch_cls%5Bid%5D=64893&utm_source=gmb&utm_medium=organic&oll_switch_cls%5Bid%5D=64893&oll_utm_source=gmb&oll_utm_medium=organic,entrata,entrata,https://theboro.prospectportal.com/atlanta/kingsboro-luxury-apartments/conventional/,0,25,10,hyperbrowser_exact_entrata_anchor_pending_native_unit_drill
2844,TGM Danada,www.tgmdanada.com,generic,unknown,,0,40,5,residual_unconverted
74900,Fox Lake,https://www.foxlakeonline.com/,entrata,entrata,https://foxlake.prospectportal.com/knoxville/fox-lake-apartment-homes/conventional/,0,22,7,hyperbrowser_exact_entrata_anchor_pending_native_unit_drill
19245,Tenzen,http://www.tenzenapartments.com/,generic,unknown,,0,2,2,residual_unconverted
2239,TGM Autumn Woods,http://www.tgmautumnwoods.com,generic,unknown,,0,47,6,residual_unconverted
34362,Tamarron,www.thetamarronapts.com,generic,unknown,,0,25,5,residual_unconverted
50114,Woodgrove Point,https://rookwoodproperties.com/details/?propID=1&rmwebsvc_id=1&rmwebsvc_command=PropertyDetail.aspx&rmwebsvc_corpid=rookwood&rmwebsvc_location=1&rmwebsvc_mode=javascript&rmwebsvc_AvailabilityDate=8/21/2019&rmwebsvc_template=proplist,rentmanager,rentmanager,,0,0,0,direct_or_archived_lane_exhausted_no_strict_win
17984,Alessio,https://www.essexapartmenthomes.com/apartments/los-angeles/alessio,essex,essex,,0,21,4,residual_unconverted
277913,,https://www.byredwood.com/apartments/oh/perrysburg/redwood-perrysburg-oregon-road/index.aspx,,rentcafe,,0,0,0,residual_unconverted
68465,The Morgan Sandy Springs,https://www.themorgansandysprings.com/,entrata,entrata,https://www.themorgansandysprings.com/sandy-springs/the-morgan-sandy-springs/conventional/,0,19,11,hyperbrowser_exact_entrata_anchor_pending_native_unit_drill
2282,City View,https://www.essexapartmenthomes.com/california/san-francisco-bay-area-apartments/hayward-apartments/city-view,essex,essex,,0,18,7,residual_unconverted
69558,Spring Hill Apartments,https://www.goldberg-realty.com/spring-hill-apartments/default.aspx?_yTrackUser=NjYxMjI5OTY5IzE0NTQ0NTc5MTc=-lDwvxVr1Jx8=&_yTrackVisit=MTQ4NjYyNzQ2OCM2NDQ2Nzc2ODg%3d-W7HwJRKaxxE%3d&_yTrackReqDT=05551420201206,rentcafe,rentcafe,,1,1,1,securecafe_exact_base_direct_blocked_or_pending_hb
273790,Pointe Grand Augusta,https://www.pointegrandaugusta.com/,funnel,funnel,,0,10,1,residual_unconverted
30663,Revello - Living at Santa Monica,https://www.livingatsantamonica.com/properties/revello/,onesite,onesite,,0,0,0,residual_unconverted
56567,Park Forest Apartments,https://www.apartmentsstatecollege.com/park-forest-apartments,appfolio,appfolio,,0,2,2,direct_or_archived_lane_exhausted_no_strict_win
8654,Riverfalls at Bellmar,https://www.riverfallsdallas.com/,apts247,apts247,,0,27,4,residual_unconverted
1375,Lakewood,http://www.lakewood-apartments.net/,entrata,entrata,https://www.lakewood-apartments.net/tomball/lakewood-apartments/conventional/,0,25,13,hyperbrowser_exact_entrata_anchor_pending_native_unit_drill
16831,Agora at Port Richey,https://agoraatportrichey.prospectportal.com/,entrata,entrata,https://agoraatportrichey.prospectportal.com/port-richey/agora-at-port-richey/conventional/,0,24,10,hyperbrowser_exact_entrata_anchor_pending_native_unit_drill
36782,Harbor Station Townhomes,https://www.harborstationtownhomes.com/,rentmanager,rentmanager,,0,2,2,direct_or_archived_lane_exhausted_no_strict_win
266766,101 Oxford,https://www.101oxford.com/,rentcafe,rentcafe,,1,0,0,securecafe_exact_base_direct_blocked_or_pending_hb
27245,Halston Shiloh Valley,https://www.halstonshilohvalley.com/,entrata,entrata,https://halstonshilohvalley.prospectportal.com/kennesaw/halston-shiloh-valley/conventional/,0,17,6,hyperbrowser_exact_entrata_anchor_pending_native_unit_drill
42586,Birchstone Northlake,https://www.birchstonenorthlake.com/,entrata,entrata,https://www.birchstonenorthlake.com/northlake/birchstone-northlake/conventional/,0,19,7,hyperbrowser_exact_entrata_anchor_pending_native_unit_drill
25443,Lee Square,http://www.leesquareapartments.com/,appfolio,appfolio,,0,0,0,direct_or_archived_lane_exhausted_no_strict_win
78597,Sentral Union Station,https://www.sentral.com/denver/union-station,encoreskyline_template,unknown,,0,51,19,residual_unconverted
268888,Artthaus Jack London,https://arthaus.mov/building-community.php?slug=arthaus-jack-london,generic,unknown,,0,1,1,residual_unconverted
249998,Canvas,https://www.canvas-apts.com/,rentcafe,rentcafe,,0,43,20,residual_unconverted
15014,Wildwood Park,http://www.rentdittmar.com/apartment-communities/wildwood-park,entrata,generic_plan_text,,0,25,7,direct_or_archived_lane_exhausted_no_strict_win
282696,Allen Ranch Estates,https://www.ishranchestates.com/allen-ranch,wix_nopms,wix_nopms,,0,1,1,direct_or_archived_lane_exhausted_no_strict_win
33993,City Club Apartments MDA,https://www.cityclubapartments.com/,generic,unknown,,0,0,0,residual_unconverted
74523,Charter Club,http://www.charterclubapts.com/,generic,unknown,,0,0,0,residual_unconverted
218177,Mill & Main,www.millandmain.com,funnel,funnel,,0,0,0,residual_unconverted
263732,Hoyt Tower,https://www.hoyttowernewark.com/,wix_nopms,wix_nopms,,0,2,2,direct_or_archived_lane_exhausted_no_strict_win
38737,,http://www.rentatstonegateapartments.com/,,entrata,https://www.rentatstonegateapartments.com/lakewood/stonegate-apartments/conventional/,0,3,2,hyperbrowser_exact_entrata_anchor_pending_native_unit_drill
272772,Hawkeye Village,http://hawkeyevillageapartments.com/,generic,unknown,,0,5,5,residual_unconverted
42576,Fenway Triangle,https://fenwaytriangle.com/,rentcafe,rentcafe,,1,31,20,securecafe_exact_base_direct_blocked_or_pending_hb
60141,Bridgeview,http://www.scullycompany.com/bridgeview-14.html,sightmap,sightmap,,0,0,0,residual_unconverted
240111,ReNew Logan Square,https://www.renewlogansquare.com/,entrata,entrata,https://www.renewlogansquare.com/philadelphia/renew-logan-square/conventional/,0,15,5,hyperbrowser_exact_entrata_anchor_pending_native_unit_drill
282381,Mission Ranch,https://www.missionmanagementlindale.com/,appfolio,appfolio,,0,10,4,direct_or_archived_lane_exhausted_no_strict_win
8789,,https://livebh.com/apartments/flintridge-apartment-homes/?utm_source=vanity&utm_medium=redirect&utm_campaign=flintridge-apartment-homes&original_referrer=flintridgeapartments.com,,funnel,,0,5,5,residual_unconverted
22986,Tuscany Hills,http://www.tuscanyhillsapartments.com/,entrata,entrata,https://www.tuscanyhillsapartments.com/san-marcos/tuscany-hills-apartments/conventional/,0,18,8,hyperbrowser_exact_entrata_anchor_pending_native_unit_drill
17186,The Park at Tivoli,https://www.theparkattivoli.com/,rentcafe,rentcafe,,0,0,0,residual_unconverted
55709,Vista Pointe Apartments,https://ridgepointeblueridgeapts.com/en/,generic,generic_plan_text,,0,8,8,direct_or_archived_lane_exhausted_no_strict_win
26733,Parc 85,https://www.parc85.com/,entrata,entrata,https://www.parc85.com/duluth/parc-85/conventional/,0,12,5,hyperbrowser_exact_entrata_anchor_pending_native_unit_drill
42977,Elms at Stoney Run,https://stoneyrunelmsliving.com/home#,realpage_oll,unknown,,0,22,7,residual_unconverted
72766,Fox Ridge,https://www.liveatfoxridge.com/?utm_source=GBP&utm_medium=organic&utm_knock=gbp,repli360,repli360,,0,17,9,residual_unconverted
68956,266 Lofts,https://www.266lofts.com/,g5,g5,,0,0,0,residual_unconverted
251120,The Foundry,https://www.thefoundry-tbd.com/,rentcafe,rentcafe,,1,0,0,securecafe_exact_base_direct_blocked_or_pending_hb
252891,,https://www.livebellrock.com/apartments/tx/katy/bellrock-market-station/,,encoreskyline_template,,0,0,0,residual_unconverted
70993,Modera Mosaic,https://www.moderamosaic.com/,entrata,entrata,,0,17,12,residual_unconverted
46576,,https://www.proresidential.com/oklahoma-properties/campus-pointe-,,appfolio,,0,22,4,direct_or_archived_lane_exhausted_no_strict_win
40398,Canyon Springs,https://www.canyonspringsfresno.com/,entrata,entrata,,0,3,3,residual_unconverted
270672,Pointe Grand Warner Robins,https://www.pointegrandwarnerrobins.com/,funnel,funnel,,0,15,1,residual_unconverted
47909,Westerville Park Apartment Homes,https://www.capcityapartments.com/westerville-park,wix_floor_plans,wix_nopms,,0,3,3,direct_or_archived_lane_exhausted_no_strict_win
240595,Stockbridge Trails,https://www.stockbridgetrailsapartments.com/,rentcafe,rentcafe,,1,4,3,securecafe_exact_base_direct_blocked_or_pending_hb
251514,LC SoBro I,https://lifestylecommunities.com/community/lc-sobro,entrata,appfolio,,0,28,13,direct_or_archived_lane_exhausted_no_strict_win
32097,Clemmons Trace Village,http://www.clemmonstracevillage.com/,resman,resman,,0,0,0,residual_unconverted
220907,Reserve At Bradbury Place,https://www.keystonemanagement.com/apartments/nc/reserve-at-bradbury-place,rentcafe,rentcafe,,0,21,6,residual_unconverted
227354,,https://www.sandstoneapartmenthomes.com/,,entrata,https://www.sandstoneapartmenthomes.com/waco/sandstone/conventional/,0,21,8,hyperbrowser_exact_entrata_anchor_pending_native_unit_drill
46257,Advenir at Mayfield,https://www.adveniratmayfield.com/,entrata,entrata,,0,12,4,residual_unconverted
219752,Lamphouse,https://lamphouseapts.com/,generic,rentcafe,,0,11,10,residual_unconverted
36158,Allen Meadows,https://allenmeadows.prospectportal.com/,entrata,entrata,https://allenmeadows.prospectportal.com/syracuse/allen-meadows-apartments/conventional/,0,0,0,hyperbrowser_exact_entrata_anchor_pending_native_unit_drill
58390,,https://live30lancaster.com/,,rentcafe,,0,14,7,residual_unconverted
241538,Block 88,http://www.block88apts.com/,rentcafe,rentcafe,,1,0,0,securecafe_exact_base_direct_blocked_or_pending_hb
56903,The Landmark,https://www.fxmessina.com/the-landmark?rq=The%20Landmark,squarespace_nopms,squarespace_nopms,,0,5,5,residual_unconverted
74872,Heather Ridge,http://heatherridgeapts.net/,entrata,entrata,,0,23,2,residual_unconverted
19877,Advenir at Magnolia,http://www.adveniratmagnolia.com/,entrata,entrata,,0,12,6,residual_unconverted
239094,Zander Place,http://www.zanderplace.com/,rentcafe,rentcafe,,1,7,6,securecafe_exact_base_direct_blocked_or_pending_hb
48092,Edgewater Village,https://www.edgewatervillageapts.com/,entrata,entrata,,0,0,0,residual_unconverted
11089,Village Green of Bear Creek,http://www.villagegreenofbearcreekapts.com/home/,resman,resman,,0,10,10,residual_unconverted
44955,,https://www.kjaxproperty.com/fulton-woods,,appfolio,,0,0,0,direct_or_archived_lane_exhausted_no_strict_win
37071,Summerwood on Towne Line,www.summerwoodindy.com,generic,unknown,,0,15,6,residual_unconverted
60303,,http://ironworksindy.com/,,rentcafe,,0,0,0,residual_unconverted
52854,Parkside,https://parksideaptsliving.com/,rentmanager,rentmanager,,0,0,0,direct_or_archived_lane_exhausted_no_strict_win
28174,Pinewoods Circle,http://www.pinewoodsvillage.com/,rentcafe,rentcafe,,1,5,2,securecafe_exact_base_direct_blocked_or_pending_hb
262964,The Bellagio,https://www.bellagio1384.com/,wix_floor_plans,wix_nopms,,0,0,0,direct_or_archived_lane_exhausted_no_strict_win
40309,1750 on First,https://www.1750-onfirstapartments.com/,onsite_apply,rentcafe,,0,1,1,residual_unconverted
63558,Pearl Dadeland,http://pearldadeland.com/,entrata,entrata,,0,40,15,residual_unconverted
267117,Azure Carnes Crossroads,https://www.azurecarnescrossroads.com/,onesite,onesite,,0,0,0,residual_unconverted
57195,Tribeca,https://tribecacolumbus.com/,squarespace_nopms,squarespace_nopms,,0,25,15,residual_unconverted
39198,Vista De Palmas Apartments,http://www.vistadepalmasapartments.com/,generic,unknown,,0,7,4,residual_unconverted
72391,Lumina,https://liveatlumina.com/,entrata,entrata,,0,0,0,residual_unconverted
238508,Centennial,https://www.liveatcentennialapartments.com/,rentcafe,rentcafe,,0,0,0,residual_unconverted
298586,Gateway Lofts Lexington,https://gatewayloftslexington.com/,entrata,entrata,,0,0,0,residual_unconverted
52949,Woodlands at Nashua,https://www.livewoodlandsatnashua.com/,entrata,entrata,https://www.livewoodlandsatnashua.com/nashua/woodlands-at-nashua/conventional/,0,0,0,hyperbrowser_exact_entrata_anchor_pending_native_unit_drill
594,Harbinwood,www.harbinwoodbyelon.com,rentcafe,rentcafe,,1,4,4,securecafe_exact_base_direct_blocked_or_pending_hb
1617,,https://www.crossingatriverlake.com,,unknown,,0,6,3,residual_unconverted
22658,Country Ridge Townhomes,https://www.countryridge.com,rentcafe,rentcafe,,1,2,2,securecafe_exact_base_direct_blocked_or_pending_hb
258789,Luxe 88,https://luxe88apts.com/,encoreskyline_template,encoreskyline_template,,0,13,12,residual_unconverted
261580,,https://www.1515parkplace.com/,,generic_plan_text,,0,8,4,direct_or_archived_lane_exhausted_no_strict_win
54936,Brentwood Square,https://brentwoodsquareapts.prospectportal.com/,entrata,entrata,,0,6,5,residual_unconverted
47845,Casa De Caro,https://www.equilibriumprops.com/casa-de-caro-apartments,appfolio,appfolio,,0,0,0,direct_or_archived_lane_exhausted_no_strict_win
225914,Fox Glen,www.foxglen-apts.com,rentcafe,rentcafe,,1,0,0,securecafe_exact_base_direct_blocked_or_pending_hb
38677,Tor View Village,www.torviewvillageapts.com,onesite,onesite,,0,5,4,residual_unconverted
231543,Autumn Hills,https://bestrentnj.com/Communities/Autumn-Hills/,rentcafe,rentcafe,,1,0,0,securecafe_exact_base_direct_blocked_or_pending_hb
246351,Chatsworth Village Townhomes,https://www.glendalecommunities.com/property/chatsworth-townhouses/,rentmanager,rentmanager,,0,2,2,direct_or_archived_lane_exhausted_no_strict_win
48946,,https://www.wimmercommunities.com/apartments/wi/greenfield/westfield-apartments/?utm_knock=gmb,,knock,,0,0,0,residual_unconverted
72732,,http://www.centralmngt.com/Search?Community=15,,unknown,,0,2,2,residual_unconverted
42085,Revive Apartments,https://www.reviveapartments.com/,entrata,entrata,,0,30,6,residual_unconverted
54798,The Point at Abington,https://www.thepointatabington.com/,entrata,entrata,,0,8,3,residual_unconverted
46179,,https://www.hayloftapartmenthomes.com/east-hampton-estates,,wix_nopms,,0,6,5,direct_or_archived_lane_exhausted_no_strict_win
35192,Enclave on Golden Triangle,http://www.enclaveongoldentriangle.com/,entrata,entrata,https://www.enclaveongoldentriangle.com/fort-worth/enclave-on-golden-triangle/conventional/,0,21,13,hyperbrowser_exact_entrata_anchor_pending_native_unit_drill
43995,Hamilton Hall,http://www.scullycompany.com/hamilton-hall-18.html,sightmap,sightmap,,0,6,3,residual_unconverted
43908,ReNew Johnson Creek,https://www.renewjohnsoncreek.com/,entrata,entrata,https://www.renewjohnsoncreek.com/milwaukie/renew-johnson-creek/conventional/,0,12,3,hyperbrowser_exact_entrata_anchor_pending_native_unit_drill
18764,Americana Palos Verdes,https://www.americana-apts.com/,entrata,entrata,https://www.americana-apts.com/las-vegas/apv-americana/conventional/,0,0,0,hyperbrowser_exact_entrata_anchor_pending_native_unit_drill
269346,Ashford Apartment Homes,https://rjamesproperties.com/ashford-brook/,generic,unknown,,0,4,2,residual_unconverted
260505,Onyx Uptown PHX,https://broadstoneuptownphx.com/,generic,unknown,,0,274,10,residual_unconverted
263498,The Julington,https://risejulington.com/,generic,unknown,,0,27,9,residual_unconverted
27725,The Gardens of Pinecrest,https://www.gardensofpinecrestapartments.com/?rcstdid=MzI%3d-GJOvflXLv8M%3d&_yTrackUser=ODc4MjE0MDU4IzE4OTE0MjUzNDM%3d-q3%2b9PtfoQ%2bo%3d&_yTrackVisit=MTU4OTQ5NDE0MyMxODI1ODI1MTU3-j1vbMVdjJw8%3d&_yTrackReqDT=22311420200708,rentcafe,rentcafe,,1,1,1,securecafe_exact_base_direct_blocked_or_pending_hb
38107,,https://www.livefountainplaceapts.com/,,appfolio,,0,0,0,direct_or_archived_lane_exhausted_no_strict_win
42554,,http://summerwindaptsfl.com/,,unknown,,0,0,0,residual_unconverted
42571,,https://westwoodvillageapthomes.com/en/,,encoreskyline_template,,0,2,2,residual_unconverted
246468,Colonial Manor,https://www.rentwatertown.com/colonial-manor,rentmanager,rentmanager,,0,0,0,direct_or_archived_lane_exhausted_no_strict_win
275898,Bradley Pointe,https://www.liveatbradleypointe.com/,encoreskyline_template,encoreskyline_template,,0,22,4,residual_unconverted
293923,,https://www.woodsatcountrysidecrossing.com/,,entrata,https://www.woodsatcountrysidecrossing.com/avon/woods-at-countryside-crossing/conventional/,0,4,4,hyperbrowser_exact_entrata_anchor_pending_native_unit_drill
56762,Seventh West,https://www.seventhwestapartments.com/,rentcafe,rentcafe,,1,0,0,securecafe_exact_base_direct_blocked_or_pending_hb
4330,,https://www.invitationalapartments.com/,,unknown,,0,11,2,residual_unconverted
77794,,https://www.palmbeachgardensapartments.com/,,rentmanager,,0,8,3,direct_or_archived_lane_exhausted_no_strict_win
20959,Dove Valley Apartment Homes,https://www.dovevalleyapts.com/,entrata,entrata,https://www.dovevalleyapts.com/englewood/dove-valley/conventional/,0,25,12,hyperbrowser_exact_entrata_anchor_pending_native_unit_drill
235473,,http://www.rooftop252.com/,,unknown,,0,6,4,residual_unconverted
234772,The Pointe at Harpers Mill,http://www.liveattp.com/,entrata,entrata,https://www.liveattp.com/millersville/the-pointe-at-harpers-mill/conventional/,0,10,6,hyperbrowser_exact_entrata_anchor_pending_native_unit_drill
32978,Camden Vineyards,https://www.camdenliving.com/apartments/murrieta-ca/camden-vineyards,camden,unknown,,0,0,0,residual_unconverted
34708,Camden Main & Jamboree,https://www.camdenliving.com/apartments/irvine-ca/camden-main-and-jamboree,camden,unknown,,0,0,0,residual_unconverted
5735,Aventura Apartments,https://aventuraorlandoapartments.prospectportal.com/,entrata,entrata,https://aventuraorlandoapartments.prospectportal.com/orlando/aventura-orlando-apartments/conventional/,0,5,2,hyperbrowser_exact_entrata_anchor_pending_native_unit_drill
44339,Pronghorn Apartments,https://www.pronghorncasper.com/?utm_source=GMB&utm_medium=organic,entrata,entrata,https://www.pronghorncasper.com/casper-casper-wyoming/pronghorn-apartments-pronghorn/conventional/,0,5,3,hyperbrowser_exact_entrata_anchor_pending_native_unit_drill
72743,,https://brandywinecommunities.com/properties/della-plaza/,,rentcafe,,0,0,0,residual_unconverted
226383,The Colony Apartments,http://availability.sparkleam.com/properties/?rmwebsvc_command=PropertyDetail&rmwebsvc_id=4&rmwebsvc_template=Properties,rentmanager,rentmanager,,0,0,0,direct_or_archived_lane_exhausted_no_strict_win
48075,,https://www.edgefieldaptsva.com/,,unknown,,0,0,0,residual_unconverted
22382,4418 Spruce Street,https://www.livecampusapts.com/property/4418-spruce-street/?search-parameters=1&start_date=0&end_date=9999999999&price_min=0&price_max=10000,entrata,entrata,,0,0,0,residual_unconverted
225886,Casa Baywood,https://www.casabaywoodapts.com/,rentcafe,rentcafe,,1,0,0,securecafe_exact_base_direct_blocked_or_pending_hb
24337,Colonial House,https://residential.eprodesse.com/colonial-house-apartments/index.aspx,rentcafe,rentcafe,,0,0,0,residual_unconverted
72631,Linden Lane,http://www.lindenlaneapartmenthomes.com/,generic_plan_text,generic_plan_text,,0,3,3,direct_or_archived_lane_exhausted_no_strict_win
8119,St. Andrews of Palm Aire,https://www.scullycompany.com/apartments/florida/broward-county/pompano-beach/st-andrews-palm-aire/,sightmap,sightmap,,0,15,5,residual_unconverted
55165,Legacy Oaks,http://legacyoaksapts.com/,rentmanager,rentmanager,,0,3,3,direct_or_archived_lane_exhausted_no_strict_win
17674,Hollywood Terrace,http://hpgmanagement.com/property/6550yucca/,rentcafe,rentcafe,,0,4,4,residual_unconverted
294493,Ashland,https://krcapartments.com/property-detail/?propid=587&propname=Ashland%20Apartments,rentmanager,rentmanager,,0,0,0,direct_or_archived_lane_exhausted_no_strict_win
47444,Iroquois Green,https://www.sunresidential.com/iroquois-green-apartments0/default,rentmanager,rentmanager,,0,0,0,direct_or_archived_lane_exhausted_no_strict_win
67383,The Standard at Leander Station,http://www.lifeatthestandard.com/,onesite,onesite,,0,0,0,residual_unconverted
29566,,https://heatherwoodfl.com/,,rentcafe,,0,0,0,residual_unconverted
47182,,https://livebh.com/apartments/the-crossings-at-bramblewood/?utm_source=realpage&utm_medium=referral&utm_campaign=cta,,funnel,,0,0,0,residual_unconverted
15693,Yorba Linda Pines,http://www.yorbalindapines.com/,appfolio,appfolio,,0,0,0,direct_or_archived_lane_exhausted_no_strict_win
220109,Melrose Station Apartments,https://www.fmgnj.com/apartments/pa/elkins-park/melrose-station/floor-plans,g5,g5,,0,7,3,residual_unconverted
67154,Southern Pine Apartments,www.southernpineapts.com,onesite,onesite,,0,0,0,residual_unconverted
8740,,https://livebh.com/apartments/parc-plaza-apartments/,,sightmap,,0,19,5,residual_unconverted
223864,Kendall Square,http://www.stewartlangleyproperties.com/kendall-square/,rentmanager,rentmanager,,0,2,2,direct_or_archived_lane_exhausted_no_strict_win
239274,Strata on California,http://www.strataoncalifornia.com,entrata,entrata,https://www.strataoncalifornia.com/seattle/strata-on-california/conventional/,0,5,2,hyperbrowser_exact_entrata_anchor_pending_native_unit_drill
4756,Clear Run,https://www.clearrunaptswilmington.com/,knock,unknown,,0,44,18,residual_unconverted
234581,Georgetown Crossing,https://www.triplecrowncorp.com/company/locations/georgetown-crossing/,rentcafe,rentcafe,,1,9,3,securecafe_exact_base_direct_blocked_or_pending_hb
242976,Kelly Farms,http://www.kellyfarms.com/?fbclid=IwAR3Ht2UTDJGEhVJqHMlcBmpL_RXbUH4u9mVSJ-Z1gopj5mzcXzrLI4u3ilk,entrata,entrata,https://www.kellyfarms.com/columbia/kelly-farms-apartments/conventional/,0,21,21,hyperbrowser_exact_entrata_anchor_pending_native_unit_drill
281149,,http://irondaleatwharton.com/,,rentmanager,,0,0,0,direct_or_archived_lane_exhausted_no_strict_win
276162,Modera Academical Village I,https://www.moderaacademicalvillage.com/,entrata,entrata,,0,23,11,residual_unconverted
244756,Town Commons,https://harvest-properties.com/project/town-commons-apartments/,rentcafe,rentcafe,,0,6,6,residual_unconverted
254556,Park Place,https://www.parkplacegreenville.com/,wix_nopms,wix_nopms,,0,5,5,direct_or_archived_lane_exhausted_no_strict_win
74519,The Jamestown,https://www.thejamestownapartments.com/,rentcafe,rentcafe,,1,0,0,securecafe_exact_base_direct_blocked_or_pending_hb
20672,Quiet Waters Landing,https://www.quietwaterslanding.com/,entrata,entrata,https://www.quietwaterslanding.com/annapolis/quiet-waters-landing/conventional/,0,30,9,hyperbrowser_exact_entrata_anchor_pending_native_unit_drill
245993,Alberta Square,https://www.glendalecommunities.com/property/alberta-square/,rentmanager,rentmanager,,0,1,1,direct_or_archived_lane_exhausted_no_strict_win
58546,Lake Park Estates,https://wright-weber.com/property/LakePark,rentcafe,rentcafe,,0,1,1,residual_unconverted
9473,,https://www.thevillagedallas.com/properties/the-village-cliffs/,,entrata,,0,8,1,residual_unconverted
44148,Glacier View,https://glacierview.tokolaproperties.com/,entrata,entrata,https://glacierview.tokolaproperties.com/troutdale/glacier-view/conventional/,0,4,3,hyperbrowser_exact_entrata_anchor_pending_native_unit_drill
6274,The Village at Voorhees,https://www.fmgnj.com/apartments/nj/voorhees/the-village-apartments/,g5,g5,,0,32,12,residual_unconverted
70255,Coventry Square,https://coventrysquareapartments.com/,generic,generic_plan_text,,0,5,3,direct_or_archived_lane_exhausted_no_strict_win
118965,16 Bennett,https://www.16bennett.com,wix_nopms,wix_nopms,,0,4,4,direct_or_archived_lane_exhausted_no_strict_win
41644,West Mall Terrace,www.rentatwestmallterrace.com,entrata,entrata,https://www.rentatwestmallterrace.com/tacoma/westmall-terrace/conventional/,0,0,0,hyperbrowser_exact_entrata_anchor_pending_native_unit_drill
23760,Ashton Glen,http://www.ashtonglen.com/,onesite,onesite,,0,0,0,residual_unconverted
262799,220 East 72nd,https://www.dermotcompany.com/building/220-east-72nd-street#availability,rentcafe,rentcafe,,1,2,1,securecafe_exact_base_direct_blocked_or_pending_hb
46036,Serengeti Springs,http://www.serengetisprings.com,entrata,entrata,https://www.serengetisprings.com/west-jordan-ut-apartments/serengeti-springs-apartments/conventional/,0,13,7,hyperbrowser_exact_entrata_anchor_pending_native_unit_drill
295643,Walnut River Residences,https://walnutriverresidences.com/,generic_plan_text,generic_plan_text,,0,3,3,direct_or_archived_lane_exhausted_no_strict_win
39710,Ashton Judiciary Square,http://www.ashtonjs.com/,rentcafe,rentcafe,,0,5,3,residual_unconverted
271721,The Millennium on Monroe,https://www.millenniumnw.com/,wix_nopms,wix_nopms,,0,11,8,direct_or_archived_lane_exhausted_no_strict_win
51143,Lauderdale Hollows,https://mgmmgmt.net/property-details/?pid=136,rentmanager,unknown,,0,4,2,residual_unconverted
19538,Stadium Apartments,http://www.stadiumapartmentshuntsville.com/,wix_nopms,wix_nopms,,0,4,4,direct_or_archived_lane_exhausted_no_strict_win
9297,Park Creek Manor,https://www.parkcreekmanor.com/,entrata,entrata,,0,16,13,residual_unconverted
23494,Indian Village,https://indianvillageapt.wixsite.com/home/apartments,wix_nopms,wix_nopms,,0,2,2,direct_or_archived_lane_exhausted_no_strict_win
241145,,https://www.midtownwestdetroit.com/single-family,,appfolio,,0,0,0,direct_or_archived_lane_exhausted_no_strict_win
48389,Village Gate Apartments,http://www.villagegatenc.com/,onesite,unknown,,0,18,12,residual_unconverted
71962,Towne House,https://www.townehousequincy.com/,onesite,unknown,,0,0,0,residual_unconverted
274886,,https://parkplace380.com/listings/aster-village-two/,,unknown,,0,11,11,residual_unconverted
64068,Riverplace,www.riverplacecr.com,generic,unknown,,0,15,6,residual_unconverted
283566,The Standard at Franz,https://www.hpifranz.com/,entrata,entrata,https://www.hpifranz.com/katy/the-standard-at-franz/conventional/,0,0,0,hyperbrowser_exact_entrata_anchor_pending_native_unit_drill
22964,Tropicana Village Apartments,https://www.tropicanavillageapartments.com/,generic,unknown,,0,17,6,residual_unconverted
260761,Westridge Lofts,http://www.westridgelofts.com/,appfolio,appfolio,,0,0,0,direct_or_archived_lane_exhausted_no_strict_win
38984,Lakeview Arms,http://www.lakeviewapartmentsms.com/,rentmanager,rentmanager,,0,4,3,direct_or_archived_lane_exhausted_no_strict_win
230802,ReNew Little Creek II,https://www.renewlittlecreek.com/,entrata,entrata,https://www.renewlittlecreek.com/norfolk/renew-little-creek/conventional/,0,0,0,hyperbrowser_exact_entrata_anchor_pending_native_unit_drill
19785,Cottonwood Creek Apartments,www.cottonwoodcreekapartments.com,onesite,onesite,,0,0,0,residual_unconverted
5782,Springfield,https://www.springfieldrenton.com/,rentcafe,rentcafe,,1,0,0,securecafe_exact_base_direct_blocked_or_pending_hb
252116,Emerson Park,https://www.liveemersonpark.com/,encoreskyline_template,encoreskyline_template,,0,0,0,residual_unconverted
32716,Porto Bella,https://portobellaapts.com/,appfolio,appfolio,,0,0,0,direct_or_archived_lane_exhausted_no_strict_win
35778,Brazos Ranch,https://www.brazosranch-apts.com/,entrata,entrata,https://www.brazosranch-apts.com/rosenberg/brazos-ranch/conventional/,0,26,15,hyperbrowser_exact_entrata_anchor_pending_native_unit_drill
61285,,http://www.allezliving.com/,,unknown,,0,4,4,residual_unconverted
69282,Vista Del Plaza,http://www.vistadelplaza.com/,appfolio,appfolio,,0,0,0,direct_or_archived_lane_exhausted_no_strict_win
