result_type,capture_time_utc,property_id,property_name,website,target_units,marketing_status,marketing_final_url,marketing_error,marketing_challenge_shell,marketing_pages_fetched,marketing_attempts,candidate_count,candidate_bases_json,candidate_scores_json,selection_reason,selected_portal_url,selected_portal_final_url,selected_portal_status,selected_portal_error,selected_portal_challenge_shell,selected_portal_attempts,selected_parser_units,selected_target_overlap_units,selected_target_overlap_ratio,selected_overlap_ids_json
local_current_live_audit_not_canary,2026-08-01T08:33:17.555214+00:00,1084,Black Hawk,https://www.theblackhawkapartments.com/,2,200,https://www.theblackhawkapartments.com/,,false,1,1,1,"[""https://theblackhawkapartments.securecafe.com/onlineleasing/black-hawk-apartments""]","[{""base"":""https://theblackhawkapartments.securecafe.com/onlineleasing/black-hawk-apartments"",""challenge_shell"":false,""error"":"""",""final_url"":""https://theblackhawkapartments.securecafe.com/onlineleasing/black-hawk-apartments/availableunits.aspx"",""parsed_units"":9,""position"":0,""status"":200,""target_overlap_count"":2,""target_overlap_units"":[""2824"",""2950""],""url"":""https://theblackhawkapartments.securecafe.com/onlineleasing/black-hawk-apartments/availableunits.aspx""}]",unique_max_target_unit_overlap,https://theblackhawkapartments.securecafe.com/onlineleasing/black-hawk-apartments/availableunits.aspx,https://theblackhawkapartments.securecafe.com/onlineleasing/black-hawk-apartments/availableunits.aspx,200,,false,1,9,2,1.0,"[""2824"",""2950""]"
local_current_live_audit_not_canary,2026-08-01T08:33:17.555214+00:00,14397,Kennedy-Warren (South Wing),https://www.kennedywarren.com/,4,200,https://kennedywarren.com/,,false,1,1,1,"[""https://kennedywarren.securecafe.com/onlineleasing/kennedy-warren""]","[{""base"":""https://kennedywarren.securecafe.com/onlineleasing/kennedy-warren"",""challenge_shell"":false,""error"":"""",""final_url"":""https://kennedywarren.securecafe.com/onlineleasing/kennedy-warren/availableunits.aspx"",""parsed_units"":4,""position"":0,""status"":200,""target_overlap_count"":4,""target_overlap_units"":[""0921"",""0930"",""2307"",""2512""],""url"":""https://kennedywarren.securecafe.com/onlineleasing/kennedy-warren/availableunits.aspx""}]",unique_max_target_unit_overlap,https://kennedywarren.securecafe.com/onlineleasing/kennedy-warren/availableunits.aspx,https://kennedywarren.securecafe.com/onlineleasing/kennedy-warren/availableunits.aspx,200,,false,1,4,4,1.0,"[""0921"",""0930"",""2307"",""2512""]"
local_current_live_audit_not_canary,2026-08-01T08:33:17.555214+00:00,16078,San Cervantes,https://www.mark-taylor.com/apartments/az/chandler/san-cervantes/,2,200,https://www.mark-taylor.com/apartments/az/chandler/san-cervantes/,,false,1,1,11,"[""https://azulapartmentsgilbert.securecafe.com/onlineleasing/azul2"",""https://borregoapartmentsgilbert.securecafe.com/onlineleasing/borrego"",""https://sanpalmasapartmentschandler.securecafe.com/onlineleasing/san-palmas"",""https://liveatspectra.securecafe.com/onlineleasing/spectra-on-7th-south"",""https://cactusforty2apts.securecafe.com/onlineleasing/cactus-forty-2"",""https://ascendatkierland.securecafe.com/onlineleasing/ascend1"",""https://elitenorthscottsdale.securecafe.com/onlineleasing/elite"",""https://broadstonewaterfront.securecafe.com/onlineleasing/broadstone-waterfront-new"",""https://elantoprasada.securecafe.com/onlineleasing/elanto-at-prasada"",""https://bellaencanta.securecafe.com/onlineleasing/apartmentsforrent"",""https://firstpointemanagementgroup.securecafe.com/onlineleasing/arts-district-apartments""]","[{""base"":""https://azulapartmentsgilbert.securecafe.com/onlineleasing/azul2"",""challenge_shell"":false,""error"":"""",""final_url"":""https://azulapartmentsgilbert.securecafe.com/onlineleasing/azul2/availableunits.aspx"",""parsed_units"":0,""position"":0,""status"":200,""target_overlap_count"":0,""target_overlap_units"":[],""url"":""https://azulapartmentsgilbert.securecafe.com/onlineleasing/azul2/availableunits.aspx""},{""base"":""https://borregoapartmentsgilbert.securecafe.com/onlineleasing/borrego"",""challenge_shell"":false,""error"":"""",""final_url"":""https://borregoapartmentsgilbert.securecafe.com/onlineleasing/borrego/availableunits.aspx"",""parsed_units"":0,""position"":1,""status"":200,""target_overlap_count"":0,""target_overlap_units"":[],""url"":""https://borregoapartmentsgilbert.securecafe.com/onlineleasing/borrego/availableunits.aspx""},{""base"":""https://sanpalmasapartmentschandler.securecafe.com/onlineleasing/san-palmas"",""challenge_shell"":false,""error"":"""",""final_url"":""https://sanpalmasapartmentschandler.securecafe.com/onlineleasing/san-palmas/availableunits.aspx"",""parsed_units"":21,""position"":2,""status"":200,""target_overlap_count"":2,""target_overlap_units"":[""2001"",""2099""],""url"":""https://sanpalmasapartmentschandler.securecafe.com/onlineleasing/san-palmas/availableunits.aspx""},{""base"":""https://liveatspectra.securecafe.com/onlineleasing/spectra-on-7th-south"",""challenge_shell"":false,""error"":"""",""final_url"":""https://liveatspectra.securecafe.com/onlineleasing/spectra-on-7th-south/availableunits.aspx"",""parsed_units"":30,""position"":3,""status"":200,""target_overlap_count"":0,""target_overlap_units"":[],""url"":""https://liveatspectra.securecafe.com/onlineleasing/spectra-on-7th-south/availableunits.aspx""},{""base"":""https://cactusforty2apts.securecafe.com/onlineleasing/cactus-forty-2"",""challenge_shell"":false,""error"":"""",""final_url"":""https://cactusforty2apts.securecafe.com/onlineleasing/cactus-forty-2/availableunits.aspx"",""parsed_units"":12,""position"":4,""status"":200,""target_overlap_count"":0,""target_overlap_units"":[],""url"":""https://cactusforty2apts.securecafe.com/onlineleasing/cactus-forty-2/availableunits.aspx""},{""base"":""https://ascendatkierland.securecafe.com/onlineleasing/ascend1"",""challenge_shell"":false,""error"":"""",""final_url"":""https://ascendatkierland.securecafe.com/onlineleasing/ascend1/availableunits.aspx"",""parsed_units"":14,""position"":5,""status"":200,""target_overlap_count"":0,""target_overlap_units"":[],""url"":""https://ascendatkierland.securecafe.com/onlineleasing/ascend1/availableunits.aspx""},{""base"":""https://elitenorthscottsdale.securecafe.com/onlineleasing/elite"",""challenge_shell"":false,""error"":"""",""final_url"":""https://elitenorthscottsdale.securecafe.com/onlineleasing/elite/availableunits.aspx"",""parsed_units"":13,""position"":6,""status"":200,""target_overlap_count"":0,""target_overlap_units"":[],""url"":""https://elitenorthscottsdale.securecafe.com/onlineleasing/elite/availableunits.aspx""},{""base"":""https://broadstonewaterfront.securecafe.com/onlineleasing/broadstone-waterfront-new"",""challenge_shell"":false,""error"":"""",""final_url"":""https://broadstonewaterfront.securecafe.com/onlineleasing/broadstone-waterfront-new/availableunits.aspx"",""parsed_units"":15,""position"":7,""status"":200,""target_overlap_count"":0,""target_overlap_units"":[],""url"":""https://broadstonewaterfront.securecafe.com/onlineleasing/broadstone-waterfront-new/availableunits.aspx""},{""base"":""https://elantoprasada.securecafe.com/onlineleasing/elanto-at-prasada"",""challenge_shell"":false,""error"":"""",""final_url"":""https://elantoprasada.securecafe.com/onlineleasing/elanto-at-prasada/availableunits.aspx"",""parsed_units"":15,""position"":8,""status"":200,""target_overlap_count"":0,""target_overlap_units"":[],""url"":""https://elantoprasada.securecafe.com/onlineleasing/elanto-at-prasada/availableunits.aspx""},{""base"":""https://bellaencanta.securecafe.com/onlineleasing/apartmentsforrent"",""challenge_shell"":false,""error"":"""",""final_url"":""https://bellaencanta.securecafe.com/onlineleasing/apartmentsforrent/availableunits.aspx"",""parsed_units"":13,""position"":9,""status"":200,""target_overlap_count"":0,""target_overlap_units"":[],""url"":""https://bellaencanta.securecafe.com/onlineleasing/apartmentsforrent/availableunits.aspx""},{""base"":""https://firstpointemanagementgroup.securecafe.com/onlineleasing/arts-district-apartments"",""challenge_shell"":false,""error"":"""",""final_url"":""https://firstpointemanagementgroup.securecafe.com/onlineleasing/arts-district-apartments/availableunits.aspx"",""parsed_units"":24,""position"":10,""status"":200,""target_overlap_count"":0,""target_overlap_units"":[],""url"":""https://firstpointemanagementgroup.securecafe.com/onlineleasing/arts-district-apartments/availableunits.aspx""}]",unique_max_target_unit_overlap,https://sanpalmasapartmentschandler.securecafe.com/onlineleasing/san-palmas/availableunits.aspx,https://sanpalmasapartmentschandler.securecafe.com/onlineleasing/san-palmas/availableunits.aspx,200,,false,1,21,2,1.0,"[""2001"",""2099""]"
local_current_live_audit_not_canary,2026-08-01T08:33:17.555214+00:00,161,Hickory Mill,https://www.morgan-properties.com/apartments/oh/hilliard/hickory-mill,3,200,https://www.morgan-properties.com/apartments/oh/hilliard/hickory-mill/,,false,1,1,1,"[""https://hickorymilloh.securecafe.com/onlineleasing/hickory-mill0""]","[{""base"":""https://hickorymilloh.securecafe.com/onlineleasing/hickory-mill0"",""challenge_shell"":false,""error"":"""",""final_url"":""https://hickorymilloh.securecafe.com/onlineleasing/hickory-mill0/availableunits.aspx"",""parsed_units"":5,""position"":0,""status"":200,""target_overlap_count"":3,""target_overlap_units"":[""02572"",""05566"",""05585""],""url"":""https://hickorymilloh.securecafe.com/onlineleasing/hickory-mill0/availableunits.aspx""}]",unique_max_target_unit_overlap,https://hickorymilloh.securecafe.com/onlineleasing/hickory-mill0/availableunits.aspx,https://hickorymilloh.securecafe.com/onlineleasing/hickory-mill0/availableunits.aspx,200,,false,1,5,3,1.0,"[""02572"",""05566"",""05585""]"
local_current_live_audit_not_canary,2026-08-01T08:33:17.555214+00:00,16373,The Villages At Montpelier,https://www.morgan-properties.com/apartments/md/laurel/villages-at-montpelier/,12,200,https://www.morgan-properties.com/apartments/md/laurel/villages-at-montpelier/,,false,1,1,1,"[""https://villagesofmontpelierapartments.securecafe.com/onlineleasing/villages-at-montpelier-apartment-homes""]","[{""base"":""https://villagesofmontpelierapartments.securecafe.com/onlineleasing/villages-at-montpelier-apartment-homes"",""challenge_shell"":false,""error"":"""",""final_url"":""https://villagesofmontpelierapartments.securecafe.com/onlineleasing/villages-at-montpelier-apartment-homes/availableunits.aspx"",""parsed_units"":44,""position"":0,""status"":200,""target_overlap_count"":12,""target_overlap_units"":[""652-2A"",""682-3A"",""690-3D"",""690-4D"",""694-2C"",""702-1C"",""706-2A"",""708-3B"",""732-2D"",""738-3D"",""738-4A"",""762-3A""],""url"":""https://villagesofmontpelierapartments.securecafe.com/onlineleasing/villages-at-montpelier-apartment-homes/availableunits.aspx""}]",unique_max_target_unit_overlap,https://villagesofmontpelierapartments.securecafe.com/onlineleasing/villages-at-montpelier-apartment-homes/availableunits.aspx,https://villagesofmontpelierapartments.securecafe.com/onlineleasing/villages-at-montpelier-apartment-homes/availableunits.aspx,200,,false,1,44,12,1.0,"[""652-2A"",""682-3A"",""690-3D"",""690-4D"",""694-2C"",""702-1C"",""706-2A"",""708-3B"",""732-2D"",""738-3D"",""738-4A"",""762-3A""]"
local_current_live_audit_not_canary,2026-08-01T08:33:17.555214+00:00,18351,Maiden Bridge & Canongate Apartments,https://www.morgan-properties.com/apartments/pa/pittsburgh/maiden-bridge-and-canongate-apartments/,11,200,https://www.morgan-properties.com/apartments/pa/pittsburgh/maiden-bridge-and-canongate-apartments/,,false,1,1,1,"[""https://maidenbridgecanongate.securecafe.com/onlineleasing/morgan-maiden-bridge-canongate""]","[{""base"":""https://maidenbridgecanongate.securecafe.com/onlineleasing/morgan-maiden-bridge-canongate"",""challenge_shell"":false,""error"":"""",""final_url"":""https://maidenbridgecanongate.securecafe.com/onlineleasing/morgan-maiden-bridge-canongate/availableunits.aspx"",""parsed_units"":24,""position"":0,""status"":200,""target_overlap_count"":11,""target_overlap_units"":[""CG106"",""CG116"",""CG406"",""CG501"",""CG503"",""CG618"",""MB421"",""MB519"",""MB617"",""MB717"",""MB720""],""url"":""https://maidenbridgecanongate.securecafe.com/onlineleasing/morgan-maiden-bridge-canongate/availableunits.aspx""}]",unique_max_target_unit_overlap,https://maidenbridgecanongate.securecafe.com/onlineleasing/morgan-maiden-bridge-canongate/availableunits.aspx,https://maidenbridgecanongate.securecafe.com/onlineleasing/morgan-maiden-bridge-canongate/availableunits.aspx,200,,false,1,24,11,1.0,"[""CG106"",""CG116"",""CG406"",""CG501"",""CG503"",""CG618"",""MB421"",""MB519"",""MB617"",""MB717"",""MB720""]"
local_current_live_audit_not_canary,2026-08-01T08:33:17.555214+00:00,217358,Webster Green Phase 1&2,http://www.webstergreen.com/,9,200,https://www.morgan-properties.com/apartments/ny/webster/webster-green/,,false,1,1,1,"[""https://webstergreen.securecafe.com/onlineleasing/webster-green""]","[{""base"":""https://webstergreen.securecafe.com/onlineleasing/webster-green"",""challenge_shell"":false,""error"":"""",""final_url"":""https://webstergreen.securecafe.com/onlineleasing/webster-green/availableunits.aspx"",""parsed_units"":10,""position"":0,""status"":200,""target_overlap_count"":8,""target_overlap_units"":[""1036TG-A"",""1058"",""1083"",""1132"",""1146"",""1148"",""1181"",""989""],""url"":""https://webstergreen.securecafe.com/onlineleasing/webster-green/availableunits.aspx""}]",unique_max_target_unit_overlap,https://webstergreen.securecafe.com/onlineleasing/webster-green/availableunits.aspx,https://webstergreen.securecafe.com/onlineleasing/webster-green/availableunits.aspx,200,,false,1,10,8,0.8888888888888888,"[""1036TG-A"",""1058"",""1083"",""1132"",""1146"",""1148"",""1181"",""989""]"
local_current_live_audit_not_canary,2026-08-01T08:33:17.555214+00:00,222719,Penbrooke Meadows,https://www.morgan-properties.com/apartments/ny/penfield/penbrooke-meadows-apartments/,8,200,https://www.morgan-properties.com/apartments/ny/penfield/penbrooke-meadows-apartments/,,false,1,1,1,"[""https://penbrookemeadows.securecafe.com/onlineleasing/penbrooke-meadows""]","[{""base"":""https://penbrookemeadows.securecafe.com/onlineleasing/penbrooke-meadows"",""challenge_shell"":false,""error"":"""",""final_url"":""https://penbrookemeadows.securecafe.com/onlineleasing/penbrooke-meadows/availableunits.aspx"",""parsed_units"":22,""position"":0,""status"":200,""target_overlap_count"":8,""target_overlap_units"":[""18"",""243"",""245"",""307"",""337"",""58"",""73"",""79""],""url"":""https://penbrookemeadows.securecafe.com/onlineleasing/penbrooke-meadows/availableunits.aspx""}]",unique_max_target_unit_overlap,https://penbrookemeadows.securecafe.com/onlineleasing/penbrooke-meadows/availableunits.aspx,https://penbrookemeadows.securecafe.com/onlineleasing/penbrooke-meadows/availableunits.aspx,200,,false,1,22,8,1.0,"[""18"",""243"",""245"",""307"",""337"",""58"",""73"",""79""]"
local_current_live_audit_not_canary,2026-08-01T08:33:17.555214+00:00,224728,Oak Place,https://www.morgan-properties.com/apartments/ok/oklahoma-city/oak-place/,7,200,https://www.morgan-properties.com/apartments/ok/oklahoma-city/oak-place/,,false,1,1,2,"[""https://oakplaceapartments.securecafe.com/onlineleasing/oak-place1"",""https://morgan-properties.securecafe.com/onlineleasing/oak-place1""]","[{""base"":""https://oakplaceapartments.securecafe.com/onlineleasing/oak-place1"",""challenge_shell"":false,""error"":"""",""final_url"":""https://oakplaceapartments.securecafe.com/onlineleasing/oak-place1/availableunits.aspx"",""parsed_units"":12,""position"":0,""status"":200,""target_overlap_count"":7,""target_overlap_units"":[""003"",""021"",""091"",""127"",""168"",""170"",""176""],""url"":""https://oakplaceapartments.securecafe.com/onlineleasing/oak-place1/availableunits.aspx""},{""base"":""https://morgan-properties.securecafe.com/onlineleasing/oak-place1"",""challenge_shell"":false,""error"":"""",""final_url"":""https://morgan-properties.securecafe.com/onlineleasing/oak-place1/availableunits.aspx"",""parsed_units"":12,""position"":1,""status"":200,""target_overlap_count"":7,""target_overlap_units"":[""003"",""021"",""091"",""127"",""168"",""170"",""176""],""url"":""https://morgan-properties.securecafe.com/onlineleasing/oak-place1/availableunits.aspx""}]",target_overlap_tie_identical_inventory_first_published,https://oakplaceapartments.securecafe.com/onlineleasing/oak-place1/availableunits.aspx,https://oakplaceapartments.securecafe.com/onlineleasing/oak-place1/availableunits.aspx,200,,false,1,12,7,1.0,"[""003"",""021"",""091"",""127"",""168"",""170"",""176""]"
local_current_live_audit_not_canary,2026-08-01T08:33:17.555214+00:00,227790,The Charles,https://thecharlesslc.com/,16,200,https://thecharlesslc.com/,,false,1,1,1,"[""https://thecharlesslc.securecafe.com/onlineleasing/the-charles-1""]","[{""base"":""https://thecharlesslc.securecafe.com/onlineleasing/the-charles-1"",""challenge_shell"":false,""error"":"""",""final_url"":""https://thecharlesslc.securecafe.com/onlineleasing/the-charles-1/availableunits.aspx"",""parsed_units"":30,""position"":0,""status"":200,""target_overlap_count"":16,""target_overlap_units"":[""0227"",""0308"",""0313"",""0407"",""0408"",""0419"",""0501"",""0504"",""0708"",""0717"",""0819"",""0911"",""1005"",""1022"",""1026"",""1111""],""url"":""https://thecharlesslc.securecafe.com/onlineleasing/the-charles-1/availableunits.aspx""}]",unique_max_target_unit_overlap,https://thecharlesslc.securecafe.com/onlineleasing/the-charles-1/availableunits.aspx,https://thecharlesslc.securecafe.com/onlineleasing/the-charles-1/availableunits.aspx,200,,false,1,30,16,1.0,"[""0227"",""0308"",""0313"",""0407"",""0408"",""0419"",""0501"",""0504"",""0708"",""0717"",""0819"",""0911"",""1005"",""1022"",""1026"",""1111""]"
local_current_live_audit_not_canary,2026-08-01T08:33:17.555214+00:00,228399,Gull Prairie/Gull Run Apartments & Townhomes,https://www.gullprairieapartments.com/,2,200,https://www.gullprairieapartments.com/,,false,1,1,1,"[""https://gullprairieapartments.securecafe.com/onlineleasing/gull-prairie-gull-run-apartments-and-townhomes""]","[{""base"":""https://gullprairieapartments.securecafe.com/onlineleasing/gull-prairie-gull-run-apartments-and-townhomes"",""challenge_shell"":false,""error"":"""",""final_url"":""https://gullprairieapartments.securecafe.com/onlineleasing/gull-prairie-gull-run-apartments-and-townhomes/availableunits.aspx"",""parsed_units"":70,""position"":0,""status"":200,""target_overlap_count"":2,""target_overlap_units"":[""4028-3B"",""5777-3A""],""url"":""https://gullprairieapartments.securecafe.com/onlineleasing/gull-prairie-gull-run-apartments-and-townhomes/availableunits.aspx""}]",unique_max_target_unit_overlap,https://gullprairieapartments.securecafe.com/onlineleasing/gull-prairie-gull-run-apartments-and-townhomes/availableunits.aspx,https://gullprairieapartments.securecafe.com/onlineleasing/gull-prairie-gull-run-apartments-and-townhomes/availableunits.aspx,200,,false,1,70,2,1.0,"[""4028-3B"",""5777-3A""]"
local_current_live_audit_not_canary,2026-08-01T08:33:17.555214+00:00,230755,Park Guilderland,http://www.parkguilderland.com,3,200,https://www.morgan-properties.com/apartments/ny/guilderland-center/park-guilderland-apartments/,,false,1,1,1,"[""https://parkguilderland.securecafe.com/onlineleasing/park-guilderland""]","[{""base"":""https://parkguilderland.securecafe.com/onlineleasing/park-guilderland"",""challenge_shell"":false,""error"":"""",""final_url"":""https://parkguilderland.securecafe.com/onlineleasing/park-guilderland/availableunits.aspx"",""parsed_units"":3,""position"":0,""status"":200,""target_overlap_count"":3,""target_overlap_units"":[""004-107"",""004-211"",""005-404""],""url"":""https://parkguilderland.securecafe.com/onlineleasing/park-guilderland/availableunits.aspx""}]",unique_max_target_unit_overlap,https://parkguilderland.securecafe.com/onlineleasing/park-guilderland/availableunits.aspx,https://parkguilderland.securecafe.com/onlineleasing/park-guilderland/availableunits.aspx,200,,false,1,3,3,1.0,"[""004-107"",""004-211"",""005-404""]"
local_current_live_audit_not_canary,2026-08-01T08:33:17.555214+00:00,235398,Bell Rock Springs,https://www.bellrocksprings.com/,13,200,https://www.bellrocksprings.com/,,false,1,1,2,"[""https://bellrocksprings.securecafe.com/onlineleasing/bell-rock-springs"",""https://bellrocksprings.securecafe.com/onlineleasing/rock-springs-village-ii""]","[{""base"":""https://bellrocksprings.securecafe.com/onlineleasing/bell-rock-springs"",""challenge_shell"":false,""error"":"""",""final_url"":""https://bellrocksprings.securecafe.com/onlineleasing/bell-rock-springs/availableunits.aspx"",""parsed_units"":26,""position"":0,""status"":200,""target_overlap_count"":13,""target_overlap_units"":[""1424"",""1426"",""211"",""3-1002"",""3-1207"",""303"",""315"",""4-1002"",""4-1211"",""406"",""605"",""612"",""725""],""url"":""https://bellrocksprings.securecafe.com/onlineleasing/bell-rock-springs/availableunits.aspx""},{""base"":""https://bellrocksprings.securecafe.com/onlineleasing/rock-springs-village-ii"",""challenge_shell"":false,""error"":"""",""final_url"":""https://bellrocksprings.securecafe.com/onlineleasing/rock-springs-village-ii/availableunits.aspx"",""parsed_units"":26,""position"":1,""status"":200,""target_overlap_count"":13,""target_overlap_units"":[""1424"",""1426"",""211"",""3-1002"",""3-1207"",""303"",""315"",""4-1002"",""4-1211"",""406"",""605"",""612"",""725""],""url"":""https://bellrocksprings.securecafe.com/onlineleasing/rock-springs-village-ii/availableunits.aspx""}]",target_overlap_tie_identical_inventory_first_published,https://bellrocksprings.securecafe.com/onlineleasing/bell-rock-springs/availableunits.aspx,https://bellrocksprings.securecafe.com/onlineleasing/bell-rock-springs/availableunits.aspx,200,,false,1,26,13,1.0,"[""1424"",""1426"",""211"",""3-1002"",""3-1207"",""303"",""315"",""4-1002"",""4-1211"",""406"",""605"",""612"",""725""]"
local_current_live_audit_not_canary,2026-08-01T08:33:17.555214+00:00,23745,Brookdale at Mark Center,https://www.morgan-properties.com/apartments/va/alexandria/brookdale/,17,200,https://www.morgan-properties.com/apartments/va/alexandria/brookdale/,,false,1,1,1,"[""https://brookdaleatmarkcenter.securecafe.com/onlineleasing/brookdale-at-mark-center-apartment-homes""]","[{""base"":""https://brookdaleatmarkcenter.securecafe.com/onlineleasing/brookdale-at-mark-center-apartment-homes"",""challenge_shell"":false,""error"":"""",""final_url"":""https://brookdaleatmarkcenter.securecafe.com/onlineleasing/brookdale-at-mark-center-apartment-homes/availableunits.aspx"",""parsed_units"":23,""position"":0,""status"":200,""target_overlap_count"":16,""target_overlap_units"":[""1402-104"",""1430-104"",""1450-202"",""1452-204"",""5603-011"",""5631-021"",""5641-203"",""5651-021"",""5665-102"",""5681-202"",""5701-021"",""5731-233"",""5741-123"",""5753-130"",""5753-131"",""5763-220""],""url"":""https://brookdaleatmarkcenter.securecafe.com/onlineleasing/brookdale-at-mark-center-apartment-homes/availableunits.aspx""}]",unique_max_target_unit_overlap,https://brookdaleatmarkcenter.securecafe.com/onlineleasing/brookdale-at-mark-center-apartment-homes/availableunits.aspx,https://brookdaleatmarkcenter.securecafe.com/onlineleasing/brookdale-at-mark-center-apartment-homes/availableunits.aspx,200,,false,1,23,16,0.9411764705882353,"[""1402-104"",""1430-104"",""1450-202"",""1452-204"",""5603-011"",""5631-021"",""5641-203"",""5651-021"",""5665-102"",""5681-202"",""5701-021"",""5731-233"",""5741-123"",""5753-130"",""5753-131"",""5763-220""]"
local_current_live_audit_not_canary,2026-08-01T08:33:17.555214+00:00,237587,Vernola Marketplace I,https://www.livevernola.com/,1,200,https://www.livevernola.com/,,false,1,1,1,"[""https://livevernola.securecafe.com/onlineleasing/vernola-marketplace""]","[{""base"":""https://livevernola.securecafe.com/onlineleasing/vernola-marketplace"",""challenge_shell"":false,""error"":"""",""final_url"":""https://livevernola.securecafe.com/onlineleasing/vernola-marketplace/availableunits.aspx"",""parsed_units"":14,""position"":0,""status"":200,""target_overlap_count"":1,""target_overlap_units"":[""01103""],""url"":""https://livevernola.securecafe.com/onlineleasing/vernola-marketplace/availableunits.aspx""}]",unique_max_target_unit_overlap,https://livevernola.securecafe.com/onlineleasing/vernola-marketplace/availableunits.aspx,https://livevernola.securecafe.com/onlineleasing/vernola-marketplace/availableunits.aspx,200,,false,1,14,1,1.0,"[""01103""]"
local_current_live_audit_not_canary,2026-08-01T08:33:17.555214+00:00,239369,Easton,https://eastonapartmentstn.com/,6,200,https://www.eastonapartmentstn.com/,,false,1,1,1,"[""https://eastonapartmentstn.securecafe.com/onlineleasing/easton0""]","[{""base"":""https://eastonapartmentstn.securecafe.com/onlineleasing/easton0"",""challenge_shell"":false,""error"":"""",""final_url"":""https://eastonapartmentstn.securecafe.com/onlineleasing/easton0/availableunits.aspx"",""parsed_units"":8,""position"":0,""status"":200,""target_overlap_count"":5,""target_overlap_units"":[""E67"",""F83"",""F87"",""K155"",""N204""],""url"":""https://eastonapartmentstn.securecafe.com/onlineleasing/easton0/availableunits.aspx""}]",unique_max_target_unit_overlap,https://eastonapartmentstn.securecafe.com/onlineleasing/easton0/availableunits.aspx,https://eastonapartmentstn.securecafe.com/onlineleasing/easton0/availableunits.aspx,200,,false,1,8,5,0.8333333333333334,"[""E67"",""F83"",""F87"",""K155"",""N204""]"
local_current_live_audit_not_canary,2026-08-01T08:33:17.555214+00:00,241189,Reserve at Southpointe,http://www.reserveatsouthpointe.com/,16,200,https://www.morgan-properties.com/apartments/pa/canonsburg/reserve-at-southpointe/,,false,1,1,1,"[""https://reserveatsouthpointe.securecafe.com/onlineleasing/reserve-at-southpointe-0""]","[{""base"":""https://reserveatsouthpointe.securecafe.com/onlineleasing/reserve-at-southpointe-0"",""challenge_shell"":false,""error"":"""",""final_url"":""https://reserveatsouthpointe.securecafe.com/onlineleasing/reserve-at-southpointe-0/availableunits.aspx"",""parsed_units"":24,""position"":0,""status"":200,""target_overlap_count"":16,""target_overlap_units"":[""10-205"",""10-211"",""12-202"",""2-212"",""2-303"",""2-305"",""3-102"",""3-304"",""4-102"",""5-103"",""5-204"",""6-302"",""6-310"",""8-103"",""8-201"",""9-210""],""url"":""https://reserveatsouthpointe.securecafe.com/onlineleasing/reserve-at-southpointe-0/availableunits.aspx""}]",unique_max_target_unit_overlap,https://reserveatsouthpointe.securecafe.com/onlineleasing/reserve-at-southpointe-0/availableunits.aspx,https://reserveatsouthpointe.securecafe.com/onlineleasing/reserve-at-southpointe-0/availableunits.aspx,200,,false,1,24,16,1.0,"[""10-205"",""10-211"",""12-202"",""2-212"",""2-303"",""2-305"",""3-102"",""3-304"",""4-102"",""5-103"",""5-204"",""6-302"",""6-310"",""8-103"",""8-201"",""9-210""]"
local_current_live_audit_not_canary,2026-08-01T08:33:17.555214+00:00,242349,Reveal on the Lake,https://www.revealonthelake.com/,1,200,https://revealonthelake.com/,,false,1,1,1,"[""https://revealonthelake.securecafe.com/onlineleasing/mansions-on-the-lake""]","[{""base"":""https://revealonthelake.securecafe.com/onlineleasing/mansions-on-the-lake"",""challenge_shell"":false,""error"":"""",""final_url"":""https://revealonthelake.securecafe.com/onlineleasing/mansions-on-the-lake/availableunits.aspx"",""parsed_units"":46,""position"":0,""status"":200,""target_overlap_count"":1,""target_overlap_units"":[""14006""],""url"":""https://revealonthelake.securecafe.com/onlineleasing/mansions-on-the-lake/availableunits.aspx""}]",unique_max_target_unit_overlap,https://revealonthelake.securecafe.com/onlineleasing/mansions-on-the-lake/availableunits.aspx,https://revealonthelake.securecafe.com/onlineleasing/mansions-on-the-lake/availableunits.aspx,200,,false,1,46,1,1.0,"[""14006""]"
local_current_live_audit_not_canary,2026-08-01T08:33:17.555214+00:00,244361,Cedar Gardens & Towers,https://www.morgan-properties.com/apartments/md/windsor-mill/cedar-gardens-and-towers/,24,200,https://www.morgan-properties.com/apartments/md/windsor-mill/cedar-gardens-and-towers/,,false,1,1,1,"[""https://cedargardensandtowersapartments.securecafe.com/onlineleasing/cedar-gardens-and-towers-apartments-townhomes""]","[{""base"":""https://cedargardensandtowersapartments.securecafe.com/onlineleasing/cedar-gardens-and-towers-apartments-townhomes"",""challenge_shell"":false,""error"":"""",""final_url"":""https://cedargardensandtowersapartments.securecafe.com/onlineleasing/cedar-gardens-and-towers-apartments-townhomes/availableunits.aspx"",""parsed_units"":42,""position"":0,""status"":200,""target_overlap_count"":22,""target_overlap_units"":[""G01F"",""G01J"",""G08I"",""G10E"",""G1VRG"",""G1VRJ"",""G2VRK"",""G4VRH"",""G5VRA"",""G8240I"",""T107"",""T117"",""T204"",""T319"",""T407"",""T712"",""T802"",""V2707"",""V28A08"",""V28B04"",""V30B10"",""V3110""],""url"":""https://cedargardensandtowersapartments.securecafe.com/onlineleasing/cedar-gardens-and-towers-apartments-townhomes/availableunits.aspx""}]",unique_max_target_unit_overlap,https://cedargardensandtowersapartments.securecafe.com/onlineleasing/cedar-gardens-and-towers-apartments-townhomes/availableunits.aspx,https://cedargardensandtowersapartments.securecafe.com/onlineleasing/cedar-gardens-and-towers-apartments-townhomes/availableunits.aspx,200,,false,1,42,22,0.9166666666666666,"[""G01F"",""G01J"",""G08I"",""G10E"",""G1VRG"",""G1VRJ"",""G2VRK"",""G4VRH"",""G5VRA"",""G8240I"",""T107"",""T117"",""T204"",""T319"",""T407"",""T712"",""T802"",""V2707"",""V28A08"",""V28B04"",""V30B10"",""V3110""]"
local_current_live_audit_not_canary,2026-08-01T08:33:17.555214+00:00,246591,Kendry,https://kendryliving.com/,5,200,https://kendryliving.com/,,false,1,1,2,"[""https://kendryliving.securecafe.com/onlineleasing/kendry-0"",""https://kendryliving.securecafe.com/onlineleasing/kendry0""]","[{""base"":""https://kendryliving.securecafe.com/onlineleasing/kendry-0"",""challenge_shell"":false,""error"":"""",""final_url"":""https://kendryliving.securecafe.com/onlineleasing/kendry-0/availableunits.aspx"",""parsed_units"":23,""position"":0,""status"":200,""target_overlap_count"":5,""target_overlap_units"":[""2-401"",""210"",""311"",""410"",""6-115""],""url"":""https://kendryliving.securecafe.com/onlineleasing/kendry-0/availableunits.aspx""},{""base"":""https://kendryliving.securecafe.com/onlineleasing/kendry0"",""challenge_shell"":false,""error"":"""",""final_url"":""https://kendryliving.securecafe.com/onlineleasing/kendry0/availableunits.aspx"",""parsed_units"":23,""position"":1,""status"":200,""target_overlap_count"":5,""target_overlap_units"":[""2-401"",""210"",""311"",""410"",""6-115""],""url"":""https://kendryliving.securecafe.com/onlineleasing/kendry0/availableunits.aspx""}]",target_overlap_tie_identical_inventory_first_published,https://kendryliving.securecafe.com/onlineleasing/kendry-0/availableunits.aspx,https://kendryliving.securecafe.com/onlineleasing/kendry-0/availableunits.aspx,200,,false,1,23,5,1.0,"[""2-401"",""210"",""311"",""410"",""6-115""]"
local_current_live_audit_not_canary,2026-08-01T08:33:17.555214+00:00,250124,One Clinton Park,https://oneclintonpark.com/,12,200,https://www.one.clintonpark.com/,,false,1,1,1,"[""https://oneclintonpark.securecafe.com/onlineleasing/one-clinton-park""]","[{""base"":""https://oneclintonpark.securecafe.com/onlineleasing/one-clinton-park"",""challenge_shell"":false,""error"":"""",""final_url"":""https://oneclintonpark.securecafe.com/onlineleasing/one-clinton-park/availableunits.aspx"",""parsed_units"":17,""position"":0,""status"":200,""target_overlap_count"":12,""target_overlap_units"":[""1105"",""1113"",""1406"",""1809"",""1903"",""1910"",""2207"",""2310"",""2406"",""2502"",""413"",""PH7""],""url"":""https://oneclintonpark.securecafe.com/onlineleasing/one-clinton-park/availableunits.aspx""}]",unique_max_target_unit_overlap,https://oneclintonpark.securecafe.com/onlineleasing/one-clinton-park/availableunits.aspx,https://oneclintonpark.securecafe.com/onlineleasing/one-clinton-park/availableunits.aspx,200,,false,1,17,12,1.0,"[""1105"",""1113"",""1406"",""1809"",""1903"",""1910"",""2207"",""2310"",""2406"",""2502"",""413"",""PH7""]"
local_current_live_audit_not_canary,2026-08-01T08:33:17.555214+00:00,250459,Village Square,https://villagesquareny.com/,2,200,https://www.villagesquareny.com/,,false,1,1,1,"[""https://villagesquareny.securecafe.com/onlineleasing/village-square4""]","[{""base"":""https://villagesquareny.securecafe.com/onlineleasing/village-square4"",""challenge_shell"":false,""error"":"""",""final_url"":""https://villagesquareny.securecafe.com/onlineleasing/village-square4/availableunits.aspx"",""parsed_units"":6,""position"":0,""status"":200,""target_overlap_count"":2,""target_overlap_units"":[""221"",""323""],""url"":""https://villagesquareny.securecafe.com/onlineleasing/village-square4/availableunits.aspx""}]",unique_max_target_unit_overlap,https://villagesquareny.securecafe.com/onlineleasing/village-square4/availableunits.aspx,https://villagesquareny.securecafe.com/onlineleasing/village-square4/availableunits.aspx,200,,false,1,6,2,1.0,"[""221"",""323""]"
local_current_live_audit_not_canary,2026-08-01T08:33:17.555214+00:00,254583,Montreux,https://www.rentmontreux.com/,1,200,https://rentmontreux.com/,,false,1,1,1,"[""https://rentmontreux.securecafe.com/onlineleasing/montreux0""]","[{""base"":""https://rentmontreux.securecafe.com/onlineleasing/montreux0"",""challenge_shell"":false,""error"":"""",""final_url"":""https://rentmontreux.securecafe.com/onlineleasing/montreux0/availableunits.aspx"",""parsed_units"":39,""position"":0,""status"":200,""target_overlap_count"":1,""target_overlap_units"":[""173""],""url"":""https://rentmontreux.securecafe.com/onlineleasing/montreux0/availableunits.aspx""}]",unique_max_target_unit_overlap,https://rentmontreux.securecafe.com/onlineleasing/montreux0/availableunits.aspx,https://rentmontreux.securecafe.com/onlineleasing/montreux0/availableunits.aspx,200,,false,1,39,1,1.0,"[""173""]"
local_current_live_audit_not_canary,2026-08-01T08:33:17.555214+00:00,257593,Church & Henley,https://www.churchandhenley.com/,15,200,https://www.churchandhenley.com/,,false,1,1,1,"[""https://churchandhenley.securecafe.com/onlineleasing/church-and-henley""]","[{""base"":""https://churchandhenley.securecafe.com/onlineleasing/church-and-henley"",""challenge_shell"":false,""error"":"""",""final_url"":""https://churchandhenley.securecafe.com/onlineleasing/church-and-henley/availableunits.aspx"",""parsed_units"":19,""position"":0,""status"":200,""target_overlap_count"":15,""target_overlap_units"":[""323"",""333"",""341"",""448"",""543"",""551"",""641"",""643"",""649"",""650"",""653"",""747"",""751"",""839"",""854""],""url"":""https://churchandhenley.securecafe.com/onlineleasing/church-and-henley/availableunits.aspx""}]",unique_max_target_unit_overlap,https://churchandhenley.securecafe.com/onlineleasing/church-and-henley/availableunits.aspx,https://churchandhenley.securecafe.com/onlineleasing/church-and-henley/availableunits.aspx,200,,false,1,19,15,1.0,"[""323"",""333"",""341"",""448"",""543"",""551"",""641"",""643"",""649"",""650"",""653"",""747"",""751"",""839"",""854""]"
local_current_live_audit_not_canary,2026-08-01T08:33:17.555214+00:00,25930,Edgewater Gardens,https://www.morgan-properties.com/apartments/nj/long-branch/edgewater-gardens/,3,200,https://www.morgan-properties.com/apartments/nj/long-branch/edgewater-gardens/,,false,1,1,1,"[""https://edgewatergardensapartments.securecafe.com/onlineleasing/edgewater-gardens-apartment-homes""]","[{""base"":""https://edgewatergardensapartments.securecafe.com/onlineleasing/edgewater-gardens-apartment-homes"",""challenge_shell"":false,""error"":"""",""final_url"":""https://edgewatergardensapartments.securecafe.com/onlineleasing/edgewater-gardens-apartment-homes/availableunits.aspx"",""parsed_units"":4,""position"":0,""status"":200,""target_overlap_count"":3,""target_overlap_units"":[""07A"",""14B"",""34A""],""url"":""https://edgewatergardensapartments.securecafe.com/onlineleasing/edgewater-gardens-apartment-homes/availableunits.aspx""}]",unique_max_target_unit_overlap,https://edgewatergardensapartments.securecafe.com/onlineleasing/edgewater-gardens-apartment-homes/availableunits.aspx,https://edgewatergardensapartments.securecafe.com/onlineleasing/edgewater-gardens-apartment-homes/availableunits.aspx,200,,false,1,4,3,1.0,"[""07A"",""14B"",""34A""]"
local_current_live_audit_not_canary,2026-08-01T08:33:17.555214+00:00,261530,Waterline Square,https://www.waterlinesquare.com/,16,200,https://www.windsorcommunities.com:443/properties/waterline-square/,,false,1,1,1,"[""https://waterlinesq.securecafe.com/onlineleasing/waterline-square""]","[{""base"":""https://waterlinesq.securecafe.com/onlineleasing/waterline-square"",""challenge_shell"":false,""error"":"""",""final_url"":""https://waterlinesq.securecafe.com/onlineleasing/waterline-square/availableunits.aspx"",""parsed_units"":42,""position"":0,""status"":200,""target_overlap_count"":15,""target_overlap_units"":[""0410"",""0633"",""0933"",""1030"",""1108"",""1123"",""1205"",""1211"",""1530"",""1829"",""1934"",""2301"",""2330"",""2429"",""2904""],""url"":""https://waterlinesq.securecafe.com/onlineleasing/waterline-square/availableunits.aspx""}]",unique_max_target_unit_overlap,https://waterlinesq.securecafe.com/onlineleasing/waterline-square/availableunits.aspx,https://waterlinesq.securecafe.com/onlineleasing/waterline-square/availableunits.aspx,200,,false,1,42,15,0.9375,"[""0410"",""0633"",""0933"",""1030"",""1108"",""1123"",""1205"",""1211"",""1530"",""1829"",""1934"",""2301"",""2330"",""2429"",""2904""]"
local_current_live_audit_not_canary,2026-08-01T08:33:17.555214+00:00,263919,Vue21 II,https://liveatvue21.com/,7,200,https://liveatvue21.com/,,false,1,1,1,"[""https://liveatvue21.securecafe.com/onlineleasing/vue-21-0""]","[{""base"":""https://liveatvue21.securecafe.com/onlineleasing/vue-21-0"",""challenge_shell"":false,""error"":"""",""final_url"":""https://liveatvue21.securecafe.com/onlineleasing/vue-21-0/availableunits.aspx"",""parsed_units"":39,""position"":0,""status"":200,""target_overlap_count"":5,""target_overlap_units"":[""1-206"",""10-306"",""11-202"",""3-200"",""3-204""],""url"":""https://liveatvue21.securecafe.com/onlineleasing/vue-21-0/availableunits.aspx""}]",unique_max_target_unit_overlap,https://liveatvue21.securecafe.com/onlineleasing/vue-21-0/availableunits.aspx,https://liveatvue21.securecafe.com/onlineleasing/vue-21-0/availableunits.aspx,200,,false,1,39,5,0.7142857142857143,"[""1-206"",""10-306"",""11-202"",""3-200"",""3-204""]"
local_current_live_audit_not_canary,2026-08-01T08:33:17.555214+00:00,265098,Smith & Rio,https://www.smithandrio.com/,23,200,https://www.smithandrio.com/,,false,1,1,1,"[""https://smithandrio.securecafe.com/onlineleasing/smith-rio""]","[{""base"":""https://smithandrio.securecafe.com/onlineleasing/smith-rio"",""challenge_shell"":false,""error"":"""",""final_url"":""https://smithandrio.securecafe.com/onlineleasing/smith-rio/availableunits.aspx"",""parsed_units"":35,""position"":0,""status"":200,""target_overlap_count"":23,""target_overlap_units"":[""1002"",""1015"",""1016"",""1075"",""1083"",""2005"",""2015"",""2031"",""2034"",""2035"",""2057"",""2061"",""2088"",""3016"",""3034"",""3069"",""5004"",""5033"",""5036"",""5061"",""5067"",""5083"",""5088""],""url"":""https://smithandrio.securecafe.com/onlineleasing/smith-rio/availableunits.aspx""}]",unique_max_target_unit_overlap,https://smithandrio.securecafe.com/onlineleasing/smith-rio/availableunits.aspx,https://smithandrio.securecafe.com/onlineleasing/smith-rio/availableunits.aspx,200,,false,1,35,23,1.0,"[""1002"",""1015"",""1016"",""1075"",""1083"",""2005"",""2015"",""2031"",""2034"",""2035"",""2057"",""2061"",""2088"",""3016"",""3034"",""3069"",""5004"",""5033"",""5036"",""5061"",""5067"",""5083"",""5088""]"
local_current_live_audit_not_canary,2026-08-01T08:33:17.555214+00:00,266700,FlatZ 520,https://flatz520.com/,20,200,https://flatz520.com/,,false,1,1,1,"[""https://flatz520.securecafe.com/onlineleasing/flatz-520""]","[{""base"":""https://flatz520.securecafe.com/onlineleasing/flatz-520"",""challenge_shell"":false,""error"":"""",""final_url"":""https://flatz520.securecafe.com/onlineleasing/flatz-520/availableunits.aspx"",""parsed_units"":84,""position"":0,""status"":200,""target_overlap_count"":20,""target_overlap_units"":[""B102"",""B107"",""B208"",""B304"",""C301"",""D103"",""D204"",""E110"",""E201"",""E309"",""E310"",""F113"",""G113"",""G114"",""G316"",""H206"",""I212"",""I214"",""I310"",""I311""],""url"":""https://flatz520.securecafe.com/onlineleasing/flatz-520/availableunits.aspx""}]",unique_max_target_unit_overlap,https://flatz520.securecafe.com/onlineleasing/flatz-520/availableunits.aspx,https://flatz520.securecafe.com/onlineleasing/flatz-520/availableunits.aspx,200,,false,1,84,20,1.0,"[""B102"",""B107"",""B208"",""B304"",""C301"",""D103"",""D204"",""E110"",""E201"",""E309"",""E310"",""F113"",""G113"",""G114"",""G316"",""H206"",""I212"",""I214"",""I310"",""I311""]"
local_current_live_audit_not_canary,2026-08-01T08:33:17.555214+00:00,268338,Solace at Cimarron Hills,https://www.livesolacecimarron.com/,20,200,https://www.livesolacecimarron.com/,,false,1,1,1,"[""https://livesolacecimarron.securecafe.com/onlineleasing/solace-at-cimarron-hills-apartments""]","[{""base"":""https://livesolacecimarron.securecafe.com/onlineleasing/solace-at-cimarron-hills-apartments"",""challenge_shell"":false,""error"":"""",""final_url"":""https://livesolacecimarron.securecafe.com/onlineleasing/solace-at-cimarron-hills-apartments/availableunits.aspx"",""parsed_units"":23,""position"":0,""status"":200,""target_overlap_count"":20,""target_overlap_units"":[""A108"",""A205"",""B103"",""B201"",""B308"",""C206"",""C301"",""C302"",""D202"",""E203"",""E204"",""E206"",""G102"",""G202"",""J107"",""J205"",""J303"",""J305"",""K203"",""K304""],""url"":""https://livesolacecimarron.securecafe.com/onlineleasing/solace-at-cimarron-hills-apartments/availableunits.aspx""}]",unique_max_target_unit_overlap,https://livesolacecimarron.securecafe.com/onlineleasing/solace-at-cimarron-hills-apartments/availableunits.aspx,https://livesolacecimarron.securecafe.com/onlineleasing/solace-at-cimarron-hills-apartments/availableunits.aspx,200,,false,1,23,20,1.0,"[""A108"",""A205"",""B103"",""B201"",""B308"",""C206"",""C301"",""C302"",""D202"",""E203"",""E204"",""E206"",""G102"",""G202"",""J107"",""J205"",""J303"",""J305"",""K203"",""K304""]"
local_current_live_audit_not_canary,2026-08-01T08:33:17.555214+00:00,268951,Logic,https://www.logicwhiteoak.com/,8,200,https://logicwhiteoak.com/,,false,1,1,1,"[""https://logicwhiteoak.securecafe.com/onlineleasing/logic""]","[{""base"":""https://logicwhiteoak.securecafe.com/onlineleasing/logic"",""challenge_shell"":false,""error"":"""",""final_url"":""https://logicwhiteoak.securecafe.com/onlineleasing/logic/availableunits.aspx"",""parsed_units"":15,""position"":0,""status"":200,""target_overlap_count"":8,""target_overlap_units"":[""231"",""260"",""328"",""332"",""428"",""452"",""5206"",""531""],""url"":""https://logicwhiteoak.securecafe.com/onlineleasing/logic/availableunits.aspx""}]",unique_max_target_unit_overlap,https://logicwhiteoak.securecafe.com/onlineleasing/logic/availableunits.aspx,https://logicwhiteoak.securecafe.com/onlineleasing/logic/availableunits.aspx,200,,false,1,15,8,1.0,"[""231"",""260"",""328"",""332"",""428"",""452"",""5206"",""531""]"
local_current_live_audit_not_canary,2026-08-01T08:33:17.555214+00:00,273919,Avon Commons,https://www.morgan-properties.com/apartments/ny/avon/avon-commons/,2,200,https://www.morgan-properties.com/apartments/ny/avon/avon-commons/,,false,1,1,1,"[""https://avoncommonsapts.securecafe.com/onlineleasing/avon-commons-0""]","[{""base"":""https://avoncommonsapts.securecafe.com/onlineleasing/avon-commons-0"",""challenge_shell"":false,""error"":"""",""final_url"":""https://avoncommonsapts.securecafe.com/onlineleasing/avon-commons-0/availableunits.aspx"",""parsed_units"":2,""position"":0,""status"":200,""target_overlap_count"":2,""target_overlap_units"":[""206"",""511""],""url"":""https://avoncommonsapts.securecafe.com/onlineleasing/avon-commons-0/availableunits.aspx""}]",unique_max_target_unit_overlap,https://avoncommonsapts.securecafe.com/onlineleasing/avon-commons-0/availableunits.aspx,https://avoncommonsapts.securecafe.com/onlineleasing/avon-commons-0/availableunits.aspx,200,,false,1,2,2,1.0,"[""206"",""511""]"
local_current_live_audit_not_canary,2026-08-01T08:33:17.555214+00:00,278305,Salerno,https://www.salernoliving.com/,1,200,https://www.salernoliving.com/,,false,1,1,1,"[""https://salernoliving.securecafe.com/onlineleasing/salerno1""]","[{""base"":""https://salernoliving.securecafe.com/onlineleasing/salerno1"",""challenge_shell"":false,""error"":"""",""final_url"":""https://salernoliving.securecafe.com/onlineleasing/salerno1/availableunits.aspx"",""parsed_units"":3,""position"":0,""status"":200,""target_overlap_count"":1,""target_overlap_units"":[""06-106""],""url"":""https://salernoliving.securecafe.com/onlineleasing/salerno1/availableunits.aspx""}]",unique_max_target_unit_overlap,https://salernoliving.securecafe.com/onlineleasing/salerno1/availableunits.aspx,https://salernoliving.securecafe.com/onlineleasing/salerno1/availableunits.aspx,200,,false,1,3,1,1.0,"[""06-106""]"
local_current_live_audit_not_canary,2026-08-01T08:33:17.555214+00:00,282142,Mews at Annandale,https://www.morgan-properties.com/apartments/nj/annandale/mews-at-annandale/,5,200,https://www.morgan-properties.com/apartments/nj/annandale/mews-at-annandale/,,false,1,1,1,"[""https://mewsatannandaleapartments.securecafe.com/onlineleasing/mews-at-annandale-townhomes""]","[{""base"":""https://mewsatannandaleapartments.securecafe.com/onlineleasing/mews-at-annandale-townhomes"",""challenge_shell"":false,""error"":"""",""final_url"":""https://mewsatannandaleapartments.securecafe.com/onlineleasing/mews-at-annandale-townhomes/availableunits.aspx"",""parsed_units"":8,""position"":0,""status"":200,""target_overlap_count"":5,""target_overlap_units"":[""0721"",""0832"",""1010"",""1929"",""1938""],""url"":""https://mewsatannandaleapartments.securecafe.com/onlineleasing/mews-at-annandale-townhomes/availableunits.aspx""}]",unique_max_target_unit_overlap,https://mewsatannandaleapartments.securecafe.com/onlineleasing/mews-at-annandale-townhomes/availableunits.aspx,https://mewsatannandaleapartments.securecafe.com/onlineleasing/mews-at-annandale-townhomes/availableunits.aspx,200,,false,1,8,5,1.0,"[""0721"",""0832"",""1010"",""1929"",""1938""]"
local_current_live_audit_not_canary,2026-08-01T08:33:17.555214+00:00,296175,Compass Meridian,https://www.sheaapartments.com/apartments/compass-meridian/?utm_source=gmb&utm_medium=organic&utm_campaign=compass,29,200,https://www.sheaapartments.com/apartments/compass-meridian/?utm_source=gmb&utm_medium=organic&utm_campaign=compass,,false,1,1,1,"[""https://sheaapartments.securecafe.com/onlineleasing/compass-meridian""]","[{""base"":""https://sheaapartments.securecafe.com/onlineleasing/compass-meridian"",""challenge_shell"":false,""error"":"""",""final_url"":""https://sheaapartments.securecafe.com/onlineleasing/compass-meridian/availableunits.aspx"",""parsed_units"":54,""position"":0,""status"":200,""target_overlap_count"":29,""target_overlap_units"":[""0535-102"",""0630-106"",""0630-203"",""0665-208"",""0665-303"",""0665-306"",""0680-203"",""0695-305"",""0710-203"",""0710-304"",""0710-306"",""0720-201"",""0725-202"",""0725-204"",""0725-207"",""8949-201"",""8949-205"",""9001-108"",""9021-204"",""9025-103"",""9025-106"",""9041-201"",""9060-203"",""9061-102"",""9061-207"",""9075-106"",""9078-106"",""9078-204"",""9081-205""],""url"":""https://sheaapartments.securecafe.com/onlineleasing/compass-meridian/availableunits.aspx""}]",unique_max_target_unit_overlap,https://sheaapartments.securecafe.com/onlineleasing/compass-meridian/availableunits.aspx,https://sheaapartments.securecafe.com/onlineleasing/compass-meridian/availableunits.aspx,200,,false,1,54,29,1.0,"[""0535-102"",""0630-106"",""0630-203"",""0665-208"",""0665-303"",""0665-306"",""0680-203"",""0695-305"",""0710-203"",""0710-304"",""0710-306"",""0720-201"",""0725-202"",""0725-204"",""0725-207"",""8949-201"",""8949-205"",""9001-108"",""9021-204"",""9025-103"",""9025-106"",""9041-201"",""9060-203"",""9061-102"",""9061-207"",""9075-106"",""9078-106"",""9078-204"",""9081-205""]"
local_current_live_audit_not_canary,2026-08-01T08:33:17.555214+00:00,32340,Lakewood I & II,https://www.morgan-properties.com/apartments/nc/salisbury/lakewood/,6,200,https://www.morgan-properties.com/apartments/nc/salisbury/lakewood/,,false,1,1,1,"[""https://lakewoodapartmenthomes.securecafe.com/onlineleasing/lakewood-i-ii-apartment-homes""]","[{""base"":""https://lakewoodapartmenthomes.securecafe.com/onlineleasing/lakewood-i-ii-apartment-homes"",""challenge_shell"":false,""error"":"""",""final_url"":""https://lakewoodapartmenthomes.securecafe.com/onlineleasing/lakewood-i-ii-apartment-homes/availableunits.aspx"",""parsed_units"":27,""position"":0,""status"":200,""target_overlap_count"":6,""target_overlap_units"":[""H205"",""L1405"",""L407"",""L606"",""L613"",""L705""],""url"":""https://lakewoodapartmenthomes.securecafe.com/onlineleasing/lakewood-i-ii-apartment-homes/availableunits.aspx""}]",unique_max_target_unit_overlap,https://lakewoodapartmenthomes.securecafe.com/onlineleasing/lakewood-i-ii-apartment-homes/availableunits.aspx,https://lakewoodapartmenthomes.securecafe.com/onlineleasing/lakewood-i-ii-apartment-homes/availableunits.aspx,200,,false,1,27,6,1.0,"[""H205"",""L1405"",""L407"",""L606"",""L613"",""L705""]"
local_current_live_audit_not_canary,2026-08-01T08:33:17.555214+00:00,33125,Madison Rockwood-Ballwin,www.madisonrockwood.com,10,200,https://www.madisonrockwood.com/,,false,1,1,1,"[""https://madisonrockwood.securecafe.com/onlineleasing/madison-rockwood""]","[{""base"":""https://madisonrockwood.securecafe.com/onlineleasing/madison-rockwood"",""challenge_shell"":false,""error"":"""",""final_url"":""https://madisonrockwood.securecafe.com/onlineleasing/madison-rockwood/availableunits.aspx"",""parsed_units"":13,""position"":0,""status"":200,""target_overlap_count"":9,""target_overlap_units"":[""04-203"",""07-201"",""09-149"",""12-139"",""13-203"",""17-201"",""22-301"",""25-202"",""25-203""],""url"":""https://madisonrockwood.securecafe.com/onlineleasing/madison-rockwood/availableunits.aspx""}]",unique_max_target_unit_overlap,https://madisonrockwood.securecafe.com/onlineleasing/madison-rockwood/availableunits.aspx,https://madisonrockwood.securecafe.com/onlineleasing/madison-rockwood/availableunits.aspx,200,,false,1,13,9,0.9,"[""04-203"",""07-201"",""09-149"",""12-139"",""13-203"",""17-201"",""22-301"",""25-202"",""25-203""]"
local_current_live_audit_not_canary,2026-08-01T08:33:17.555214+00:00,35566,Astoria Park,https://www.morgan-properties.com/apartments/in/indianapolis/astoria-park/,18,200,https://www.morgan-properties.com/apartments/in/indianapolis/astoria-park/,,false,1,1,1,"[""https://astoriaparkapts.securecafe.com/onlineleasing/astoria-park-apartment-homes""]","[{""base"":""https://astoriaparkapts.securecafe.com/onlineleasing/astoria-park-apartment-homes"",""challenge_shell"":false,""error"":"""",""final_url"":""https://astoriaparkapts.securecafe.com/onlineleasing/astoria-park-apartment-homes/availableunits.aspx"",""parsed_units"":31,""position"":0,""status"":200,""target_overlap_count"":17,""target_overlap_units"":[""B003621"",""B34713A"",""B34713B"",""B34753B"",""B35391A"",""C72372B"",""C72431A"",""C72432A"",""C72541A"",""H71432C"",""H71522C"",""H71541B"",""H72151B"",""H72152B"",""W71562A"",""W72703A"",""W72803A""],""url"":""https://astoriaparkapts.securecafe.com/onlineleasing/astoria-park-apartment-homes/availableunits.aspx""}]",unique_max_target_unit_overlap,https://astoriaparkapts.securecafe.com/onlineleasing/astoria-park-apartment-homes/availableunits.aspx,https://astoriaparkapts.securecafe.com/onlineleasing/astoria-park-apartment-homes/availableunits.aspx,200,,false,1,31,17,0.9444444444444444,"[""B003621"",""B34713A"",""B34713B"",""B34753B"",""B35391A"",""C72372B"",""C72431A"",""C72432A"",""C72541A"",""H71432C"",""H71522C"",""H71541B"",""H72151B"",""H72152B"",""W71562A"",""W72703A"",""W72803A""]"
local_current_live_audit_not_canary,2026-08-01T08:33:17.555214+00:00,35585,The Docks,https://www.morgan-properties.com/apartments/pa/pittsburgh/the-docks/,8,200,https://www.morgan-properties.com/apartments/pa/pittsburgh/the-docks/,,false,1,1,1,"[""https://thedocksapts.securecafe.com/onlineleasing/the-docks-apartments-and-townhomes""]","[{""base"":""https://thedocksapts.securecafe.com/onlineleasing/the-docks-apartments-and-townhomes"",""challenge_shell"":false,""error"":"""",""final_url"":""https://thedocksapts.securecafe.com/onlineleasing/the-docks-apartments-and-townhomes/availableunits.aspx"",""parsed_units"":8,""position"":0,""status"":200,""target_overlap_count"":8,""target_overlap_units"":[""3210"",""3319"",""6108"",""6308"",""7206"",""7208"",""7302"",""7306""],""url"":""https://thedocksapts.securecafe.com/onlineleasing/the-docks-apartments-and-townhomes/availableunits.aspx""}]",unique_max_target_unit_overlap,https://thedocksapts.securecafe.com/onlineleasing/the-docks-apartments-and-townhomes/availableunits.aspx,https://thedocksapts.securecafe.com/onlineleasing/the-docks-apartments-and-townhomes/availableunits.aspx,200,,false,1,8,8,1.0,"[""3210"",""3319"",""6108"",""6308"",""7206"",""7208"",""7302"",""7306""]"
local_current_live_audit_not_canary,2026-08-01T08:33:17.555214+00:00,37394,Mandalay Villas,http://www.mandalayvillasapartments.com/,4,200,https://www.mandalayvillasapartments.com/,,false,1,1,1,"[""https://mandalayvillasapartments.securecafe.com/onlineleasing/mandalay-villas-3""]","[{""base"":""https://mandalayvillasapartments.securecafe.com/onlineleasing/mandalay-villas-3"",""challenge_shell"":false,""error"":"""",""final_url"":""https://mandalayvillasapartments.securecafe.com/onlineleasing/mandalay-villas-3/availableunits.aspx"",""parsed_units"":24,""position"":0,""status"":200,""target_overlap_count"":4,""target_overlap_units"":[""0305"",""0810"",""2001"",""2104""],""url"":""https://mandalayvillasapartments.securecafe.com/onlineleasing/mandalay-villas-3/availableunits.aspx""}]",unique_max_target_unit_overlap,https://mandalayvillasapartments.securecafe.com/onlineleasing/mandalay-villas-3/availableunits.aspx,https://mandalayvillasapartments.securecafe.com/onlineleasing/mandalay-villas-3/availableunits.aspx,200,,false,1,24,4,1.0,"[""0305"",""0810"",""2001"",""2104""]"
local_current_live_audit_not_canary,2026-08-01T08:33:17.555214+00:00,39961,88 Leonard Street,http://www.88leonard.com,5,200,https://88leonard.com/,,false,1,1,1,"[""https://88leonard.securecafe.com/onlineleasing/88leonard""]","[{""base"":""https://88leonard.securecafe.com/onlineleasing/88leonard"",""challenge_shell"":false,""error"":"""",""final_url"":""https://88leonard.securecafe.com/onlineleasing/88leonard/availableunits.aspx"",""parsed_units"":12,""position"":0,""status"":200,""target_overlap_count"":5,""target_overlap_units"":[""0503"",""0520"",""0718"",""0723"",""1214""],""url"":""https://88leonard.securecafe.com/onlineleasing/88leonard/availableunits.aspx""}]",unique_max_target_unit_overlap,https://88leonard.securecafe.com/onlineleasing/88leonard/availableunits.aspx,https://88leonard.securecafe.com/onlineleasing/88leonard/availableunits.aspx,200,,false,1,12,5,1.0,"[""0503"",""0520"",""0718"",""0723"",""1214""]"
local_current_live_audit_not_canary,2026-08-01T08:33:17.555214+00:00,40582,Kinwood,https://kinwoodny.com/,13,200,https://kinwoodny.com/,,false,1,1,1,"[""https://kinwoodny.securecafe.com/onlineleasing/kinwood-apartments-r""]","[{""base"":""https://kinwoodny.securecafe.com/onlineleasing/kinwood-apartments-r"",""challenge_shell"":false,""error"":"""",""final_url"":""https://kinwoodny.securecafe.com/onlineleasing/kinwood-apartments-r/availableunits.aspx"",""parsed_units"":28,""position"":0,""status"":200,""target_overlap_count"":13,""target_overlap_units"":[""11122T"",""1145T"",""1147T"",""3191T"",""3193T"",""4211T"",""4213T"",""7220T"",""7308T"",""9156T"",""C36OL"",""K49FH"",""S105RC""],""url"":""https://kinwoodny.securecafe.com/onlineleasing/kinwood-apartments-r/availableunits.aspx""}]",unique_max_target_unit_overlap,https://kinwoodny.securecafe.com/onlineleasing/kinwood-apartments-r/availableunits.aspx,https://kinwoodny.securecafe.com/onlineleasing/kinwood-apartments-r/availableunits.aspx,200,,false,1,28,13,1.0,"[""11122T"",""1145T"",""1147T"",""3191T"",""3193T"",""4211T"",""4213T"",""7220T"",""7308T"",""9156T"",""C36OL"",""K49FH"",""S105RC""]"
local_current_live_audit_not_canary,2026-08-01T08:33:17.555214+00:00,4293,Mountain View,https://www.missionrockresidential.com/apartments/co/colorado-springs/mountain-view/,13,200,https://www.missionrockresidential.com/apartments/co/colorado-springs/mountain-view/,,false,1,1,1,"[""https://mountainviewco.securecafe.com/onlineleasing/mountain-view-24""]","[{""base"":""https://mountainviewco.securecafe.com/onlineleasing/mountain-view-24"",""challenge_shell"":false,""error"":"""",""final_url"":""https://mountainviewco.securecafe.com/onlineleasing/mountain-view-24/availableunits.aspx"",""parsed_units"":20,""position"":0,""status"":200,""target_overlap_count"":13,""target_overlap_units"":[""1110"",""1178"",""1208"",""1210"",""2221"",""2225"",""2226"",""2238"",""2249"",""2258"",""2267"",""2280"",""2320""],""url"":""https://mountainviewco.securecafe.com/onlineleasing/mountain-view-24/availableunits.aspx""}]",unique_max_target_unit_overlap,https://mountainviewco.securecafe.com/onlineleasing/mountain-view-24/availableunits.aspx,https://mountainviewco.securecafe.com/onlineleasing/mountain-view-24/availableunits.aspx,200,,false,1,20,13,1.0,"[""1110"",""1178"",""1208"",""1210"",""2221"",""2225"",""2226"",""2238"",""2249"",""2258"",""2267"",""2280"",""2320""]"
local_current_live_audit_not_canary,2026-08-01T08:33:17.555214+00:00,43364,Villas At Bailey Ranch,https://www.morgan-properties.com/apartments/ok/owasso/villas-at-bailey-ranch/,8,200,https://www.morgan-properties.com/apartments/ok/owasso/villas-at-bailey-ranch/,,false,1,1,1,"[""https://villasatbaileyranch.securecafe.com/onlineleasing/villas-at-bailey-ranch-apartment-homes""]","[{""base"":""https://villasatbaileyranch.securecafe.com/onlineleasing/villas-at-bailey-ranch-apartment-homes"",""challenge_shell"":false,""error"":"""",""final_url"":""https://villasatbaileyranch.securecafe.com/onlineleasing/villas-at-bailey-ranch-apartment-homes/availableunits.aspx"",""parsed_units"":12,""position"":0,""status"":200,""target_overlap_count"":7,""target_overlap_units"":[""1317"",""1321"",""1609"",""1924"",""2004"",""57306"",""81303""],""url"":""https://villasatbaileyranch.securecafe.com/onlineleasing/villas-at-bailey-ranch-apartment-homes/availableunits.aspx""}]",unique_max_target_unit_overlap,https://villasatbaileyranch.securecafe.com/onlineleasing/villas-at-bailey-ranch-apartment-homes/availableunits.aspx,https://villasatbaileyranch.securecafe.com/onlineleasing/villas-at-bailey-ranch-apartment-homes/availableunits.aspx,200,,false,1,12,7,0.875,"[""1317"",""1321"",""1609"",""1924"",""2004"",""57306"",""81303""]"
local_current_live_audit_not_canary,2026-08-01T08:33:17.555214+00:00,43927,The Arbors at Edenbridge,https://www.morgan-properties.com/apartments/md/parkville/arbors-at-edenbridge/,3,200,https://www.morgan-properties.com/apartments/md/parkville/arbors-at-edenbridge/,,false,1,1,1,"[""https://thearborsatedenbridge.securecafe.com/onlineleasing/arbors-at-edenbridge-apartments-and-townhomes""]","[{""base"":""https://thearborsatedenbridge.securecafe.com/onlineleasing/arbors-at-edenbridge-apartments-and-townhomes"",""challenge_shell"":false,""error"":"""",""final_url"":""https://thearborsatedenbridge.securecafe.com/onlineleasing/arbors-at-edenbridge-apartments-and-townhomes/availableunits.aspx"",""parsed_units"":5,""position"":0,""status"":200,""target_overlap_count"":3,""target_overlap_units"":[""8307E"",""8391G"",""8397""],""url"":""https://thearborsatedenbridge.securecafe.com/onlineleasing/arbors-at-edenbridge-apartments-and-townhomes/availableunits.aspx""}]",unique_max_target_unit_overlap,https://thearborsatedenbridge.securecafe.com/onlineleasing/arbors-at-edenbridge-apartments-and-townhomes/availableunits.aspx,https://thearborsatedenbridge.securecafe.com/onlineleasing/arbors-at-edenbridge-apartments-and-townhomes/availableunits.aspx,200,,false,1,5,3,1.0,"[""8307E"",""8391G"",""8397""]"
local_current_live_audit_not_canary,2026-08-01T08:33:17.555214+00:00,48198,Regency Lakeside,https://www.morgan-properties.com/apartments/ne/omaha/regency-lakeside/,6,200,https://www.morgan-properties.com/apartments/ne/omaha/regency-lakeside/,,false,1,1,1,"[""https://regencylakesideapartments.securecafe.com/onlineleasing/regency-lakeside-apartment-homes""]","[{""base"":""https://regencylakesideapartments.securecafe.com/onlineleasing/regency-lakeside-apartment-homes"",""challenge_shell"":false,""error"":"""",""final_url"":""https://regencylakesideapartments.securecafe.com/onlineleasing/regency-lakeside-apartment-homes/availableunits.aspx"",""parsed_units"":26,""position"":0,""status"":200,""target_overlap_count"":5,""target_overlap_units"":[""A207"",""D502"",""E102"",""F405"",""H502""],""url"":""https://regencylakesideapartments.securecafe.com/onlineleasing/regency-lakeside-apartment-homes/availableunits.aspx""}]",unique_max_target_unit_overlap,https://regencylakesideapartments.securecafe.com/onlineleasing/regency-lakeside-apartment-homes/availableunits.aspx,https://regencylakesideapartments.securecafe.com/onlineleasing/regency-lakeside-apartment-homes/availableunits.aspx,200,,false,1,26,5,0.8333333333333334,"[""A207"",""D502"",""E102"",""F405"",""H502""]"
local_current_live_audit_not_canary,2026-08-01T08:33:17.555214+00:00,5157,The Sycamores,https://www.wm-thesycamores.com/,6,200,https://www.thesycamoresva.com/,,false,1,1,1,"[""https://thesycamoresva.securecafe.com/onlineleasing/the-sycamores""]","[{""base"":""https://thesycamoresva.securecafe.com/onlineleasing/the-sycamores"",""challenge_shell"":false,""error"":"""",""final_url"":""https://thesycamoresva.securecafe.com/onlineleasing/the-sycamores/availableunits.aspx"",""parsed_units"":10,""position"":0,""status"":200,""target_overlap_count"":6,""target_overlap_units"":[""00-304"",""04-202"",""07-102"",""09-203"",""13-202"",""21-204""],""url"":""https://thesycamoresva.securecafe.com/onlineleasing/the-sycamores/availableunits.aspx""}]",unique_max_target_unit_overlap,https://thesycamoresva.securecafe.com/onlineleasing/the-sycamores/availableunits.aspx,https://thesycamoresva.securecafe.com/onlineleasing/the-sycamores/availableunits.aspx,200,,false,1,10,6,1.0,"[""00-304"",""04-202"",""07-102"",""09-203"",""13-202"",""21-204""]"
local_current_live_audit_not_canary,2026-08-01T08:33:17.555214+00:00,51767,Lake Pointe,https://www.morgan-properties.com/apartments/in/portage/lake-pointe/,17,200,https://www.morgan-properties.com/apartments/in/portage/lake-pointe/,,false,1,1,1,"[""https://lakepointeapt.securecafe.com/onlineleasing/lake-pointe-apartment-homes""]","[{""base"":""https://lakepointeapt.securecafe.com/onlineleasing/lake-pointe-apartment-homes"",""challenge_shell"":false,""error"":"""",""final_url"":""https://lakepointeapt.securecafe.com/onlineleasing/lake-pointe-apartment-homes/availableunits.aspx"",""parsed_units"":20,""position"":0,""status"":200,""target_overlap_count"":17,""target_overlap_units"":[""34-1005"",""34-1207"",""34-1212"",""34-204"",""34-304"",""34-402"",""34-503"",""34-506"",""34-507"",""34-610"",""34-614"",""34-707"",""34-709"",""34-808"",""34-903"",""34-911"",""34-913""],""url"":""https://lakepointeapt.securecafe.com/onlineleasing/lake-pointe-apartment-homes/availableunits.aspx""}]",unique_max_target_unit_overlap,https://lakepointeapt.securecafe.com/onlineleasing/lake-pointe-apartment-homes/availableunits.aspx,https://lakepointeapt.securecafe.com/onlineleasing/lake-pointe-apartment-homes/availableunits.aspx,200,,false,1,20,17,1.0,"[""34-1005"",""34-1207"",""34-1212"",""34-204"",""34-304"",""34-402"",""34-503"",""34-506"",""34-507"",""34-610"",""34-614"",""34-707"",""34-709"",""34-808"",""34-903"",""34-911"",""34-913""]"
local_current_live_audit_not_canary,2026-08-01T08:33:17.555214+00:00,5356,The Pointe at Stafford,https://www.morgan-properties.com/apartments/va/stafford/the-pointe-at-stafford/,3,200,https://www.morgan-properties.com/apartments/va/stafford/the-pointe-at-stafford/,,false,1,1,1,"[""https://thepointeatstaffordapartments.securecafe.com/onlineleasing/the-pointe-at-stafford-apartment-homes""]","[{""base"":""https://thepointeatstaffordapartments.securecafe.com/onlineleasing/the-pointe-at-stafford-apartment-homes"",""challenge_shell"":false,""error"":"""",""final_url"":""https://thepointeatstaffordapartments.securecafe.com/onlineleasing/the-pointe-at-stafford-apartment-homes/availableunits.aspx"",""parsed_units"":7,""position"":0,""status"":200,""target_overlap_count"":3,""target_overlap_units"":[""202304"",""303204"",""400101""],""url"":""https://thepointeatstaffordapartments.securecafe.com/onlineleasing/the-pointe-at-stafford-apartment-homes/availableunits.aspx""}]",unique_max_target_unit_overlap,https://thepointeatstaffordapartments.securecafe.com/onlineleasing/the-pointe-at-stafford-apartment-homes/availableunits.aspx,https://thepointeatstaffordapartments.securecafe.com/onlineleasing/the-pointe-at-stafford-apartment-homes/availableunits.aspx,200,,false,1,7,3,1.0,"[""202304"",""303204"",""400101""]"
local_current_live_audit_not_canary,2026-08-01T08:33:17.555214+00:00,5974,Promenade at Aventura Apartments,https://www.promenadeataventuraapartments.com/,7,200,https://www.promenadeataventuraapartments.com/,,false,1,1,1,"[""https://promenadeataventuraapartments.securecafe.com/onlineleasing/promenade-at-aventura-apartments-0""]","[{""base"":""https://promenadeataventuraapartments.securecafe.com/onlineleasing/promenade-at-aventura-apartments-0"",""challenge_shell"":false,""error"":"""",""final_url"":""https://promenadeataventuraapartments.securecafe.com/onlineleasing/promenade-at-aventura-apartments-0/availableunits.aspx"",""parsed_units"":9,""position"":0,""status"":200,""target_overlap_count"":5,""target_overlap_units"":[""19256"",""19446"",""19626"",""19702"",""19730""],""url"":""https://promenadeataventuraapartments.securecafe.com/onlineleasing/promenade-at-aventura-apartments-0/availableunits.aspx""}]",unique_max_target_unit_overlap,https://promenadeataventuraapartments.securecafe.com/onlineleasing/promenade-at-aventura-apartments-0/availableunits.aspx,https://promenadeataventuraapartments.securecafe.com/onlineleasing/promenade-at-aventura-apartments-0/availableunits.aspx,200,,false,1,9,5,0.7142857142857143,"[""19256"",""19446"",""19626"",""19702"",""19730""]"
local_current_live_audit_not_canary,2026-08-01T08:33:17.555214+00:00,60750,The Meyden,http://www.themeydenbellevue.com/,9,200,https://www.themeydenbellevue.com/,,false,1,1,1,"[""https://themeydenbellevue.securecafe.com/onlineleasing/the-meyden""]","[{""base"":""https://themeydenbellevue.securecafe.com/onlineleasing/the-meyden"",""challenge_shell"":false,""error"":"""",""final_url"":""https://themeydenbellevue.securecafe.com/onlineleasing/the-meyden/availableunits.aspx"",""parsed_units"":20,""position"":0,""status"":200,""target_overlap_count"":9,""target_overlap_units"":[""221"",""332"",""352"",""368"",""411"",""451"",""459"",""543"",""570""],""url"":""https://themeydenbellevue.securecafe.com/onlineleasing/the-meyden/availableunits.aspx""}]",unique_max_target_unit_overlap,https://themeydenbellevue.securecafe.com/onlineleasing/the-meyden/availableunits.aspx,https://themeydenbellevue.securecafe.com/onlineleasing/the-meyden/availableunits.aspx,200,,false,1,20,9,1.0,"[""221"",""332"",""352"",""368"",""411"",""451"",""459"",""543"",""570""]"
local_current_live_audit_not_canary,2026-08-01T08:33:17.555214+00:00,62784,Waterford on Mainstreet,https://www.waterfordonmainstreet.com,14,200,https://waterfordonmainstreet.com/,,false,1,1,1,"[""https://waterfordonmainstreet.securecafe.com/onlineleasing/waterford-on-mainstreet-1""]","[{""base"":""https://waterfordonmainstreet.securecafe.com/onlineleasing/waterford-on-mainstreet-1"",""challenge_shell"":false,""error"":"""",""final_url"":""https://waterfordonmainstreet.securecafe.com/onlineleasing/waterford-on-mainstreet-1/availableunits.aspx"",""parsed_units"":25,""position"":0,""status"":200,""target_overlap_count"":14,""target_overlap_units"":[""1-206"",""2-101"",""2-301"",""3-204"",""3-301"",""5-101"",""5-203"",""5-214"",""5-312"",""6-306"",""7-202"",""9-212"",""9-302"",""9-309""],""url"":""https://waterfordonmainstreet.securecafe.com/onlineleasing/waterford-on-mainstreet-1/availableunits.aspx""}]",unique_max_target_unit_overlap,https://waterfordonmainstreet.securecafe.com/onlineleasing/waterford-on-mainstreet-1/availableunits.aspx,https://waterfordonmainstreet.securecafe.com/onlineleasing/waterford-on-mainstreet-1/availableunits.aspx,200,,false,1,25,14,1.0,"[""1-206"",""2-101"",""2-301"",""3-204"",""3-301"",""5-101"",""5-203"",""5-214"",""5-312"",""6-306"",""7-202"",""9-212"",""9-302"",""9-309""]"
local_current_live_audit_not_canary,2026-08-01T08:33:17.555214+00:00,62865,The Preserve at Milltown,https://www.morgan-properties.com/apartments/pa/downingtown/preserve-at-milltown/,12,200,https://www.morgan-properties.com/apartments/pa/downingtown/preserve-at-milltown/,,false,1,1,1,"[""https://preserveatmilltownapartments.securecafe.com/onlineleasing/the-preserve-at-milltown-apartment-homes""]","[{""base"":""https://preserveatmilltownapartments.securecafe.com/onlineleasing/the-preserve-at-milltown-apartment-homes"",""challenge_shell"":false,""error"":"""",""final_url"":""https://preserveatmilltownapartments.securecafe.com/onlineleasing/the-preserve-at-milltown-apartment-homes/availableunits.aspx"",""parsed_units"":21,""position"":0,""status"":200,""target_overlap_count"":12,""target_overlap_units"":[""A005"",""D127"",""E157"",""E159"",""F179"",""K349"",""Q224"",""R184"",""S158"",""T136"",""U110"",""W044""],""url"":""https://preserveatmilltownapartments.securecafe.com/onlineleasing/the-preserve-at-milltown-apartment-homes/availableunits.aspx""}]",unique_max_target_unit_overlap,https://preserveatmilltownapartments.securecafe.com/onlineleasing/the-preserve-at-milltown-apartment-homes/availableunits.aspx,https://preserveatmilltownapartments.securecafe.com/onlineleasing/the-preserve-at-milltown-apartment-homes/availableunits.aspx,200,,false,1,21,12,1.0,"[""A005"",""D127"",""E157"",""E159"",""F179"",""K349"",""Q224"",""R184"",""S158"",""T136"",""U110"",""W044""]"
local_current_live_audit_not_canary,2026-08-01T08:33:17.555214+00:00,65659,Point at Waterford Crossing,http://www.pointatwaterfordapartments.com/,1,200,https://www.pointatwaterfordapartments.com/,,false,1,1,1,"[""https://pointatwaterfordapartments.securecafe.com/onlineleasing/the-point-at-waterford-crossing""]","[{""base"":""https://pointatwaterfordapartments.securecafe.com/onlineleasing/the-point-at-waterford-crossing"",""challenge_shell"":false,""error"":"""",""final_url"":""https://pointatwaterfordapartments.securecafe.com/onlineleasing/the-point-at-waterford-crossing/availableunits.aspx"",""parsed_units"":4,""position"":0,""status"":200,""target_overlap_count"":1,""target_overlap_units"":[""H304""],""url"":""https://pointatwaterfordapartments.securecafe.com/onlineleasing/the-point-at-waterford-crossing/availableunits.aspx""}]",unique_max_target_unit_overlap,https://pointatwaterfordapartments.securecafe.com/onlineleasing/the-point-at-waterford-crossing/availableunits.aspx,https://pointatwaterfordapartments.securecafe.com/onlineleasing/the-point-at-waterford-crossing/availableunits.aspx,200,,false,1,4,1,1.0,"[""H304""]"
local_current_live_audit_not_canary,2026-08-01T08:33:17.555214+00:00,67527,Griffin Center City,https://griffinphilly.com/,11,200,https://griffinphilly.com/,,false,1,1,1,"[""https://griffinphilly.securecafe.com/onlineleasing/the-griffin-center-city""]","[{""base"":""https://griffinphilly.securecafe.com/onlineleasing/the-griffin-center-city"",""challenge_shell"":false,""error"":"""",""final_url"":""https://griffinphilly.securecafe.com/onlineleasing/the-griffin-center-city/availableunits.aspx"",""parsed_units"":20,""position"":0,""status"":200,""target_overlap_count"":11,""target_overlap_units"":[""0710"",""0809"",""0912"",""1103"",""1104"",""1112"",""1201"",""1203"",""1604"",""1611"",""1705""],""url"":""https://griffinphilly.securecafe.com/onlineleasing/the-griffin-center-city/availableunits.aspx""}]",unique_max_target_unit_overlap,https://griffinphilly.securecafe.com/onlineleasing/the-griffin-center-city/availableunits.aspx,https://griffinphilly.securecafe.com/onlineleasing/the-griffin-center-city/availableunits.aspx,200,,false,1,20,11,1.0,"[""0710"",""0809"",""0912"",""1103"",""1104"",""1112"",""1201"",""1203"",""1604"",""1611"",""1705""]"
local_current_live_audit_not_canary,2026-08-01T08:33:17.555214+00:00,68334,The Standard,http://thestandardsanjose.com/,3,200,https://thestandardsanjose.com/,,false,1,1,1,"[""https://thestandardsanjose.securecafe.com/onlineleasing/the-standard-ca-1""]","[{""base"":""https://thestandardsanjose.securecafe.com/onlineleasing/the-standard-ca-1"",""challenge_shell"":false,""error"":"""",""final_url"":""https://thestandardsanjose.securecafe.com/onlineleasing/the-standard-ca-1/availableunits.aspx"",""parsed_units"":5,""position"":0,""status"":200,""target_overlap_count"":3,""target_overlap_units"":[""205"",""439"",""441""],""url"":""https://thestandardsanjose.securecafe.com/onlineleasing/the-standard-ca-1/availableunits.aspx""}]",unique_max_target_unit_overlap,https://thestandardsanjose.securecafe.com/onlineleasing/the-standard-ca-1/availableunits.aspx,https://thestandardsanjose.securecafe.com/onlineleasing/the-standard-ca-1/availableunits.aspx,200,,false,1,5,3,1.0,"[""205"",""439"",""441""]"
local_current_live_audit_not_canary,2026-08-01T08:33:17.555214+00:00,68716,The Harrison Collection 330 Angelo Cifelli,https://ironstate.com/property/330-angelo-cifelli/,16,200,https://ironstate.com/property/330-angelo-cifelli/,,false,1,1,1,"[""https://ironstate.securecafe.com/onlineleasing/330-angelo-cifelli""]","[{""base"":""https://ironstate.securecafe.com/onlineleasing/330-angelo-cifelli"",""challenge_shell"":false,""error"":"""",""final_url"":""https://ironstate.securecafe.com/onlineleasing/330-angelo-cifelli/availableunits.aspx"",""parsed_units"":22,""position"":0,""status"":200,""target_overlap_count"":15,""target_overlap_units"":[""161"",""186"",""206"",""233"",""272"",""282"",""312"",""318"",""323"",""362"",""373"",""414"",""424"",""444"",""487""],""url"":""https://ironstate.securecafe.com/onlineleasing/330-angelo-cifelli/availableunits.aspx""}]",unique_max_target_unit_overlap,https://ironstate.securecafe.com/onlineleasing/330-angelo-cifelli/availableunits.aspx,https://ironstate.securecafe.com/onlineleasing/330-angelo-cifelli/availableunits.aspx,200,,false,1,22,15,0.9375,"[""161"",""186"",""206"",""233"",""272"",""282"",""312"",""318"",""323"",""362"",""373"",""414"",""424"",""444"",""487""]"
local_current_live_audit_not_canary,2026-08-01T08:33:17.555214+00:00,70586,Links at Forest Creek,www.rentforestcreek.com,2,200,http://www.rentforestcreek.com/,,false,1,1,0,[],[],no_candidate_portal,,,,,,,0,0,0.0,[]
local_current_live_audit_not_canary,2026-08-01T08:33:17.555214+00:00,70904,Place One,https://www.morgan-properties.com/apartments/pa/plymouth-meeting/place-one/,5,200,https://www.morgan-properties.com/apartments/pa/plymouth-meeting/place-one/,,false,1,1,1,"[""https://placeoneapts.securecafe.com/onlineleasing/place-one-apartment-homes""]","[{""base"":""https://placeoneapts.securecafe.com/onlineleasing/place-one-apartment-homes"",""challenge_shell"":false,""error"":"""",""final_url"":""https://placeoneapts.securecafe.com/onlineleasing/place-one-apartment-homes/availableunits.aspx"",""parsed_units"":19,""position"":0,""status"":200,""target_overlap_count"":5,""target_overlap_units"":[""1017"",""105"",""106"",""128"",""522""],""url"":""https://placeoneapts.securecafe.com/onlineleasing/place-one-apartment-homes/availableunits.aspx""}]",unique_max_target_unit_overlap,https://placeoneapts.securecafe.com/onlineleasing/place-one-apartment-homes/availableunits.aspx,https://placeoneapts.securecafe.com/onlineleasing/place-one-apartment-homes/availableunits.aspx,200,,false,1,19,5,1.0,"[""1017"",""105"",""106"",""128"",""522""]"
local_current_live_audit_not_canary,2026-08-01T08:33:17.555214+00:00,7370,Morganton Place,https://www.morgan-properties.com/apartments/nc/fayetteville/morganton-place/,7,200,https://www.morgan-properties.com/apartments/nc/fayetteville/morganton-place/,,false,1,1,1,"[""https://morgantonplaceapartments.securecafe.com/onlineleasing/morganton-place-0""]","[{""base"":""https://morgantonplaceapartments.securecafe.com/onlineleasing/morganton-place-0"",""challenge_shell"":false,""error"":"""",""final_url"":""https://morgantonplaceapartments.securecafe.com/onlineleasing/morganton-place-0/availableunits.aspx"",""parsed_units"":16,""position"":0,""status"":200,""target_overlap_count"":7,""target_overlap_units"":[""111-A"",""117-C"",""121-F"",""146-C"",""360-C"",""360-E"",""5646-F""],""url"":""https://morgantonplaceapartments.securecafe.com/onlineleasing/morganton-place-0/availableunits.aspx""}]",unique_max_target_unit_overlap,https://morgantonplaceapartments.securecafe.com/onlineleasing/morganton-place-0/availableunits.aspx,https://morgantonplaceapartments.securecafe.com/onlineleasing/morganton-place-0/availableunits.aspx,200,,false,1,16,7,1.0,"[""111-A"",""117-C"",""121-F"",""146-C"",""360-C"",""360-E"",""5646-F""]"
local_current_live_audit_not_canary,2026-08-01T08:33:17.555214+00:00,77054,Saratoga Crossing,https://www.morgan-properties.com/apartments/ny/farmington/saratoga-crossing/,11,200,https://www.morgan-properties.com/apartments/ny/farmington/saratoga-crossing/,,false,1,1,1,"[""https://saratogacrossingapts.securecafe.com/onlineleasing/saratoga-crossing-0""]","[{""base"":""https://saratogacrossingapts.securecafe.com/onlineleasing/saratoga-crossing-0"",""challenge_shell"":false,""error"":"""",""final_url"":""https://saratogacrossingapts.securecafe.com/onlineleasing/saratoga-crossing-0/availableunits.aspx"",""parsed_units"":17,""position"":0,""status"":200,""target_overlap_count"":10,""target_overlap_units"":[""16-6389"",""22-6495"",""28-6196"",""41-1145"",""47-1100"",""57-6440"",""59-6500"",""6406"",""6410"",""6412""],""url"":""https://saratogacrossingapts.securecafe.com/onlineleasing/saratoga-crossing-0/availableunits.aspx""}]",unique_max_target_unit_overlap,https://saratogacrossingapts.securecafe.com/onlineleasing/saratoga-crossing-0/availableunits.aspx,https://saratogacrossingapts.securecafe.com/onlineleasing/saratoga-crossing-0/availableunits.aspx,200,,false,1,17,10,0.9090909090909091,"[""16-6389"",""22-6495"",""28-6196"",""41-1145"",""47-1100"",""57-6440"",""59-6500"",""6406"",""6410"",""6412""]"
local_current_live_audit_not_canary,2026-08-01T08:33:17.555214+00:00,7744,Ascent Apartment Homes,https://www.ascentapthomesut.com/,5,200,https://www.ascentapthomesut.com/,,false,1,1,1,"[""https://ascentapthomesut.securecafe.com/onlineleasing/ascent-apartments5""]","[{""base"":""https://ascentapthomesut.securecafe.com/onlineleasing/ascent-apartments5"",""challenge_shell"":false,""error"":"""",""final_url"":""https://ascentapthomesut.securecafe.com/onlineleasing/ascent-apartments5/availableunits.aspx"",""parsed_units"":8,""position"":0,""status"":200,""target_overlap_count"":5,""target_overlap_units"":[""110921"",""113722"",""113912"",""114321"",""114322""],""url"":""https://ascentapthomesut.securecafe.com/onlineleasing/ascent-apartments5/availableunits.aspx""}]",unique_max_target_unit_overlap,https://ascentapthomesut.securecafe.com/onlineleasing/ascent-apartments5/availableunits.aspx,https://ascentapthomesut.securecafe.com/onlineleasing/ascent-apartments5/availableunits.aspx,200,,false,1,8,5,1.0,"[""110921"",""113722"",""113912"",""114321"",""114322""]"
local_current_live_audit_not_canary,2026-08-01T08:33:17.555214+00:00,78956,Redwood Tipp City,https://www.byredwood.com/apartments/oh/tipp-city/redwood-tipp-city/index.aspx?_yTrackUser=NjIxNjkzMzg5IzE0NTYxODg2MjI%3d-kHnq9BpWo8I%3d&_yTrackVisit=MTE0MTU4NTEwMyMxNzI5MDU1OTEx-vgtN9tu3XkY%3d&_yTrackReqDT=54121520192609,9,200,https://www.byredwood.com/apartments/oh/tipp-city/redwood-tipp-city/index?_yTrackUser=NjIxNjkzMzg5IzE0NTYxODg2MjI%3d-kHnq9BpWo8I%3d&_yTrackVisit=MTE0MTU4NTEwMyMxNzI5MDU1OTEx-vgtN9tu3XkY%3d&_yTrackReqDT=54121520192609,,false,1,1,1,"[""https://byredwood.securecafe.com/onlineleasing/redwood-tipp-city""]","[{""base"":""https://byredwood.securecafe.com/onlineleasing/redwood-tipp-city"",""challenge_shell"":false,""error"":"""",""final_url"":""https://byredwood.securecafe.com/onlineleasing/redwood-tipp-city/availableunits.aspx"",""parsed_units"":16,""position"":0,""status"":200,""target_overlap_count"":9,""target_overlap_units"":[""4116"",""4139"",""5223"",""5233"",""8519G"",""8531F"",""9584S"",""9622K"",""9641B""],""url"":""https://byredwood.securecafe.com/onlineleasing/redwood-tipp-city/availableunits.aspx""}]",unique_max_target_unit_overlap,https://byredwood.securecafe.com/onlineleasing/redwood-tipp-city/availableunits.aspx,https://byredwood.securecafe.com/onlineleasing/redwood-tipp-city/availableunits.aspx,200,,false,1,16,9,1.0,"[""4116"",""4139"",""5223"",""5233"",""8519G"",""8531F"",""9584S"",""9622K"",""9641B""]"
local_current_live_audit_not_canary,2026-08-01T08:33:17.555214+00:00,97588,The Landings at Meadowood I,https://www.morgan-properties.com/apartments/ny/baldwinsville/the-landings-at-meadowood/,8,200,https://www.morgan-properties.com/apartments/ny/baldwinsville/the-landings-at-meadowood/,,false,1,1,1,"[""https://landingsatmeadowood.securecafe.com/onlineleasing/baldwinsville""]","[{""base"":""https://landingsatmeadowood.securecafe.com/onlineleasing/baldwinsville"",""challenge_shell"":false,""error"":"""",""final_url"":""https://landingsatmeadowood.securecafe.com/onlineleasing/baldwinsville/availableunits.aspx"",""parsed_units"":8,""position"":0,""status"":200,""target_overlap_count"":8,""target_overlap_units"":[""215-09"",""216-15"",""217-07"",""217-20"",""217-25"",""218-24"",""310-21"",""312-18""],""url"":""https://landingsatmeadowood.securecafe.com/onlineleasing/baldwinsville/availableunits.aspx""}]",unique_max_target_unit_overlap,https://landingsatmeadowood.securecafe.com/onlineleasing/baldwinsville/availableunits.aspx,https://landingsatmeadowood.securecafe.com/onlineleasing/baldwinsville/availableunits.aspx,200,,false,1,8,8,1.0,"[""215-09"",""216-15"",""217-07"",""217-20"",""217-25"",""218-24"",""310-21"",""312-18""]"
local_current_live_audit_not_canary,2026-08-01T08:33:17.555214+00:00,98191,Timber,https://www.sparkboulderapts.com/timber,1,200,https://www.sparkboulderapts.com/timber,,false,1,1,1,"[""https://sparkboulderapts.securecafe.com/onlineleasing/s-park-list""]","[{""base"":""https://sparkboulderapts.securecafe.com/onlineleasing/s-park-list"",""challenge_shell"":false,""error"":"""",""final_url"":""https://sparkboulderapts.securecafe.com/onlineleasing/s-park-list/availableunits.aspx"",""parsed_units"":23,""position"":0,""status"":200,""target_overlap_count"":1,""target_overlap_units"":[""325""],""url"":""https://sparkboulderapts.securecafe.com/onlineleasing/s-park-list/availableunits.aspx""}]",unique_max_target_unit_overlap,https://sparkboulderapts.securecafe.com/onlineleasing/s-park-list/availableunits.aspx,https://sparkboulderapts.securecafe.com/onlineleasing/s-park-list/availableunits.aspx,200,,false,1,23,1,1.0,"[""325""]"
